# BigFishA (Khronos Aquarium)
# textures: {"normalMap":"BigFishA_NM.png","diffuse":"BigFishA_DM.jpg"}
v 1.361440 -1.419010 4.014350
v 1.221840 -1.521570 3.494660
v 2.093850 -1.843040 3.315360
v 0.465543 1.471350 -0.327540
v 0.401238 1.150030 -1.933320
v 0.000000 1.555900 -0.659880
v 0.000000 1.555900 -0.659880
v 0.401238 1.150030 -1.933320
v 0.000000 1.301810 -1.972920
v 0.000000 0.197127 9.905800
v 0.000000 -0.128659 9.652830
v 0.115473 0.222857 9.792120
v 0.115473 0.222857 9.792120
v 0.000000 -0.128659 9.652830
v 0.300754 -0.146927 9.553260
v 0.254506 -0.595580 8.656880
v 0.300754 -0.146927 9.553260
v 0.000000 -0.587702 8.681010
v 0.000000 -0.587702 8.681010
v 0.300754 -0.146927 9.553260
v 0.000000 -0.128659 9.652830
v 2.093850 -1.843040 3.315360
v 1.587230 -1.893570 1.919470
v 1.945920 -2.002870 2.160320
v 0.000000 -1.693080 4.587890
v 0.000000 -1.740490 3.990570
v 0.513637 -1.615890 4.591010
v 0.513637 -1.615890 4.591010
v 0.000000 -1.740490 3.990570
v 0.536007 -1.682030 3.983730
v 0.000000 -1.912770 2.431540
v 0.000000 -1.895680 0.917925
v 0.580334 -1.851870 2.401230
v 0.580334 -1.851870 2.401230
v 0.000000 -1.895680 0.917925
v 0.524441 -1.858870 0.913229
v 0.000000 -1.083870 -3.881320
v 0.230930 -1.113910 -3.576000
v 0.000000 -1.428400 -2.174460
v 0.000000 -1.428400 -2.174460
v 0.230930 -1.113910 -3.576000
v 0.099983 -1.433530 -2.174570
v 0.361237 -0.952319 8.316480
v 0.222452 -1.036540 8.327240
v 0.833517 -1.105130 7.582250
v 0.833517 -1.105130 7.582250
v 0.222452 -1.036540 8.327240
v 0.466075 -1.314370 7.377870
v 1.524310 0.757069 4.177320
v 1.021790 1.266630 2.039850
v 0.573310 1.608390 4.032790
v 0.573310 1.608390 4.032790
v 1.021790 1.266630 2.039850
v 0.555429 1.632730 2.322210
v 0.230930 -1.113910 -3.576000
v 0.798826 -0.713690 -3.505460
v 0.804869 -1.337080 -1.925460
v 0.519676 -0.648626 -5.093560
v 0.577082 0.007909 -5.104940
v 0.798826 -0.713690 -3.505460
v 0.798826 -0.713690 -3.505460
v 0.577082 0.007909 -5.104940
v 0.775682 0.283270 -3.579920
v 4.422260 -3.561950 1.417200
v 4.305210 -3.467680 1.923340
v 4.385160 -3.622160 1.433370
v 1.224130 -0.413576 -0.402605
v 0.896045 1.083570 -0.248865
v 1.468850 -0.376550 0.826653
v 1.468850 -0.376550 0.826653
v 0.896045 1.083570 -0.248865
v 0.994886 1.213170 0.910056
v 0.536007 -1.682030 3.983730
v 1.361440 -1.419010 4.014350
v 0.513637 -1.615890 4.591010
v 0.513637 -1.615890 4.591010
v 1.361440 -1.419010 4.014350
v 1.509170 -1.249950 4.548720
v 2.533810 -1.707350 3.449160
v 1.650880 -1.149030 3.796530
v 2.614900 -1.942010 3.985090
v 2.614900 -1.942010 3.985090
v 1.650880 -1.149030 3.796530
v 1.641190 -1.035750 4.449610
v 0.000000 -1.800880 3.343030
v 0.000000 -1.912770 2.431540
v 0.528389 -1.743430 3.341320
v 0.528389 -1.743430 3.341320
v 0.000000 -1.912770 2.431540
v 0.580334 -1.851870 2.401230
v 0.466075 -1.314370 7.377870
v 0.222452 -1.036540 8.327240
v 0.000000 -1.323610 7.508850
v 0.000000 -1.323610 7.508850
v 0.222452 -1.036540 8.327240
v 0.000000 -1.057990 8.345850
v 0.580334 -1.851870 2.401230
v 1.181750 -1.546770 3.174460
v 0.528389 -1.743430 3.341320
v 0.528389 -1.743430 3.341320
v 1.181750 -1.546770 3.174460
v 1.221840 -1.521570 3.494660
v 2.093850 -1.843040 3.315360
v 1.345250 -1.571220 2.957480
v 1.587230 -1.893570 1.919470
v 1.587230 -1.893570 1.919470
v 1.345250 -1.571220 2.957480
v 1.348800 -1.745610 2.049020
v 1.221840 -1.521570 3.494660
v 1.181750 -1.546770 3.174460
v 2.093850 -1.843040 3.315360
v 1.181750 -1.546770 3.174460
v 1.345250 -1.571220 2.957480
v 2.093850 -1.843040 3.315360
v 0.000000 1.799990 2.218600
v 0.000000 1.782100 2.642970
v 0.234718 1.803300 2.109030
v 0.234718 1.803300 2.109030
v 0.000000 1.782100 2.642970
v 0.555429 1.632730 2.322210
v 0.000000 2.915760 1.334070
v 0.092942 3.468110 0.458014
v 0.000000 3.606700 0.628972
v 0.000000 3.606700 0.628972
v 0.046096 3.705830 0.057534
v 0.000000 3.812270 0.053979
v 0.323443 -0.626317 -6.089630
v 0.213804 -0.888933 -5.025180
v 0.007221 -0.919589 -5.512300
v 0.092942 3.468110 0.458014
v 0.068729 2.092040 -0.170079
v 0.000000 3.265870 0.037946
v 0.046096 3.705830 0.057534
v 0.000000 3.265870 0.037946
v 0.000000 3.704210 -0.065000
v 0.177916 -0.442194 -7.290760
v 0.141805 -0.552321 -7.505410
v 0.252004 -0.128255 -7.423410
v 0.092942 3.468110 0.458014
v 0.046096 3.705830 0.057534
v 0.000000 3.606700 0.628972
v 1.468850 -0.376550 0.826653
v 1.468090 -1.196150 0.815063
v 1.224130 -0.413576 -0.402605
v 1.224130 -0.413576 -0.402605
v 1.468090 -1.196150 0.815063
v 1.122440 -1.231120 -0.460743
v 0.000000 1.618910 -0.646670
v 0.000000 1.677490 -0.649477
v 0.028593 1.674380 -0.542029
v 0.201734 2.423790 1.189390
v 0.234718 1.803300 2.109030
v 0.437251 1.742860 0.981201
v 0.234718 1.803300 2.109030
v 0.000000 2.915760 1.334070
v 0.000000 1.799990 2.218600
v 0.623478 -1.616090 -2.356010
v 1.134440 -1.851160 -2.058470
v 0.414326 -1.662570 -1.839280
v 0.414326 -1.662570 -1.839280
v 1.134440 -1.851160 -2.058470
v 0.786652 -1.737850 -1.565020
v 0.479722 0.643294 8.564870
v 0.000000 0.770978 8.410530
v 0.115473 0.222857 9.792120
v 0.115473 0.222857 9.792120
v 0.000000 0.770978 8.410530
v 0.000000 0.197127 9.905800
v 0.000000 -0.579293 -7.373220
v 0.000000 -1.822320 -8.697660
v 0.141805 -0.552321 -7.505410
v 0.141805 -0.552321 -7.505410
v 0.000000 -1.822320 -8.697660
v 0.097358 -1.617140 -8.955300
v 0.022889 -2.318390 -9.857750
v 0.097358 -1.617140 -8.955300
v 0.000000 -2.374400 -9.831170
v 0.000000 -2.374400 -9.831170
v 0.097358 -1.617140 -8.955300
v 0.000000 -1.822320 -8.697660
v 2.837890 -2.535890 1.908700
v 2.933610 -2.444800 2.034880
v 3.638790 -3.100950 1.569780
v 3.638790 -3.100950 1.569780
v 2.933610 -2.444800 2.034880
v 3.746910 -3.042760 1.635720
v 0.786652 -1.737850 -1.565020
v 1.134440 -1.851160 -2.058470
v 0.824635 -1.587780 -1.606200
v 0.022889 -2.318390 -9.857750
v 0.000000 -2.374400 -9.831170
v 0.000000 -2.187540 -9.910580
v 0.099174 1.319870 -9.517120
v 0.000000 0.048523 -9.245360
v 0.000000 1.052250 -9.853120
v 0.000000 1.879160 -10.317100
v 0.063197 1.848440 -10.313500
v 0.000000 1.725110 -10.353100
v 1.524310 0.757069 4.177320
v 0.573310 1.608390 4.032790
v 0.917093 0.397033 8.348200
v 0.917093 0.397033 8.348200
v 0.573310 1.608390 4.032790
v 0.479722 0.643294 8.564870
v 0.063197 1.848440 -10.313500
v 0.000000 1.834670 -10.604300
v 0.016198 2.095830 -10.593400
v 0.000000 2.086360 -10.610300
v 0.016198 2.095830 -10.593400
v 0.000000 1.834670 -10.604300
v 0.000000 2.160050 -9.956480
v 0.099174 1.319870 -9.517120
v 0.063197 1.848440 -10.313500
v 0.994886 1.213170 0.910056
v 0.896045 1.083570 -0.248865
v 0.587621 1.562550 0.966803
v 0.587621 1.562550 0.966803
v 0.896045 1.083570 -0.248865
v 0.465543 1.471350 -0.327540
v 3.473630 -2.596750 3.357220
v 4.190280 -3.304630 2.367060
v 3.358180 -2.399080 2.869530
v 3.358180 -2.399080 2.869530
v 4.190280 -3.304630 2.367060
v 4.027210 -3.094290 2.036980
v 0.000000 2.160050 -9.956480
v 0.063197 1.848440 -10.313500
v 0.000000 2.347970 -10.334600
v 0.000000 2.347970 -10.334600
v 0.063197 1.848440 -10.313500
v 0.016198 2.095830 -10.593400
v 0.028593 1.674380 -0.542029
v 0.000000 1.672750 -0.163905
v 0.000000 1.618910 -0.646670
v 0.833517 -1.105130 7.582250
v 0.675307 -0.762467 8.123750
v 0.361237 -0.952319 8.316480
v 0.361237 -0.952319 8.316480
v 0.675307 -0.762467 8.123750
v 0.419455 -0.850117 8.360360
v 0.648607 -1.497380 -2.333060
v 0.146514 -1.442920 -2.245290
v 0.365357 -1.384550 -2.121840
v 0.365357 -1.384550 -2.121840
v 0.146514 -1.442920 -2.245290
v 0.099983 -1.433530 -2.174570
v 0.252004 -0.128255 -7.423410
v 0.165579 -0.071747 -7.942440
v 0.000000 0.143914 -7.397800
v 0.068729 2.092040 -0.170079
v 0.028593 1.674380 -0.542029
v 0.000000 2.090200 -0.221037
v 0.000000 2.090200 -0.221037
v 0.028593 1.674380 -0.542029
v 0.000000 1.677490 -0.649477
v 0.231316 0.565819 -4.153090
v 0.000000 0.658551 -4.066910
v 0.401238 1.150030 -1.933320
v 0.401238 1.150030 -1.933320
v 0.000000 0.658551 -4.066910
v 0.000000 1.301810 -1.972920
v 0.810626 0.750833 -1.891710
v 0.775682 0.283270 -3.579920
v 0.401238 1.150030 -1.933320
v 0.401238 1.150030 -1.933320
v 0.775682 0.283270 -3.579920
v 0.231316 0.565819 -4.153090
v 0.165579 -0.071747 -7.942440
v 0.252004 -0.128255 -7.423410
v 0.141805 -0.552321 -7.505410
v 0.000000 -1.577080 -1.847310
v 0.272199 -1.670870 -1.731720
v 0.000000 -1.703370 -1.526010
v 0.000000 -1.855460 -0.523059
v 0.579827 -1.801830 -0.464017
v 0.000000 -1.895680 0.917925
v 0.000000 -1.895680 0.917925
v 0.579827 -1.801830 -0.464017
v 0.524441 -1.858870 0.913229
v 0.555429 1.632730 2.322210
v 0.000000 1.782100 2.642970
v 0.573310 1.608390 4.032790
v 0.573310 1.608390 4.032790
v 0.000000 1.782100 2.642970
v 0.000000 1.729920 4.039230
v 0.000000 0.143914 -7.397800
v 0.099174 1.319870 -9.517120
v 0.000000 1.706400 -9.222440
v 0.000000 3.704210 -0.065000
v 0.000000 3.812270 0.053979
v 0.046096 3.705830 0.057534
v 0.201734 2.423790 1.189390
v 0.092942 3.468110 0.458014
v 0.000000 2.915760 1.334070
v 0.099174 1.319870 -9.517120
v 0.000000 0.143914 -7.397800
v 0.165579 -0.071747 -7.942440
v 0.000000 -0.901698 8.469720
v 0.000000 -1.057990 8.345850
v 0.149581 -0.884123 8.454160
v 0.149581 -0.884123 8.454160
v 0.000000 -1.057990 8.345850
v 0.222452 -1.036540 8.327240
v 0.201734 2.423790 1.189390
v 0.437251 1.742860 0.981201
v 0.068729 2.092040 -0.170079
v 0.068729 2.092040 -0.170079
v 0.437251 1.742860 0.981201
v 0.120502 1.779550 -0.048417
v 0.775682 0.283270 -3.579920
v 0.577082 0.007909 -5.104940
v 0.231316 0.565819 -4.153090
v 0.231316 0.565819 -4.153090
v 0.577082 0.007909 -5.104940
v 0.070645 0.425955 -5.114140
v 2.933610 -2.444800 2.034880
v 2.837890 -2.535890 1.908700
v 2.158480 -1.849350 2.402100
v 2.158480 -1.849350 2.402100
v 2.837890 -2.535890 1.908700
v 1.945920 -2.002870 2.160320
v 0.824635 -1.587780 -1.606200
v 1.134440 -1.851160 -2.058470
v 0.726058 -1.433390 -1.908880
v 0.726058 -1.433390 -1.908880
v 1.134440 -1.851160 -2.058470
v 0.648607 -1.497380 -2.333060
v 1.550920 -0.127272 1.949960
v 1.667290 0.071012 3.654150
v 1.579370 -0.971017 1.992170
v 1.579370 -0.971017 1.992170
v 1.667290 0.071012 3.654150
v 1.677100 -0.644853 4.072360
v 0.804869 -1.337080 -1.925460
v 1.129580 -0.411297 -1.798300
v 1.122440 -1.231120 -0.460743
v 1.122440 -1.231120 -0.460743
v 1.129580 -0.411297 -1.798300
v 1.224130 -0.413576 -0.402605
v 4.422260 -3.561950 1.417200
v 4.027210 -3.094290 2.036980
v 4.305210 -3.467680 1.923340
v 3.358180 -2.399080 2.869530
v 2.533810 -1.707350 3.449160
v 3.473630 -2.596750 3.357220
v 3.473630 -2.596750 3.357220
v 2.533810 -1.707350 3.449160
v 2.614900 -1.942010 3.985090
v 0.943752 -0.538787 7.655020
v 0.933857 -0.579979 7.603580
v 1.053240 -0.570486 7.596060
v 0.648607 -1.497380 -2.333060
v 0.365357 -1.384550 -2.121840
v 0.726058 -1.433390 -1.908880
v 0.833517 -1.105130 7.582250
v 1.509170 -1.249950 4.548720
v 1.179770 -0.440693 7.432310
v 1.134440 -1.851160 -2.058470
v 0.623478 -1.616090 -2.356010
v 1.220860 -2.009780 -2.617450
v 4.333890 -3.612120 1.233370
v 4.385160 -3.622160 1.433370
v 3.638790 -3.100950 1.569780
v 3.638790 -3.100950 1.569780
v 4.385160 -3.622160 1.433370
v 3.961390 -3.220980 2.082150
v 2.837890 -2.535890 1.908700
v 3.271310 -2.592200 2.967620
v 1.945920 -2.002870 2.160320
v 1.945920 -2.002870 2.160320
v 3.271310 -2.592200 2.967620
v 2.093850 -1.843040 3.315360
v 3.638790 -3.100950 1.569780
v 3.961390 -3.220980 2.082150
v 2.837890 -2.535890 1.908700
v 2.837890 -2.535890 1.908700
v 3.961390 -3.220980 2.082150
v 3.271310 -2.592200 2.967620
v 3.746910 -3.042760 1.635720
v 2.933610 -2.444800 2.034880
v 4.027210 -3.094290 2.036980
v 4.027210 -3.094290 2.036980
v 2.933610 -2.444800 2.034880
v 3.358180 -2.399080 2.869530
v 0.000000 0.048523 -9.245360
v 0.097358 -1.617140 -8.955300
v 0.000000 -1.304860 -9.387430
v 0.222452 -1.036540 8.327240
v 0.361237 -0.952319 8.316480
v 0.149581 -0.884123 8.454160
v 0.149581 -0.884123 8.454160
v 0.361237 -0.952319 8.316480
v 0.419455 -0.850117 8.360360
v 1.509170 -1.249950 4.548720
v 2.614900 -1.942010 3.985090
v 1.641190 -1.035750 4.449610
v 4.370630 -3.548610 1.215020
v 4.333890 -3.612120 1.233370
v 3.746910 -3.042760 1.635720
v 3.746910 -3.042760 1.635720
v 4.333890 -3.612120 1.233370
v 3.638790 -3.100950 1.569780
v 4.385160 -3.622160 1.433370
v 4.333890 -3.612120 1.233370
v 4.422260 -3.561950 1.417200
v 4.422260 -3.561950 1.417200
v 4.333890 -3.612120 1.233370
v 4.370630 -3.548610 1.215020
v 1.348800 -1.745610 2.049020
v 1.759880 -1.685700 2.390580
v 1.587230 -1.893570 1.919470
v 1.587230 -1.893570 1.919470
v 1.759880 -1.685700 2.390580
v 1.945920 -2.002870 2.160320
v 1.945920 -2.002870 2.160320
v 1.759880 -1.685700 2.390580
v 2.158480 -1.849350 2.402100
v 1.345250 -1.571220 2.957480
v 1.181750 -1.546770 3.174460
v 1.385790 -1.404070 3.061110
v 0.524441 -1.858870 0.913229
v 0.992516 -1.665510 -0.424067
v 1.468090 -1.196150 0.815063
v 1.468090 -1.196150 0.815063
v 1.579370 -0.971017 1.992170
v 0.524441 -1.858870 0.913229
v 0.524441 -1.858870 0.913229
v 1.579370 -0.971017 1.992170
v 0.580334 -1.851870 2.401230
v 2.933610 -2.444800 2.034880
v 2.158480 -1.849350 2.402100
v 3.358180 -2.399080 2.869530
v 3.358180 -2.399080 2.869530
v 2.158480 -1.849350 2.402100
v 2.533810 -1.707350 3.449160
v 1.345250 -1.571220 2.957480
v 1.759880 -1.685700 2.390580
v 1.348800 -1.745610 2.049020
v 1.579370 -0.971017 1.992170
v 1.385790 -1.404070 3.061110
v 0.580334 -1.851870 2.401230
v 0.580334 -1.851870 2.401230
v 1.385790 -1.404070 3.061110
v 1.181750 -1.546770 3.174460
v 1.579370 -0.971017 1.992170
v 1.677100 -0.644853 4.072360
v 1.385790 -1.404070 3.061110
v 1.385790 -1.404070 3.061110
v 1.677100 -0.644853 4.072360
v 1.650880 -1.149030 3.796530
v 0.648607 -1.497380 -2.333060
v 1.134440 -1.851160 -2.058470
v 1.220860 -2.009780 -2.617450
v 0.252004 -0.128255 -7.423410
v 0.446644 -0.074000 -6.267910
v 0.177916 -0.442194 -7.290760
v 0.177916 -0.442194 -7.290760
v 0.446644 -0.074000 -6.267910
v 0.323443 -0.626317 -6.089630
v 1.345250 -1.571220 2.957480
v 1.385790 -1.404070 3.061110
v 2.533810 -1.707350 3.449160
v 1.385790 -1.404070 3.061110
v 1.650880 -1.149030 3.796530
v 2.533810 -1.707350 3.449160
v 0.022889 -2.318390 -9.857750
v 0.000000 -2.187540 -9.910580
v 0.097358 -1.617140 -8.955300
v 0.097358 -1.617140 -8.955300
v 0.000000 -2.187540 -9.910580
v 0.000000 -1.304860 -9.387430
v 1.641190 -1.035750 4.449610
v 1.179770 -0.440693 7.432310
v 1.509170 -1.249950 4.548720
v 1.015660 -0.491906 7.785990
v 1.137060 -0.328395 7.704760
v 0.300754 -0.146927 9.553260
v 0.726058 -1.433390 -1.908880
v 0.365357 -1.384550 -2.121840
v 0.804869 -1.337080 -1.925460
v 4.190280 -3.304630 2.367060
v 3.961390 -3.220980 2.082150
v 4.305210 -3.467680 1.923340
v 4.305210 -3.467680 1.923340
v 3.961390 -3.220980 2.082150
v 4.385160 -3.622160 1.433370
v 3.473630 -2.596750 3.357220
v 2.614900 -1.942010 3.985090
v 3.271310 -2.592200 2.967620
v 3.271310 -2.592200 2.967620
v 2.614900 -1.942010 3.985090
v 2.093850 -1.843040 3.315360
v 3.473630 -2.596750 3.357220
v 3.271310 -2.592200 2.967620
v 4.190280 -3.304630 2.367060
v 4.190280 -3.304630 2.367060
v 3.271310 -2.592200 2.967620
v 3.961390 -3.220980 2.082150
v 0.497080 -0.572332 8.443470
v 0.831210 -0.501236 8.120850
v 0.300754 -0.146927 9.553260
v 2.093850 -1.843040 3.315360
v 2.614900 -1.942010 3.985090
v 1.361440 -1.419010 4.014350
v 1.361440 -1.419010 4.014350
v 2.614900 -1.942010 3.985090
v 1.509170 -1.249950 4.548720
v 0.000000 1.052250 -9.853120
v 0.000000 1.725110 -10.353100
v 0.099174 1.319870 -9.517120
v 0.786652 -1.737850 -1.565020
v 0.824635 -1.587780 -1.606200
v 0.992516 -1.665510 -0.424067
v 0.992516 -1.665510 -0.424067
v 0.824635 -1.587780 -1.606200
v 1.122440 -1.231120 -0.460743
v 0.519676 -0.648626 -5.093560
v 0.323443 -0.626317 -6.089630
v 0.577082 0.007909 -5.104940
v 0.577082 0.007909 -5.104940
v 0.323443 -0.626317 -6.089630
v 0.446644 -0.074000 -6.267910
v 0.414326 -1.662570 -1.839280
v 0.786652 -1.737850 -1.565020
v 0.272199 -1.670870 -1.731720
v 0.272199 -1.670870 -1.731720
v 0.786652 -1.737850 -1.565020
v 0.992516 -1.665510 -0.424067
v 1.677100 -0.644853 4.072360
v 1.179770 -0.440693 7.432310
v 1.641190 -1.035750 4.449610
v 0.068729 2.092040 -0.170079
v 0.120502 1.779550 -0.048417
v 0.028593 1.674380 -0.542029
v 1.524310 0.757069 4.177320
v 0.917093 0.397033 8.348200
v 1.137060 -0.328395 7.704760
v 0.804869 -1.337080 -1.925460
v 0.798826 -0.713690 -3.505460
v 1.129580 -0.411297 -1.798300
v 1.550920 -0.127272 1.949960
v 1.579370 -0.971017 1.992170
v 1.468850 -0.376550 0.826653
v 1.468850 -0.376550 0.826653
v 1.579370 -0.971017 1.992170
v 1.468090 -1.196150 0.815063
v 4.370630 -3.548610 1.215020
v 3.746910 -3.042760 1.635720
v 4.422260 -3.561950 1.417200
v 4.422260 -3.561950 1.417200
v 3.746910 -3.042760 1.635720
v 4.027210 -3.094290 2.036980
v 1.677100 -0.644853 4.072360
v 1.524310 0.757069 4.177320
v 1.179770 -0.440693 7.432310
v 1.179770 -0.440693 7.432310
v 1.524310 0.757069 4.177320
v 1.137060 -0.328395 7.704760
v 0.115473 0.222857 9.792120
v 0.300754 -0.146927 9.553260
v 0.479722 0.643294 8.564870
v 0.479722 0.643294 8.564870
v 0.300754 -0.146927 9.553260
v 0.917093 0.397033 8.348200
v 0.579827 -1.801830 -0.464017
v 0.272199 -1.670870 -1.731720
v 0.992516 -1.665510 -0.424067
v 1.524310 0.757069 4.177320
v 1.677100 -0.644853 4.072360
v 1.667290 0.071012 3.654150
v 4.190280 -3.304630 2.367060
v 4.305210 -3.467680 1.923340
v 4.027210 -3.094290 2.036980
v 0.000000 2.347970 -10.334600
v 0.016198 2.095830 -10.593400
v 0.000000 2.501090 -10.952700
v 0.994886 1.213170 0.910056
v 0.587621 1.562550 0.966803
v 1.021790 1.266630 2.039850
v 1.021790 1.266630 2.039850
v 0.587621 1.562550 0.966803
v 0.555429 1.632730 2.322210
v 0.513637 -1.615890 4.591010
v 0.466075 -1.314370 7.377870
v 0.000000 -1.693080 4.587890
v 0.000000 -1.693080 4.587890
v 0.466075 -1.314370 7.377870
v 0.000000 -1.323610 7.508850
v 0.000000 1.879160 -10.317100
v 0.000000 1.834670 -10.604300
v 0.063197 1.848440 -10.313500
v 0.000000 2.086360 -10.610300
v 0.000000 2.501090 -10.952700
v 0.016198 2.095830 -10.593400
v 0.213804 -0.888933 -5.025180
v 0.519676 -0.648626 -5.093560
v 0.230930 -1.113910 -3.576000
v 0.230930 -1.113910 -3.576000
v 0.519676 -0.648626 -5.093560
v 0.798826 -0.713690 -3.505460
v 0.648607 -1.497380 -2.333060
v 1.220860 -2.009780 -2.617450
v 0.736669 -1.578890 -2.676620
v 0.323443 -0.626317 -6.089630
v 0.519676 -0.648626 -5.093560
v 0.213804 -0.888933 -5.025180
v 0.804869 -1.337080 -1.925460
v 0.365357 -1.384550 -2.121840
v 0.230930 -1.113910 -3.576000
v 0.099983 -1.433530 -2.174570
v 0.230930 -1.113910 -3.576000
v 0.365357 -1.384550 -2.121840
v 0.146514 -1.442920 -2.245290
v 0.623478 -1.616090 -2.356010
v 0.414326 -1.662570 -1.839280
v 0.141805 -0.552321 -7.505410
v 0.097358 -1.617140 -8.955300
v 0.165579 -0.071747 -7.942440
v 0.063197 1.848440 -10.313500
v 0.099174 1.319870 -9.517120
v 0.000000 1.725110 -10.353100
v 0.798826 -0.713690 -3.505460
v 0.775682 0.283270 -3.579920
v 1.129580 -0.411297 -1.798300
v 1.129580 -0.411297 -1.798300
v 0.775682 0.283270 -3.579920
v 0.810626 0.750833 -1.891710
v 0.146514 -1.442920 -2.245290
v 0.414326 -1.662570 -1.839280
v 0.099983 -1.433530 -2.174570
v 0.099983 -1.433530 -2.174570
v 0.414326 -1.662570 -1.839280
v 0.272199 -1.670870 -1.731720
v 1.053240 -0.570486 7.596060
v 1.015660 -0.491906 7.785990
v 0.943752 -0.538787 7.655020
v 0.070645 0.425955 -5.114140
v 0.222463 0.145051 -6.280410
v 0.000000 0.491423 -5.316960
v 0.000000 0.491423 -5.316960
v 0.222463 0.145051 -6.280410
v 0.000000 0.242459 -6.239750
v 1.021790 1.266630 2.039850
v 1.550920 -0.127272 1.949960
v 0.994886 1.213170 0.910056
v 0.994886 1.213170 0.910056
v 1.550920 -0.127272 1.949960
v 1.468850 -0.376550 0.826653
v 0.479722 0.643294 8.564870
v 0.573310 1.608390 4.032790
v 0.000000 0.770978 8.410530
v 0.000000 0.770978 8.410530
v 0.573310 1.608390 4.032790
v 0.000000 1.729920 4.039230
v 0.000000 -1.800880 3.343030
v 0.528389 -1.743430 3.341320
v 0.000000 -1.740490 3.990570
v 0.000000 -1.740490 3.990570
v 0.528389 -1.743430 3.341320
v 0.536007 -1.682030 3.983730
v 0.165579 -0.071747 -7.942440
v 0.097358 -1.617140 -8.955300
v 0.000000 0.048523 -9.245360
v 0.000000 0.143914 -7.397800
v 0.222463 0.145051 -6.280410
v 0.252004 -0.128255 -7.423410
v 0.252004 -0.128255 -7.423410
v 0.222463 0.145051 -6.280410
v 0.446644 -0.074000 -6.267910
v 1.509170 -1.249950 4.548720
v 0.833517 -1.105130 7.582250
v 0.466075 -1.314370 7.377870
v 0.165579 -0.071747 -7.942440
v 0.000000 0.048523 -9.245360
v 0.099174 1.319870 -9.517120
v 0.446644 -0.074000 -6.267910
v 0.222463 0.145051 -6.280410
v 0.577082 0.007909 -5.104940
v 0.577082 0.007909 -5.104940
v 0.222463 0.145051 -6.280410
v 0.070645 0.425955 -5.114140
v 0.273700 -1.409660 -3.106000
v 0.736669 -1.578890 -2.676620
v 0.623478 -1.616090 -2.356010
v 0.000000 -0.956935 -4.984360
v 0.213804 -0.888933 -5.025180
v 0.000000 -1.083870 -3.881320
v 0.000000 -1.083870 -3.881320
v 0.213804 -0.888933 -5.025180
v 0.230930 -1.113910 -3.576000
v 0.804869 -1.337080 -1.925460
v 1.122440 -1.231120 -0.460743
v 0.726058 -1.433390 -1.908880
v 1.122440 -1.231120 -0.460743
v 0.824635 -1.587780 -1.606200
v 0.726058 -1.433390 -1.908880
v 0.000000 -1.428400 -2.174460
v 0.099983 -1.433530 -2.174570
v 0.000000 -1.577080 -1.847310
v 0.000000 -1.577080 -1.847310
v 0.099983 -1.433530 -2.174570
v 0.272199 -1.670870 -1.731720
v 1.129580 -0.411297 -1.798300
v 0.810626 0.750833 -1.891710
v 1.224130 -0.413576 -0.402605
v 1.224130 -0.413576 -0.402605
v 0.810626 0.750833 -1.891710
v 0.896045 1.083570 -0.248865
v 0.000000 -0.470874 -7.283610
v 0.000000 -0.579293 -7.373220
v 0.177916 -0.442194 -7.290760
v 0.177916 -0.442194 -7.290760
v 0.000000 -0.579293 -7.373220
v 0.141805 -0.552321 -7.505410
v 0.009990 0.851349 -5.045540
v 0.000000 0.864502 -5.043840
v 0.231316 0.565819 -4.153090
v 0.000000 0.658551 -4.066910
v 0.231316 0.565819 -4.153090
v 0.000000 0.864502 -5.043840
v 0.009990 0.851349 -5.045540
v 0.009990 0.808774 -5.190140
v 0.000000 0.864502 -5.043840
v 0.000000 0.864502 -5.043840
v 0.009990 0.808774 -5.190140
v 0.000000 0.818768 -5.208940
v 0.000000 0.818768 -5.208940
v 0.009990 0.808774 -5.190140
v 0.000000 0.491423 -5.316960
v 0.009990 0.808774 -5.190140
v 0.070645 0.425955 -5.114140
v 0.000000 0.491423 -5.316960
v 0.648607 -1.497380 -2.333060
v 0.736669 -1.578890 -2.676620
v 0.273700 -1.409660 -3.106000
v 0.273700 -1.409660 -3.106000
v 0.623478 -1.616090 -2.356010
v 0.146514 -1.442920 -2.245290
v 0.146514 -1.442920 -2.245290
v 0.648607 -1.497380 -2.333060
v 0.273700 -1.409660 -3.106000
v 0.528389 -1.743430 3.341320
v 1.221840 -1.521570 3.494660
v 0.536007 -1.682030 3.983730
v 0.536007 -1.682030 3.983730
v 1.221840 -1.521570 3.494660
v 1.361440 -1.419010 4.014350
v 1.524310 0.757069 4.177320
v 1.667290 0.071012 3.654150
v 1.021790 1.266630 2.039850
v 1.021790 1.266630 2.039850
v 1.667290 0.071012 3.654150
v 1.550920 -0.127272 1.949960
v 0.009990 0.808774 -5.190140
v 0.009990 0.851349 -5.045540
v 0.070645 0.425955 -5.114140
v 0.070645 0.425955 -5.114140
v 0.009990 0.851349 -5.045540
v 0.231316 0.565819 -4.153090
v 0.437251 1.742860 0.981201
v 0.234718 1.803300 2.109030
v 0.587621 1.562550 0.966803
v 0.587621 1.562550 0.966803
v 0.234718 1.803300 2.109030
v 0.555429 1.632730 2.322210
v 1.220860 -2.009780 -2.617450
v 0.623478 -1.616090 -2.356010
v 0.736669 -1.578890 -2.676620
v 0.465543 1.471350 -0.327540
v 0.000000 1.672750 -0.163905
v 0.120502 1.779550 -0.048417
v 0.000000 -0.968108 -5.074550
v 0.072332 -0.973121 -5.170340
v 0.000000 -0.956935 -4.984360
v 0.000000 -0.956935 -4.984360
v 0.072332 -0.973121 -5.170340
v 0.213804 -0.888933 -5.025180
v 0.000000 -1.216580 -5.530100
v 0.000000 -1.109980 -5.672360
v 0.028352 -1.059850 -5.529920
v 0.028352 -1.059850 -5.529920
v 0.000000 -1.109980 -5.672360
v 0.000000 -1.001030 -5.663970
v 0.028352 -1.059850 -5.529920
v 0.000000 -0.862789 -5.744300
v 0.007221 -0.919589 -5.512300
v 0.000000 0.242459 -6.239750
v 0.222463 0.145051 -6.280410
v 0.000000 0.143914 -7.397800
v 0.000000 -0.903713 -5.545900
v 0.007221 -0.919589 -5.512300
v 0.000000 -0.862789 -5.744300
v 1.677100 -0.644853 4.072360
v 1.641190 -1.035750 4.449610
v 1.650880 -1.149030 3.796530
v 0.007221 -0.919589 -5.512300
v 0.000000 -0.903713 -5.545900
v 0.323443 -0.626317 -6.089630
v 0.000000 -0.903713 -5.545900
v 0.000000 -0.830072 -5.671210
v 0.323443 -0.626317 -6.089630
v 0.000000 -1.134280 -5.368050
v 0.000000 -1.216580 -5.530100
v 0.028352 -1.059850 -5.529920
v 0.000000 1.706400 -9.222440
v 0.099174 1.319870 -9.517120
v 0.000000 2.160050 -9.956480
v 0.000000 -1.001030 -5.663970
v 0.000000 -0.862789 -5.744300
v 0.028352 -1.059850 -5.529920
v 0.000000 -0.968108 -5.074550
v 0.000000 -1.134280 -5.368050
v 0.072332 -0.973121 -5.170340
v 0.072332 -0.973121 -5.170340
v 0.000000 -1.134280 -5.368050
v 0.028352 -1.059850 -5.529920
v 0.007221 -0.919589 -5.512300
v 0.072332 -0.973121 -5.170340
v 0.028352 -1.059850 -5.529920
v 0.401238 1.150030 -1.933320
v 0.465543 1.471350 -0.327540
v 0.810626 0.750833 -1.891710
v 0.810626 0.750833 -1.891710
v 0.465543 1.471350 -0.327540
v 0.896045 1.083570 -0.248865
v 1.015660 -0.491906 7.785990
v 1.053240 -0.570486 7.596060
v 1.137060 -0.328395 7.704760
v 1.137060 -0.328395 7.704760
v 1.053240 -0.570486 7.596060
v 1.179770 -0.440693 7.432310
v 0.072332 -0.973121 -5.170340
v 0.007221 -0.919589 -5.512300
v 0.213804 -0.888933 -5.025180
v 0.465543 1.471350 -0.327540
v 0.120502 1.779550 -0.048417
v 0.587621 1.562550 0.966803
v 0.587621 1.562550 0.966803
v 0.120502 1.779550 -0.048417
v 0.437251 1.742860 0.981201
v 0.000000 -0.830072 -5.671210
v 0.000000 -0.743313 -6.060660
v 0.323443 -0.626317 -6.089630
v 0.000000 -1.855460 -0.523059
v 0.000000 -1.703370 -1.526010
v 0.579827 -1.801830 -0.464017
v 0.579827 -1.801830 -0.464017
v 0.000000 -1.703370 -1.526010
v 0.272199 -1.670870 -1.731720
v 1.122440 -1.231120 -0.460743
v 1.468090 -1.196150 0.815063
v 0.992516 -1.665510 -0.424067
v 0.579827 -1.801830 -0.464017
v 0.992516 -1.665510 -0.424067
v 0.524441 -1.858870 0.913229
v 0.917093 0.397033 8.348200
v 0.300754 -0.146927 9.553260
v 1.137060 -0.328395 7.704760
v 0.177916 -0.442194 -7.290760
v 0.323443 -0.626317 -6.089630
v 0.000000 -0.470874 -7.283610
v 0.000000 -0.470874 -7.283610
v 0.323443 -0.626317 -6.089630
v 0.000000 -0.743313 -6.060660
v 0.000000 1.555900 -0.659880
v 0.000000 1.672750 -0.163905
v 0.465543 1.471350 -0.327540
v 0.120502 1.779550 -0.048417
v 0.000000 1.672750 -0.163905
v 0.028593 1.674380 -0.542029
v 0.201734 2.423790 1.189390
v 0.000000 2.915760 1.334070
v 0.234718 1.803300 2.109030
v 0.092942 3.468110 0.458014
v 0.000000 3.265870 0.037946
v 0.046096 3.705830 0.057534
v 0.000000 2.090200 -0.221037
v 0.000000 3.265870 0.037946
v 0.068729 2.092040 -0.170079
v 0.201734 2.423790 1.189390
v 0.068729 2.092040 -0.170079
v 0.092942 3.468110 0.458014
v 0.497080 -0.572332 8.443470
v 0.300754 -0.146927 9.553260
v 0.254506 -0.595580 8.656880
v 0.933857 -0.579979 7.603580
v 0.675307 -0.762467 8.123750
v 0.833517 -1.105130 7.582250
v 0.831210 -0.501236 8.120850
v 0.943752 -0.538787 7.655020
v 1.015660 -0.491906 7.785990
v 0.000000 -0.566990 7.643780
v 0.000000 -0.742137 8.301910
v 0.381502 -0.588964 7.890400
v 0.381502 -0.588964 7.890400
v 0.000000 -0.742137 8.301910
v 0.273350 -0.711000 8.248940
v 0.000000 -1.023100 6.150070
v 0.000000 -0.566990 7.643780
v 0.266956 -1.047360 6.073820
v 0.266956 -1.047360 6.073820
v 0.000000 -0.566990 7.643780
v 0.381502 -0.588964 7.890400
v 0.381502 -0.588964 7.890400
v 0.698293 -0.539129 7.442800
v 0.266956 -1.047360 6.073820
v 0.266956 -1.047360 6.073820
v 0.698293 -0.539129 7.442800
v 0.620951 -0.889440 6.165470
v 0.644038 -0.665937 8.089250
v 0.943752 -0.538787 7.655020
v 0.381502 -0.588964 7.890400
v 0.381502 -0.588964 7.890400
v 0.943752 -0.538787 7.655020
v 0.698293 -0.539129 7.442800
v 0.943752 -0.538787 7.655020
v 0.765931 -0.791417 6.193980
v 0.698293 -0.539129 7.442800
v 0.698293 -0.539129 7.442800
v 0.765931 -0.791417 6.193980
v 0.620951 -0.889440 6.165470
v 0.000000 -1.023100 6.150070
v 0.266956 -1.047360 6.073820
v 0.000000 -0.228772 6.942300
v 0.000000 -0.228772 6.942300
v 0.266956 -1.047360 6.073820
v 0.231349 -0.199791 7.045590
v 0.266956 -1.047360 6.073820
v 0.620951 -0.889440 6.165470
v 0.231349 -0.199791 7.045590
v 0.231349 -0.199791 7.045590
v 0.620951 -0.889440 6.165470
v 0.579030 -0.291016 7.279000
v 0.620951 -0.889440 6.165470
v 0.765931 -0.791417 6.193980
v 0.579030 -0.291016 7.279000
v 0.579030 -0.291016 7.279000
v 0.765931 -0.791417 6.193980
v 0.943752 -0.538787 7.655020
v 0.000000 -0.228772 6.942300
v 0.231349 -0.199791 7.045590
v 0.000000 -0.369020 8.362200
v 0.000000 -0.369020 8.362200
v 0.231349 -0.199791 7.045590
v 0.268282 -0.347491 8.293670
v 0.578607 -0.400192 8.100510
v 0.268282 -0.347491 8.293670
v 0.579030 -0.291016 7.279000
v 0.579030 -0.291016 7.279000
v 0.268282 -0.347491 8.293670
v 0.231349 -0.199791 7.045590
v 0.831210 -0.501236 8.120850
v 0.578607 -0.400192 8.100510
v 0.943752 -0.538787 7.655020
v 0.943752 -0.538787 7.655020
v 0.578607 -0.400192 8.100510
v 0.579030 -0.291016 7.279000
v 0.831210 -0.501236 8.120850
v 0.497080 -0.572332 8.443470
v 0.578607 -0.400192 8.100510
v 0.268282 -0.347491 8.293670
v 0.254506 -0.595580 8.656880
v 0.000000 -0.369020 8.362200
v 0.000000 -0.369020 8.362200
v 0.254506 -0.595580 8.656880
v 0.000000 -0.587702 8.681010
v 0.943752 -0.538787 7.655020
v 0.644038 -0.665937 8.089250
v 0.933857 -0.579979 7.603580
v 0.933857 -0.579979 7.603580
v 0.644038 -0.665937 8.089250
v 0.675307 -0.762467 8.123750
v 0.675307 -0.762467 8.123750
v 0.644038 -0.665937 8.089250
v 0.419455 -0.850117 8.360360
v 0.330423 -0.739311 8.365390
v 0.273350 -0.711000 8.248940
v 0.000000 -0.745473 8.399260
v 0.000000 -0.745473 8.399260
v 0.273350 -0.711000 8.248940
v 0.000000 -0.742137 8.301910
v 0.330423 -0.739311 8.365390
v 0.000000 -0.745473 8.399260
v 0.149581 -0.884123 8.454160
v 0.149581 -0.884123 8.454160
v 0.000000 -0.745473 8.399260
v 0.000000 -0.901698 8.469720
v 0.330423 -0.739311 8.365390
v 0.644038 -0.665937 8.089250
v 0.273350 -0.711000 8.248940
v 0.273350 -0.711000 8.248940
v 0.644038 -0.665937 8.089250
v 0.381502 -0.588964 7.890400
v 0.254506 -0.595580 8.656880
v 0.268282 -0.347491 8.293670
v 0.497080 -0.572332 8.443470
v 0.268282 -0.347491 8.293670
v 0.578607 -0.400192 8.100510
v 0.497080 -0.572332 8.443470
v 0.149581 -0.884123 8.454160
v 0.419455 -0.850117 8.360360
v 0.330423 -0.739311 8.365390
v 0.330423 -0.739311 8.365390
v 0.419455 -0.850117 8.360360
v 0.644038 -0.665937 8.089250
v 0.072924 -0.836225 8.406370
v 0.144253 -0.851934 8.417340
v 0.139529 -0.698009 8.546520
v 0.203284 -0.831826 8.394980
v 0.139529 -0.698009 8.546520
v 0.144253 -0.851934 8.417340
v 0.139529 -0.698009 8.546520
v 0.203284 -0.831826 8.394980
v 0.072924 -0.836225 8.406370
v 0.078214 -0.795607 8.376770
v 0.140536 -0.802268 8.393830
v 0.126866 -0.563748 8.378270
v 0.198434 -0.799470 8.364450
v 0.126866 -0.563748 8.378270
v 0.140536 -0.802268 8.393830
v 0.126866 -0.563748 8.378270
v 0.198434 -0.799470 8.364450
v 0.078214 -0.795607 8.376770
v 0.266764 -0.829227 8.383250
v 0.330925 -0.834356 8.371270
v 0.346144 -0.655171 8.451220
v 0.376381 -0.816325 8.325400
v 0.346144 -0.655171 8.451220
v 0.330925 -0.834356 8.371270
v 0.346144 -0.655171 8.451220
v 0.376381 -0.816325 8.325400
v 0.266764 -0.829227 8.383250
v 0.435973 -0.793510 8.286030
v 0.482997 -0.806149 8.266740
v 0.517989 -0.639294 8.346720
v 0.508518 -0.793987 8.224190
v 0.517989 -0.639294 8.346720
v 0.482997 -0.806149 8.266740
v 0.517989 -0.639294 8.346720
v 0.508518 -0.793987 8.224190
v 0.435973 -0.793510 8.286030
v 0.596516 -0.751684 8.134500
v 0.652166 -0.750726 8.123640
v 0.622885 -0.584351 8.159410
v 0.658529 -0.733303 8.072750
v 0.622885 -0.584351 8.159410
v 0.652166 -0.750726 8.123640
v 0.622885 -0.584351 8.159410
v 0.658529 -0.733303 8.072750
v 0.596516 -0.751684 8.134500
v 0.722468 -0.678445 7.957440
v 0.754551 -0.672955 7.930450
v 0.758777 -0.546489 7.978760
v 0.758367 -0.659381 7.887410
v 0.758777 -0.546489 7.978760
v 0.754551 -0.672955 7.930450
v 0.758777 -0.546489 7.978760
v 0.758367 -0.659381 7.887410
v 0.722468 -0.678445 7.957440
v 0.759690 -0.618445 7.797210
v 0.787376 -0.618949 7.768900
v 0.792911 -0.493482 7.786760
v 0.787266 -0.615350 7.726630
v 0.792911 -0.493482 7.786760
v 0.787376 -0.618949 7.768900
v 0.792911 -0.493482 7.786760
v 0.787266 -0.615350 7.726630
v 0.759690 -0.618445 7.797210
v 0.804793 -0.576600 7.648110
v 0.823359 -0.573481 7.617710
v 0.831894 -0.474920 7.646820
v 0.814597 -0.566326 7.581260
v 0.831894 -0.474920 7.646820
v 0.823359 -0.573481 7.617710
v 0.831894 -0.474920 7.646820
v 0.814597 -0.566326 7.581260
v 0.804793 -0.576600 7.648110
v 0.669667 -0.641212 7.940900
v 0.694113 -0.634264 7.910220
v 0.702110 -0.524355 7.945990
v 0.694494 -0.615900 7.872810
v 0.702110 -0.524355 7.945990
v 0.694113 -0.634264 7.910220
v 0.702110 -0.524355 7.945990
v 0.694494 -0.615900 7.872810
v 0.669667 -0.641212 7.940900
v 0.554687 -0.695186 8.091410
v 0.610338 -0.694228 8.080560
v 0.582940 -0.526366 8.112100
v 0.616701 -0.676805 8.029660
v 0.582940 -0.526366 8.112100
v 0.610338 -0.694228 8.080560
v 0.582940 -0.526366 8.112100
v 0.616701 -0.676805 8.029660
v 0.554687 -0.695186 8.091410
v 0.414541 -0.739239 8.225920
v 0.470031 -0.740058 8.237320
v 0.449681 -0.559160 8.240250
v 0.495656 -0.725675 8.190800
v 0.449681 -0.559160 8.240250
v 0.470031 -0.740058 8.237320
v 0.449681 -0.559160 8.240250
v 0.495656 -0.725675 8.190800
v 0.414541 -0.739239 8.225920
v 0.272034 -0.779826 8.344310
v 0.327474 -0.798795 8.329400
v 0.322294 -0.589825 8.354690
v 0.357907 -0.806242 8.283910
v 0.322294 -0.589825 8.354690
v 0.327474 -0.798795 8.329400
v 0.322294 -0.589825 8.354690
v 0.357907 -0.806242 8.283910
v 0.272034 -0.779826 8.344310
v 0.362142 -0.380758 8.492740
v 0.309066 -0.393819 8.544590
v 0.253315 -0.604933 8.437530
v 0.236351 -0.374467 8.552170
v 0.253315 -0.604933 8.437530
v 0.309066 -0.393819 8.544590
v 0.253315 -0.604933 8.437530
v 0.236351 -0.374467 8.552170
v 0.362142 -0.380758 8.492740
v 0.145609 -0.387717 8.566210
v 0.092366 -0.409306 8.605960
v 0.088168 -0.630127 8.479540
v 0.033897 -0.389985 8.571060
v 0.088168 -0.630127 8.479540
v 0.092366 -0.409306 8.605960
v 0.088168 -0.630127 8.479540
v 0.033897 -0.389985 8.571060
v 0.145609 -0.387717 8.566210
v 0.473602 -0.403846 8.366400
v 0.455363 -0.417262 8.418210
v 0.420698 -0.556891 8.346970
v 0.398531 -0.407603 8.418380
v 0.420698 -0.556891 8.346970
v 0.455363 -0.417262 8.418210
v 0.420698 -0.556891 8.346970
v 0.398531 -0.407603 8.418380
v 0.473602 -0.403846 8.366400
v 0.621764 -0.359089 8.196570
v 0.618416 -0.373040 8.258210
v 0.551527 -0.537219 8.198250
v 0.557698 -0.361206 8.276190
v 0.551527 -0.537219 8.198250
v 0.618416 -0.373040 8.258210
v 0.551527 -0.537219 8.198250
v 0.557698 -0.361206 8.276190
v 0.621764 -0.359089 8.196570
v 0.735999 -0.343771 8.021530
v 0.747421 -0.355881 8.073890
v 0.680925 -0.495206 8.040510
v 0.700761 -0.345609 8.102930
v 0.680925 -0.495206 8.040510
v 0.747421 -0.355881 8.073890
v 0.680925 -0.495206 8.040510
v 0.700761 -0.345609 8.102930
v 0.735999 -0.343771 8.021530
v 0.808189 -0.348430 7.819850
v 0.825453 -0.360291 7.869410
v 0.753489 -0.499868 7.843840
v 0.783501 -0.350230 7.903140
v 0.753489 -0.499868 7.843840
v 0.825453 -0.360291 7.869410
v 0.753489 -0.499868 7.843840
v 0.783501 -0.350230 7.903140
v 0.808189 -0.348430 7.819850
v 0.816014 -0.368604 7.638480
v 0.844401 -0.378126 7.676270
v 0.774356 -0.502213 7.680490
v 0.818304 -0.367331 7.716200
v 0.774356 -0.502213 7.680490
v 0.844401 -0.378126 7.676270
v 0.774356 -0.502213 7.680490
v 0.818304 -0.367331 7.716200
v 0.816014 -0.368604 7.638480
v 0.910361 0.139381 8.454030
v 0.896739 0.216437 8.427980
v 0.869488 0.196506 8.499710
v 0.910361 0.139381 8.454030
v 0.916280 0.159845 8.375140
v 0.896739 0.216437 8.427980
v 0.896739 0.216437 8.427980
v 0.830270 0.257258 8.394620
v 0.869488 0.196506 8.499710
v 0.869488 0.196506 8.499710
v 0.830270 0.257258 8.394620
v 0.783633 0.225459 8.504630
v 0.869488 0.196506 8.499710
v 0.783633 0.225459 8.504630
v 0.861449 0.119983 8.518720
v 0.861449 0.119983 8.518720
v 0.783633 0.225459 8.504630
v 0.771468 0.110893 8.533320
v 0.910361 0.139381 8.454030
v 0.906569 0.083329 8.394100
v 0.916280 0.159845 8.375140
v 0.771468 0.110893 8.533320
v 0.805750 0.027330 8.452460
v 0.861449 0.119983 8.518720
v 0.861449 0.119983 8.518720
v 0.805750 0.027330 8.452460
v 0.879089 0.063421 8.465870
v 0.910361 0.139381 8.454030
v 0.879089 0.063421 8.465870
v 0.906569 0.083329 8.394100
v 0.910361 0.139381 8.454030
v 0.861449 0.119983 8.518720
v 0.879089 0.063421 8.465870
v 0.805750 0.027330 8.452460
v 0.850000 0.058819 8.348090
v 0.879089 0.063421 8.465870
v 0.879089 0.063421 8.465870
v 0.850000 0.058819 8.348090
v 0.906569 0.083329 8.394100
v 0.910361 0.139381 8.454030
v 0.869488 0.196506 8.499710
v 0.861449 0.119983 8.518720
v 0.906569 0.083329 8.394100
v 0.850000 0.058819 8.348090
v 0.916280 0.159845 8.375140
v 0.916280 0.159845 8.375140
v 0.850000 0.058819 8.348090
v 0.862516 0.170983 8.318570
v 0.916280 0.159845 8.375140
v 0.862516 0.170983 8.318570
v 0.896739 0.216437 8.427980
v 0.896739 0.216437 8.427980
v 0.862516 0.170983 8.318570
v 0.830270 0.257258 8.394620
v -2.093850 -1.843040 3.315360
v -1.221840 -1.521570 3.494660
v -1.361440 -1.419010 4.014350
v 0.000000 1.301810 -1.972920
v -0.401238 1.150030 -1.933320
v 0.000000 1.555900 -0.659880
v 0.000000 1.555900 -0.659880
v -0.401238 1.150030 -1.933320
v -0.465543 1.471350 -0.327540
v -0.300754 -0.146927 9.553260
v 0.000000 -0.128659 9.652830
v -0.115473 0.222857 9.792120
v -0.115473 0.222857 9.792120
v 0.000000 -0.128659 9.652830
v 0.000000 0.197127 9.905800
v 0.000000 -0.128659 9.652830
v -0.300754 -0.146927 9.553260
v 0.000000 -0.587702 8.681010
v 0.000000 -0.587702 8.681010
v -0.300754 -0.146927 9.553260
v -0.254506 -0.595580 8.656880
v -1.945920 -2.002870 2.160320
v -1.587230 -1.893570 1.919470
v -2.093850 -1.843040 3.315360
v -0.536007 -1.682030 3.983730
v 0.000000 -1.740490 3.990570
v -0.513637 -1.615890 4.591010
v -0.513637 -1.615890 4.591010
v 0.000000 -1.740490 3.990570
v 0.000000 -1.693080 4.587890
v -0.524441 -1.858870 0.913229
v 0.000000 -1.895680 0.917925
v -0.580334 -1.851870 2.401230
v -0.580334 -1.851870 2.401230
v 0.000000 -1.895680 0.917925
v 0.000000 -1.912770 2.431540
v -0.099983 -1.433530 -2.174570
v -0.230930 -1.113910 -3.576000
v 0.000000 -1.428400 -2.174460
v 0.000000 -1.428400 -2.174460
v -0.230930 -1.113910 -3.576000
v 0.000000 -1.083870 -3.881320
v -0.466075 -1.314370 7.377870
v -0.222452 -1.036540 8.327240
v -0.833517 -1.105130 7.582250
v -0.833517 -1.105130 7.582250
v -0.222452 -1.036540 8.327240
v -0.361237 -0.952319 8.316480
v -0.555429 1.632730 2.322210
v -1.021790 1.266630 2.039850
v -0.573310 1.608390 4.032790
v -0.573310 1.608390 4.032790
v -1.021790 1.266630 2.039850
v -1.524310 0.757069 4.177320
v -0.804869 -1.337080 -1.925460
v -0.798826 -0.713690 -3.505460
v -0.230930 -1.113910 -3.576000
v -0.775682 0.283270 -3.579920
v -0.577082 0.007909 -5.104940
v -0.798826 -0.713690 -3.505460
v -0.798826 -0.713690 -3.505460
v -0.577082 0.007909 -5.104940
v -0.519676 -0.648626 -5.093560
v -4.385160 -3.622160 1.433370
v -4.305210 -3.467680 1.923340
v -4.422260 -3.561950 1.417200
v -0.994886 1.213170 0.910056
v -0.896045 1.083570 -0.248865
v -1.468850 -0.376550 0.826653
v -1.468850 -0.376550 0.826653
v -0.896045 1.083570 -0.248865
v -1.224130 -0.413576 -0.402605
v -1.509170 -1.249950 4.548720
v -1.361440 -1.419010 4.014350
v -0.513637 -1.615890 4.591010
v -0.513637 -1.615890 4.591010
v -1.361440 -1.419010 4.014350
v -0.536007 -1.682030 3.983730
v -1.641190 -1.035750 4.449610
v -1.650880 -1.149030 3.796530
v -2.614900 -1.942010 3.985090
v -2.614900 -1.942010 3.985090
v -1.650880 -1.149030 3.796530
v -2.533810 -1.707350 3.449160
v -0.580334 -1.851870 2.401230
v 0.000000 -1.912770 2.431540
v -0.528389 -1.743430 3.341320
v -0.528389 -1.743430 3.341320
v 0.000000 -1.912770 2.431540
v 0.000000 -1.800880 3.343030
v 0.000000 -1.057990 8.345850
v -0.222452 -1.036540 8.327240
v 0.000000 -1.323610 7.508850
v 0.000000 -1.323610 7.508850
v -0.222452 -1.036540 8.327240
v -0.466075 -1.314370 7.377870
v -1.221840 -1.521570 3.494660
v -1.181750 -1.546770 3.174460
v -0.528389 -1.743430 3.341320
v -0.528389 -1.743430 3.341320
v -1.181750 -1.546770 3.174460
v -0.580334 -1.851870 2.401230
v -1.348800 -1.745610 2.049020
v -1.345250 -1.571220 2.957480
v -1.587230 -1.893570 1.919470
v -1.587230 -1.893570 1.919470
v -1.345250 -1.571220 2.957480
v -2.093850 -1.843040 3.315360
v -1.221840 -1.521570 3.494660
v -2.093850 -1.843040 3.315360
v -1.181750 -1.546770 3.174460
v -2.093850 -1.843040 3.315360
v -1.345250 -1.571220 2.957480
v -1.181750 -1.546770 3.174460
v -0.555429 1.632730 2.322210
v 0.000000 1.782100 2.642970
v -0.234718 1.803300 2.109030
v -0.234718 1.803300 2.109030
v 0.000000 1.782100 2.642970
v 0.000000 1.799990 2.218600
v 0.000000 3.606700 0.628972
v -0.092942 3.468110 0.458014
v 0.000000 2.915760 1.334070
v 0.000000 3.812270 0.053979
v -0.046096 3.705830 0.057534
v 0.000000 3.606700 0.628972
v -0.007221 -0.919589 -5.512300
v -0.213804 -0.888933 -5.025180
v -0.323443 -0.626317 -6.089630
v 0.000000 3.265870 0.037946
v -0.068729 2.092040 -0.170079
v -0.092942 3.468110 0.458014
v 0.000000 3.704210 -0.065000
v 0.000000 3.265870 0.037946
v -0.046096 3.705830 0.057534
v -0.252004 -0.128255 -7.423410
v -0.141805 -0.552321 -7.505410
v -0.177916 -0.442194 -7.290760
v 0.000000 3.606700 0.628972
v -0.046096 3.705830 0.057534
v -0.092942 3.468110 0.458014
v -1.122440 -1.231120 -0.460743
v -1.468090 -1.196150 0.815063
v -1.224130 -0.413576 -0.402605
v -1.224130 -0.413576 -0.402605
v -1.468090 -1.196150 0.815063
v -1.468850 -0.376550 0.826653
v -0.028593 1.674380 -0.542029
v 0.000000 1.677490 -0.649477
v 0.000000 1.618910 -0.646670
v -0.437251 1.742860 0.981201
v -0.234718 1.803300 2.109030
v -0.201734 2.423790 1.189390
v 0.000000 1.799990 2.218600
v 0.000000 2.915760 1.334070
v -0.234718 1.803300 2.109030
v -0.786652 -1.737850 -1.565020
v -1.134440 -1.851160 -2.058470
v -0.414326 -1.662570 -1.839280
v -0.414326 -1.662570 -1.839280
v -1.134440 -1.851160 -2.058470
v -0.623478 -1.616090 -2.356010
v 0.000000 0.197127 9.905800
v 0.000000 0.770978 8.410530
v -0.115473 0.222857 9.792120
v -0.115473 0.222857 9.792120
v 0.000000 0.770978 8.410530
v -0.479722 0.643294 8.564870
v -0.097358 -1.617140 -8.955300
v 0.000000 -1.822320 -8.697660
v -0.141805 -0.552321 -7.505410
v -0.141805 -0.552321 -7.505410
v 0.000000 -1.822320 -8.697660
v 0.000000 -0.579293 -7.373220
v 0.000000 -1.822320 -8.697660
v -0.097358 -1.617140 -8.955300
v 0.000000 -2.374400 -9.831170
v 0.000000 -2.374400 -9.831170
v -0.097358 -1.617140 -8.955300
v -0.022889 -2.318390 -9.857750
v -3.746910 -3.042760 1.635720
v -2.933610 -2.444800 2.034880
v -3.638790 -3.100950 1.569780
v -3.638790 -3.100950 1.569780
v -2.933610 -2.444800 2.034880
v -2.837890 -2.535890 1.908700
v -0.824635 -1.587780 -1.606200
v -1.134440 -1.851160 -2.058470
v -0.786652 -1.737850 -1.565020
v 0.000000 -2.187540 -9.910580
v 0.000000 -2.374400 -9.831170
v -0.022889 -2.318390 -9.857750
v 0.000000 1.052250 -9.853120
v 0.000000 0.048523 -9.245360
v -0.099174 1.319870 -9.517120
v 0.000000 1.725110 -10.353100
v -0.063197 1.848440 -10.313500
v 0.000000 1.879160 -10.317100
v -0.479722 0.643294 8.564870
v -0.573310 1.608390 4.032790
v -0.917093 0.397033 8.348200
v -0.917093 0.397033 8.348200
v -0.573310 1.608390 4.032790
v -1.524310 0.757069 4.177320
v -0.016198 2.095830 -10.593400
v 0.000000 1.834670 -10.604300
v -0.063197 1.848440 -10.313500
v 0.000000 1.834670 -10.604300
v -0.016198 2.095830 -10.593400
v 0.000000 2.086360 -10.610300
v -0.063197 1.848440 -10.313500
v -0.099174 1.319870 -9.517120
v 0.000000 2.160050 -9.956480
v -0.465543 1.471350 -0.327540
v -0.896045 1.083570 -0.248865
v -0.587621 1.562550 0.966803
v -0.587621 1.562550 0.966803
v -0.896045 1.083570 -0.248865
v -0.994886 1.213170 0.910056
v -4.027210 -3.094290 2.036980
v -4.190280 -3.304630 2.367060
v -3.358180 -2.399080 2.869530
v -3.358180 -2.399080 2.869530
v -4.190280 -3.304630 2.367060
v -3.473630 -2.596750 3.357220
v -0.016198 2.095830 -10.593400
v -0.063197 1.848440 -10.313500
v 0.000000 2.347970 -10.334600
v 0.000000 2.347970 -10.334600
v -0.063197 1.848440 -10.313500
v 0.000000 2.160050 -9.956480
v 0.000000 1.618910 -0.646670
v 0.000000 1.672750 -0.163905
v -0.028593 1.674380 -0.542029
v -0.419455 -0.850117 8.360360
v -0.675307 -0.762467 8.123750
v -0.361237 -0.952319 8.316480
v -0.361237 -0.952319 8.316480
v -0.675307 -0.762467 8.123750
v -0.833517 -1.105130 7.582250
v -0.099983 -1.433530 -2.174570
v -0.146514 -1.442920 -2.245290
v -0.365357 -1.384550 -2.121840
v -0.365357 -1.384550 -2.121840
v -0.146514 -1.442920 -2.245290
v -0.648607 -1.497380 -2.333060
v 0.000000 0.143914 -7.397800
v -0.165579 -0.071747 -7.942440
v -0.252004 -0.128255 -7.423410
v 0.000000 1.677490 -0.649477
v -0.028593 1.674380 -0.542029
v 0.000000 2.090200 -0.221037
v 0.000000 2.090200 -0.221037
v -0.028593 1.674380 -0.542029
v -0.068729 2.092040 -0.170079
v 0.000000 1.301810 -1.972920
v 0.000000 0.658551 -4.066910
v -0.401238 1.150030 -1.933320
v -0.401238 1.150030 -1.933320
v 0.000000 0.658551 -4.066910
v -0.231316 0.565819 -4.153090
v -0.231316 0.565819 -4.153090
v -0.775682 0.283270 -3.579920
v -0.401238 1.150030 -1.933320
v -0.401238 1.150030 -1.933320
v -0.775682 0.283270 -3.579920
v -0.810626 0.750833 -1.891710
v -0.141805 -0.552321 -7.505410
v -0.252004 -0.128255 -7.423410
v -0.165579 -0.071747 -7.942440
v 0.000000 -1.703370 -1.526010
v -0.272199 -1.670870 -1.731720
v 0.000000 -1.577080 -1.847310
v -0.524441 -1.858870 0.913229
v -0.579827 -1.801830 -0.464017
v 0.000000 -1.895680 0.917925
v 0.000000 -1.895680 0.917925
v -0.579827 -1.801830 -0.464017
v 0.000000 -1.855460 -0.523059
v 0.000000 1.729920 4.039230
v 0.000000 1.782100 2.642970
v -0.573310 1.608390 4.032790
v -0.573310 1.608390 4.032790
v 0.000000 1.782100 2.642970
v -0.555429 1.632730 2.322210
v 0.000000 1.706400 -9.222440
v -0.099174 1.319870 -9.517120
v 0.000000 0.143914 -7.397800
v -0.046096 3.705830 0.057534
v 0.000000 3.812270 0.053979
v 0.000000 3.704210 -0.065000
v 0.000000 2.915760 1.334070
v -0.092942 3.468110 0.458014
v -0.201734 2.423790 1.189390
v -0.165579 -0.071747 -7.942440
v 0.000000 0.143914 -7.397800
v -0.099174 1.319870 -9.517120
v -0.222452 -1.036540 8.327240
v 0.000000 -1.057990 8.345850
v -0.149581 -0.884123 8.454160
v -0.149581 -0.884123 8.454160
v 0.000000 -1.057990 8.345850
v 0.000000 -0.901698 8.469720
v -0.120502 1.779550 -0.048417
v -0.437251 1.742860 0.981201
v -0.068729 2.092040 -0.170079
v -0.068729 2.092040 -0.170079
v -0.437251 1.742860 0.981201
v -0.201734 2.423790 1.189390
v -0.070645 0.425955 -5.114140
v -0.577082 0.007909 -5.104940
v -0.231316 0.565819 -4.153090
v -0.231316 0.565819 -4.153090
v -0.577082 0.007909 -5.104940
v -0.775682 0.283270 -3.579920
v -1.945920 -2.002870 2.160320
v -2.837890 -2.535890 1.908700
v -2.158480 -1.849350 2.402100
v -2.158480 -1.849350 2.402100
v -2.837890 -2.535890 1.908700
v -2.933610 -2.444800 2.034880
v -0.648607 -1.497380 -2.333060
v -1.134440 -1.851160 -2.058470
v -0.726058 -1.433390 -1.908880
v -0.726058 -1.433390 -1.908880
v -1.134440 -1.851160 -2.058470
v -0.824635 -1.587780 -1.606200
v -1.677100 -0.644853 4.072360
v -1.667290 0.071012 3.654150
v -1.579370 -0.971017 1.992170
v -1.579370 -0.971017 1.992170
v -1.667290 0.071012 3.654150
v -1.550920 -0.127272 1.949960
v -1.224130 -0.413576 -0.402605
v -1.129580 -0.411297 -1.798300
v -1.122440 -1.231120 -0.460743
v -1.122440 -1.231120 -0.460743
v -1.129580 -0.411297 -1.798300
v -0.804869 -1.337080 -1.925460
v -4.305210 -3.467680 1.923340
v -4.027210 -3.094290 2.036980
v -4.422260 -3.561950 1.417200
v -2.614900 -1.942010 3.985090
v -2.533810 -1.707350 3.449160
v -3.473630 -2.596750 3.357220
v -3.473630 -2.596750 3.357220
v -2.533810 -1.707350 3.449160
v -3.358180 -2.399080 2.869530
v -1.053240 -0.570486 7.596060
v -0.933857 -0.579979 7.603580
v -0.943752 -0.538787 7.655020
v -0.726058 -1.433390 -1.908880
v -0.365357 -1.384550 -2.121840
v -0.648607 -1.497380 -2.333060
v -1.179770 -0.440693 7.432310
v -1.509170 -1.249950 4.548720
v -0.833517 -1.105130 7.582250
v -1.220860 -2.009780 -2.617450
v -0.623478 -1.616090 -2.356010
v -1.134440 -1.851160 -2.058470
v -3.961390 -3.220980 2.082150
v -4.385160 -3.622160 1.433370
v -3.638790 -3.100950 1.569780
v -3.638790 -3.100950 1.569780
v -4.385160 -3.622160 1.433370
v -4.333890 -3.612120 1.233370
v -2.093850 -1.843040 3.315360
v -3.271310 -2.592200 2.967620
v -1.945920 -2.002870 2.160320
v -1.945920 -2.002870 2.160320
v -3.271310 -2.592200 2.967620
v -2.837890 -2.535890 1.908700
v -3.271310 -2.592200 2.967620
v -3.961390 -3.220980 2.082150
v -2.837890 -2.535890 1.908700
v -2.837890 -2.535890 1.908700
v -3.961390 -3.220980 2.082150
v -3.638790 -3.100950 1.569780
v -3.358180 -2.399080 2.869530
v -2.933610 -2.444800 2.034880
v -4.027210 -3.094290 2.036980
v -4.027210 -3.094290 2.036980
v -2.933610 -2.444800 2.034880
v -3.746910 -3.042760 1.635720
v 0.000000 -1.304860 -9.387430
v -0.097358 -1.617140 -8.955300
v 0.000000 0.048523 -9.245360
v -0.419455 -0.850117 8.360360
v -0.361237 -0.952319 8.316480
v -0.149581 -0.884123 8.454160
v -0.149581 -0.884123 8.454160
v -0.361237 -0.952319 8.316480
v -0.222452 -1.036540 8.327240
v -1.641190 -1.035750 4.449610
v -2.614900 -1.942010 3.985090
v -1.509170 -1.249950 4.548720
v -3.638790 -3.100950 1.569780
v -4.333890 -3.612120 1.233370
v -3.746910 -3.042760 1.635720
v -3.746910 -3.042760 1.635720
v -4.333890 -3.612120 1.233370
v -4.370630 -3.548610 1.215020
v -4.370630 -3.548610 1.215020
v -4.333890 -3.612120 1.233370
v -4.422260 -3.561950 1.417200
v -4.422260 -3.561950 1.417200
v -4.333890 -3.612120 1.233370
v -4.385160 -3.622160 1.433370
v -1.587230 -1.893570 1.919470
v -1.759880 -1.685700 2.390580
v -1.348800 -1.745610 2.049020
v -2.158480 -1.849350 2.402100
v -1.759880 -1.685700 2.390580
v -1.945920 -2.002870 2.160320
v -1.945920 -2.002870 2.160320
v -1.759880 -1.685700 2.390580
v -1.587230 -1.893570 1.919470
v -1.385790 -1.404070 3.061110
v -1.181750 -1.546770 3.174460
v -1.345250 -1.571220 2.957480
v -1.468090 -1.196150 0.815063
v -0.992516 -1.665510 -0.424067
v -0.524441 -1.858870 0.913229
v -0.580334 -1.851870 2.401230
v -1.579370 -0.971017 1.992170
v -0.524441 -1.858870 0.913229
v -0.524441 -1.858870 0.913229
v -1.579370 -0.971017 1.992170
v -1.468090 -1.196150 0.815063
v -2.533810 -1.707350 3.449160
v -2.158480 -1.849350 2.402100
v -3.358180 -2.399080 2.869530
v -3.358180 -2.399080 2.869530
v -2.158480 -1.849350 2.402100
v -2.933610 -2.444800 2.034880
v -1.348800 -1.745610 2.049020
v -1.759880 -1.685700 2.390580
v -1.345250 -1.571220 2.957480
v -1.181750 -1.546770 3.174460
v -1.385790 -1.404070 3.061110
v -0.580334 -1.851870 2.401230
v -0.580334 -1.851870 2.401230
v -1.385790 -1.404070 3.061110
v -1.579370 -0.971017 1.992170
v -1.650880 -1.149030 3.796530
v -1.677100 -0.644853 4.072360
v -1.385790 -1.404070 3.061110
v -1.385790 -1.404070 3.061110
v -1.677100 -0.644853 4.072360
v -1.579370 -0.971017 1.992170
v -1.220860 -2.009780 -2.617450
v -1.134440 -1.851160 -2.058470
v -0.648607 -1.497380 -2.333060
v -0.323443 -0.626317 -6.089630
v -0.446644 -0.074000 -6.267910
v -0.177916 -0.442194 -7.290760
v -0.177916 -0.442194 -7.290760
v -0.446644 -0.074000 -6.267910
v -0.252004 -0.128255 -7.423410
v -1.345250 -1.571220 2.957480
v -2.533810 -1.707350 3.449160
v -1.385790 -1.404070 3.061110
v -2.533810 -1.707350 3.449160
v -1.650880 -1.149030 3.796530
v -1.385790 -1.404070 3.061110
v 0.000000 -1.304860 -9.387430
v 0.000000 -2.187540 -9.910580
v -0.097358 -1.617140 -8.955300
v -0.097358 -1.617140 -8.955300
v 0.000000 -2.187540 -9.910580
v -0.022889 -2.318390 -9.857750
v -1.509170 -1.249950 4.548720
v -1.179770 -0.440693 7.432310
v -1.641190 -1.035750 4.449610
v -0.300754 -0.146927 9.553260
v -1.137060 -0.328395 7.704760
v -1.015660 -0.491906 7.785990
v -0.804869 -1.337080 -1.925460
v -0.365357 -1.384550 -2.121840
v -0.726058 -1.433390 -1.908880
v -4.385160 -3.622160 1.433370
v -3.961390 -3.220980 2.082150
v -4.305210 -3.467680 1.923340
v -4.305210 -3.467680 1.923340
v -3.961390 -3.220980 2.082150
v -4.190280 -3.304630 2.367060
v -2.093850 -1.843040 3.315360
v -2.614900 -1.942010 3.985090
v -3.271310 -2.592200 2.967620
v -3.271310 -2.592200 2.967620
v -2.614900 -1.942010 3.985090
v -3.473630 -2.596750 3.357220
v -3.961390 -3.220980 2.082150
v -3.271310 -2.592200 2.967620
v -4.190280 -3.304630 2.367060
v -4.190280 -3.304630 2.367060
v -3.271310 -2.592200 2.967620
v -3.473630 -2.596750 3.357220
v -0.300754 -0.146927 9.553260
v -1.015660 -0.491906 7.785990
v -0.831210 -0.501236 8.120850
v -1.509170 -1.249950 4.548720
v -2.614900 -1.942010 3.985090
v -1.361440 -1.419010 4.014350
v -1.361440 -1.419010 4.014350
v -2.614900 -1.942010 3.985090
v -2.093850 -1.843040 3.315360
v -0.099174 1.319870 -9.517120
v 0.000000 1.725110 -10.353100
v 0.000000 1.052250 -9.853120
v -1.122440 -1.231120 -0.460743
v -0.824635 -1.587780 -1.606200
v -0.992516 -1.665510 -0.424067
v -0.992516 -1.665510 -0.424067
v -0.824635 -1.587780 -1.606200
v -0.786652 -1.737850 -1.565020
v -0.446644 -0.074000 -6.267910
v -0.323443 -0.626317 -6.089630
v -0.577082 0.007909 -5.104940
v -0.577082 0.007909 -5.104940
v -0.323443 -0.626317 -6.089630
v -0.519676 -0.648626 -5.093560
v -0.992516 -1.665510 -0.424067
v -0.786652 -1.737850 -1.565020
v -0.272199 -1.670870 -1.731720
v -0.272199 -1.670870 -1.731720
v -0.786652 -1.737850 -1.565020
v -0.414326 -1.662570 -1.839280
v -1.641190 -1.035750 4.449610
v -1.179770 -0.440693 7.432310
v -1.677100 -0.644853 4.072360
v -0.028593 1.674380 -0.542029
v -0.120502 1.779550 -0.048417
v -0.068729 2.092040 -0.170079
v -1.137060 -0.328395 7.704760
v -0.917093 0.397033 8.348200
v -1.524310 0.757069 4.177320
v -1.129580 -0.411297 -1.798300
v -0.798826 -0.713690 -3.505460
v -0.804869 -1.337080 -1.925460
v -1.468090 -1.196150 0.815063
v -1.579370 -0.971017 1.992170
v -1.468850 -0.376550 0.826653
v -1.468850 -0.376550 0.826653
v -1.579370 -0.971017 1.992170
v -1.550920 -0.127272 1.949960
v -4.027210 -3.094290 2.036980
v -3.746910 -3.042760 1.635720
v -4.422260 -3.561950 1.417200
v -4.422260 -3.561950 1.417200
v -3.746910 -3.042760 1.635720
v -4.370630 -3.548610 1.215020
v -1.137060 -0.328395 7.704760
v -1.524310 0.757069 4.177320
v -1.179770 -0.440693 7.432310
v -1.179770 -0.440693 7.432310
v -1.524310 0.757069 4.177320
v -1.677100 -0.644853 4.072360
v -0.917093 0.397033 8.348200
v -0.300754 -0.146927 9.553260
v -0.479722 0.643294 8.564870
v -0.479722 0.643294 8.564870
v -0.300754 -0.146927 9.553260
v -0.115473 0.222857 9.792120
v -0.992516 -1.665510 -0.424067
v -0.272199 -1.670870 -1.731720
v -0.579827 -1.801830 -0.464017
v -1.667290 0.071012 3.654150
v -1.677100 -0.644853 4.072360
v -1.524310 0.757069 4.177320
v -4.027210 -3.094290 2.036980
v -4.305210 -3.467680 1.923340
v -4.190280 -3.304630 2.367060
v 0.000000 2.501090 -10.952700
v -0.016198 2.095830 -10.593400
v 0.000000 2.347970 -10.334600
v -0.555429 1.632730 2.322210
v -0.587621 1.562550 0.966803
v -1.021790 1.266630 2.039850
v -1.021790 1.266630 2.039850
v -0.587621 1.562550 0.966803
v -0.994886 1.213170 0.910056
v 0.000000 -1.323610 7.508850
v -0.466075 -1.314370 7.377870
v 0.000000 -1.693080 4.587890
v 0.000000 -1.693080 4.587890
v -0.466075 -1.314370 7.377870
v -0.513637 -1.615890 4.591010
v -0.063197 1.848440 -10.313500
v 0.000000 1.834670 -10.604300
v 0.000000 1.879160 -10.317100
v -0.016198 2.095830 -10.593400
v 0.000000 2.501090 -10.952700
v 0.000000 2.086360 -10.610300
v -0.798826 -0.713690 -3.505460
v -0.519676 -0.648626 -5.093560
v -0.230930 -1.113910 -3.576000
v -0.230930 -1.113910 -3.576000
v -0.519676 -0.648626 -5.093560
v -0.213804 -0.888933 -5.025180
v -0.736669 -1.578890 -2.676620
v -1.220860 -2.009780 -2.617450
v -0.648607 -1.497380 -2.333060
v -0.213804 -0.888933 -5.025180
v -0.519676 -0.648626 -5.093560
v -0.323443 -0.626317 -6.089630
v -0.804869 -1.337080 -1.925460
v -0.230930 -1.113910 -3.576000
v -0.365357 -1.384550 -2.121840
v -0.365357 -1.384550 -2.121840
v -0.230930 -1.113910 -3.576000
v -0.099983 -1.433530 -2.174570
v -0.414326 -1.662570 -1.839280
v -0.623478 -1.616090 -2.356010
v -0.146514 -1.442920 -2.245290
v -0.165579 -0.071747 -7.942440
v -0.097358 -1.617140 -8.955300
v -0.141805 -0.552321 -7.505410
v 0.000000 1.725110 -10.353100
v -0.099174 1.319870 -9.517120
v -0.063197 1.848440 -10.313500
v -0.810626 0.750833 -1.891710
v -0.775682 0.283270 -3.579920
v -1.129580 -0.411297 -1.798300
v -1.129580 -0.411297 -1.798300
v -0.775682 0.283270 -3.579920
v -0.798826 -0.713690 -3.505460
v -0.272199 -1.670870 -1.731720
v -0.414326 -1.662570 -1.839280
v -0.099983 -1.433530 -2.174570
v -0.099983 -1.433530 -2.174570
v -0.414326 -1.662570 -1.839280
v -0.146514 -1.442920 -2.245290
v -0.943752 -0.538787 7.655020
v -1.015660 -0.491906 7.785990
v -1.053240 -0.570486 7.596060
v 0.000000 0.242459 -6.239750
v -0.222463 0.145051 -6.280410
v 0.000000 0.491423 -5.316960
v 0.000000 0.491423 -5.316960
v -0.222463 0.145051 -6.280410
v -0.070645 0.425955 -5.114140
v -1.468850 -0.376550 0.826653
v -1.550920 -0.127272 1.949960
v -0.994886 1.213170 0.910056
v -0.994886 1.213170 0.910056
v -1.550920 -0.127272 1.949960
v -1.021790 1.266630 2.039850
v 0.000000 1.729920 4.039230
v -0.573310 1.608390 4.032790
v 0.000000 0.770978 8.410530
v 0.000000 0.770978 8.410530
v -0.573310 1.608390 4.032790
v -0.479722 0.643294 8.564870
v -0.536007 -1.682030 3.983730
v -0.528389 -1.743430 3.341320
v 0.000000 -1.740490 3.990570
v 0.000000 -1.740490 3.990570
v -0.528389 -1.743430 3.341320
v 0.000000 -1.800880 3.343030
v 0.000000 0.048523 -9.245360
v -0.097358 -1.617140 -8.955300
v -0.165579 -0.071747 -7.942440
v -0.446644 -0.074000 -6.267910
v -0.222463 0.145051 -6.280410
v -0.252004 -0.128255 -7.423410
v -0.252004 -0.128255 -7.423410
v -0.222463 0.145051 -6.280410
v 0.000000 0.143914 -7.397800
v -0.513637 -1.615890 4.591010
v -0.466075 -1.314370 7.377870
v -1.509170 -1.249950 4.548720
v -0.099174 1.319870 -9.517120
v 0.000000 0.048523 -9.245360
v -0.165579 -0.071747 -7.942440
v -0.070645 0.425955 -5.114140
v -0.222463 0.145051 -6.280410
v -0.577082 0.007909 -5.104940
v -0.577082 0.007909 -5.104940
v -0.222463 0.145051 -6.280410
v -0.446644 -0.074000 -6.267910
v -0.623478 -1.616090 -2.356010
v -0.736669 -1.578890 -2.676620
v -0.273700 -1.409660 -3.106000
v -0.230930 -1.113910 -3.576000
v -0.213804 -0.888933 -5.025180
v 0.000000 -1.083870 -3.881320
v 0.000000 -1.083870 -3.881320
v -0.213804 -0.888933 -5.025180
v 0.000000 -0.956935 -4.984360
v -0.804869 -1.337080 -1.925460
v -0.726058 -1.433390 -1.908880
v -1.122440 -1.231120 -0.460743
v -0.726058 -1.433390 -1.908880
v -0.824635 -1.587780 -1.606200
v -1.122440 -1.231120 -0.460743
v -0.272199 -1.670870 -1.731720
v -0.099983 -1.433530 -2.174570
v 0.000000 -1.577080 -1.847310
v 0.000000 -1.577080 -1.847310
v -0.099983 -1.433530 -2.174570
v 0.000000 -1.428400 -2.174460
v -0.896045 1.083570 -0.248865
v -0.810626 0.750833 -1.891710
v -1.224130 -0.413576 -0.402605
v -1.224130 -0.413576 -0.402605
v -0.810626 0.750833 -1.891710
v -1.129580 -0.411297 -1.798300
v -0.141805 -0.552321 -7.505410
v 0.000000 -0.579293 -7.373220
v -0.177916 -0.442194 -7.290760
v -0.177916 -0.442194 -7.290760
v 0.000000 -0.579293 -7.373220
v 0.000000 -0.470874 -7.283610
v -0.009990 0.851349 -5.045540
v -0.231316 0.565819 -4.153090
v 0.000000 0.864502 -5.043840
v 0.000000 0.864502 -5.043840
v -0.231316 0.565819 -4.153090
v 0.000000 0.658551 -4.066910
v 0.000000 0.818768 -5.208940
v -0.009990 0.808774 -5.190140
v 0.000000 0.864502 -5.043840
v 0.000000 0.864502 -5.043840
v -0.009990 0.808774 -5.190140
v -0.009990 0.851349 -5.045540
v 0.000000 0.818768 -5.208940
v 0.000000 0.491423 -5.316960
v -0.009990 0.808774 -5.190140
v 0.000000 0.491423 -5.316960
v -0.070645 0.425955 -5.114140
v -0.009990 0.808774 -5.190140
v -0.273700 -1.409660 -3.106000
v -0.736669 -1.578890 -2.676620
v -0.648607 -1.497380 -2.333060
v -0.146514 -1.442920 -2.245290
v -0.623478 -1.616090 -2.356010
v -0.273700 -1.409660 -3.106000
v -0.273700 -1.409660 -3.106000
v -0.648607 -1.497380 -2.333060
v -0.146514 -1.442920 -2.245290
v -1.361440 -1.419010 4.014350
v -1.221840 -1.521570 3.494660
v -0.536007 -1.682030 3.983730
v -0.536007 -1.682030 3.983730
v -1.221840 -1.521570 3.494660
v -0.528389 -1.743430 3.341320
v -1.550920 -0.127272 1.949960
v -1.667290 0.071012 3.654150
v -1.021790 1.266630 2.039850
v -1.021790 1.266630 2.039850
v -1.667290 0.071012 3.654150
v -1.524310 0.757069 4.177320
v -0.231316 0.565819 -4.153090
v -0.009990 0.851349 -5.045540
v -0.070645 0.425955 -5.114140
v -0.070645 0.425955 -5.114140
v -0.009990 0.851349 -5.045540
v -0.009990 0.808774 -5.190140
v -0.555429 1.632730 2.322210
v -0.234718 1.803300 2.109030
v -0.587621 1.562550 0.966803
v -0.587621 1.562550 0.966803
v -0.234718 1.803300 2.109030
v -0.437251 1.742860 0.981201
v -0.736669 -1.578890 -2.676620
v -0.623478 -1.616090 -2.356010
v -1.220860 -2.009780 -2.617450
v -0.120502 1.779550 -0.048417
v 0.000000 1.672750 -0.163905
v -0.465543 1.471350 -0.327540
v -0.213804 -0.888933 -5.025180
v -0.072332 -0.973121 -5.170340
v 0.000000 -0.956935 -4.984360
v 0.000000 -0.956935 -4.984360
v -0.072332 -0.973121 -5.170340
v 0.000000 -0.968108 -5.074550
v -0.028352 -1.059850 -5.529920
v 0.000000 -1.109980 -5.672360
v 0.000000 -1.216580 -5.530100
v 0.000000 -1.001030 -5.663970
v 0.000000 -1.109980 -5.672360
v -0.028352 -1.059850 -5.529920
v -0.007221 -0.919589 -5.512300
v 0.000000 -0.862789 -5.744300
v -0.028352 -1.059850 -5.529920
v 0.000000 0.143914 -7.397800
v -0.222463 0.145051 -6.280410
v 0.000000 0.242459 -6.239750
v 0.000000 -0.862789 -5.744300
v -0.007221 -0.919589 -5.512300
v 0.000000 -0.903713 -5.545900
v -1.677100 -0.644853 4.072360
v -1.650880 -1.149030 3.796530
v -1.641190 -1.035750 4.449610
v -0.007221 -0.919589 -5.512300
v -0.323443 -0.626317 -6.089630
v 0.000000 -0.903713 -5.545900
v -0.323443 -0.626317 -6.089630
v 0.000000 -0.830072 -5.671210
v 0.000000 -0.903713 -5.545900
v -0.028352 -1.059850 -5.529920
v 0.000000 -1.216580 -5.530100
v 0.000000 -1.134280 -5.368050
v 0.000000 2.160050 -9.956480
v -0.099174 1.319870 -9.517120
v 0.000000 1.706400 -9.222440
v -0.028352 -1.059850 -5.529920
v 0.000000 -0.862789 -5.744300
v 0.000000 -1.001030 -5.663970
v -0.028352 -1.059850 -5.529920
v 0.000000 -1.134280 -5.368050
v -0.072332 -0.973121 -5.170340
v -0.072332 -0.973121 -5.170340
v 0.000000 -1.134280 -5.368050
v 0.000000 -0.968108 -5.074550
v -0.028352 -1.059850 -5.529920
v -0.072332 -0.973121 -5.170340
v -0.007221 -0.919589 -5.512300
v -0.810626 0.750833 -1.891710
v -0.896045 1.083570 -0.248865
v -0.401238 1.150030 -1.933320
v -0.401238 1.150030 -1.933320
v -0.896045 1.083570 -0.248865
v -0.465543 1.471350 -0.327540
v -1.179770 -0.440693 7.432310
v -1.053240 -0.570486 7.596060
v -1.137060 -0.328395 7.704760
v -1.137060 -0.328395 7.704760
v -1.053240 -0.570486 7.596060
v -1.015660 -0.491906 7.785990
v -0.213804 -0.888933 -5.025180
v -0.007221 -0.919589 -5.512300
v -0.072332 -0.973121 -5.170340
v -0.437251 1.742860 0.981201
v -0.120502 1.779550 -0.048417
v -0.587621 1.562550 0.966803
v -0.587621 1.562550 0.966803
v -0.120502 1.779550 -0.048417
v -0.465543 1.471350 -0.327540
v -0.323443 -0.626317 -6.089630
v 0.000000 -0.743313 -6.060660
v 0.000000 -0.830072 -5.671210
v -0.272199 -1.670870 -1.731720
v 0.000000 -1.703370 -1.526010
v -0.579827 -1.801830 -0.464017
v -0.579827 -1.801830 -0.464017
v 0.000000 -1.703370 -1.526010
v 0.000000 -1.855460 -0.523059
v -0.992516 -1.665510 -0.424067
v -1.468090 -1.196150 0.815063
v -1.122440 -1.231120 -0.460743
v -0.524441 -1.858870 0.913229
v -0.992516 -1.665510 -0.424067
v -0.579827 -1.801830 -0.464017
v -1.137060 -0.328395 7.704760
v -0.300754 -0.146927 9.553260
v -0.917093 0.397033 8.348200
v 0.000000 -0.743313 -6.060660
v -0.323443 -0.626317 -6.089630
v 0.000000 -0.470874 -7.283610
v 0.000000 -0.470874 -7.283610
v -0.323443 -0.626317 -6.089630
v -0.177916 -0.442194 -7.290760
v -0.465543 1.471350 -0.327540
v 0.000000 1.672750 -0.163905
v 0.000000 1.555900 -0.659880
v -0.028593 1.674380 -0.542029
v 0.000000 1.672750 -0.163905
v -0.120502 1.779550 -0.048417
v -0.234718 1.803300 2.109030
v 0.000000 2.915760 1.334070
v -0.201734 2.423790 1.189390
v -0.046096 3.705830 0.057534
v 0.000000 3.265870 0.037946
v -0.092942 3.468110 0.458014
v -0.068729 2.092040 -0.170079
v 0.000000 3.265870 0.037946
v 0.000000 2.090200 -0.221037
v -0.092942 3.468110 0.458014
v -0.068729 2.092040 -0.170079
v -0.201734 2.423790 1.189390
v -0.254506 -0.595580 8.656880
v -0.300754 -0.146927 9.553260
v -0.497080 -0.572332 8.443470
v -0.833517 -1.105130 7.582250
v -0.675307 -0.762467 8.123750
v -0.933857 -0.579979 7.603580
v -1.015660 -0.491906 7.785990
v -0.943752 -0.538787 7.655020
v -0.831210 -0.501236 8.120850
v -0.273350 -0.711000 8.248940
v 0.000000 -0.742137 8.301910
v -0.381502 -0.588964 7.890400
v -0.381502 -0.588964 7.890400
v 0.000000 -0.742137 8.301910
v 0.000000 -0.566990 7.643780
v -0.381502 -0.588964 7.890400
v 0.000000 -0.566990 7.643780
v -0.266956 -1.047360 6.073820
v -0.266956 -1.047360 6.073820
v 0.000000 -0.566990 7.643780
v 0.000000 -1.023100 6.150070
v -0.620951 -0.889440 6.165470
v -0.698293 -0.539129 7.442800
v -0.266956 -1.047360 6.073820
v -0.266956 -1.047360 6.073820
v -0.698293 -0.539129 7.442800
v -0.381502 -0.588964 7.890400
v -0.698293 -0.539129 7.442800
v -0.943752 -0.538787 7.655020
v -0.381502 -0.588964 7.890400
v -0.381502 -0.588964 7.890400
v -0.943752 -0.538787 7.655020
v -0.644038 -0.665937 8.089250
v -0.620951 -0.889440 6.165470
v -0.765931 -0.791417 6.193980
v -0.698293 -0.539129 7.442800
v -0.698293 -0.539129 7.442800
v -0.765931 -0.791417 6.193980
v -0.943752 -0.538787 7.655020
v -0.231349 -0.199791 7.045590
v -0.266956 -1.047360 6.073820
v 0.000000 -0.228772 6.942300
v 0.000000 -0.228772 6.942300
v -0.266956 -1.047360 6.073820
v 0.000000 -1.023100 6.150070
v -0.579030 -0.291016 7.279000
v -0.620951 -0.889440 6.165470
v -0.231349 -0.199791 7.045590
v -0.231349 -0.199791 7.045590
v -0.620951 -0.889440 6.165470
v -0.266956 -1.047360 6.073820
v -0.943752 -0.538787 7.655020
v -0.765931 -0.791417 6.193980
v -0.579030 -0.291016 7.279000
v -0.579030 -0.291016 7.279000
v -0.765931 -0.791417 6.193980
v -0.620951 -0.889440 6.165470
v -0.268282 -0.347491 8.293670
v -0.231349 -0.199791 7.045590
v 0.000000 -0.369020 8.362200
v 0.000000 -0.369020 8.362200
v -0.231349 -0.199791 7.045590
v 0.000000 -0.228772 6.942300
v -0.231349 -0.199791 7.045590
v -0.268282 -0.347491 8.293670
v -0.579030 -0.291016 7.279000
v -0.579030 -0.291016 7.279000
v -0.268282 -0.347491 8.293670
v -0.578607 -0.400192 8.100510
v -0.579030 -0.291016 7.279000
v -0.578607 -0.400192 8.100510
v -0.943752 -0.538787 7.655020
v -0.943752 -0.538787 7.655020
v -0.578607 -0.400192 8.100510
v -0.831210 -0.501236 8.120850
v -0.578607 -0.400192 8.100510
v -0.497080 -0.572332 8.443470
v -0.831210 -0.501236 8.120850
v 0.000000 -0.587702 8.681010
v -0.254506 -0.595580 8.656880
v 0.000000 -0.369020 8.362200
v 0.000000 -0.369020 8.362200
v -0.254506 -0.595580 8.656880
v -0.268282 -0.347491 8.293670
v -0.675307 -0.762467 8.123750
v -0.644038 -0.665937 8.089250
v -0.933857 -0.579979 7.603580
v -0.933857 -0.579979 7.603580
v -0.644038 -0.665937 8.089250
v -0.943752 -0.538787 7.655020
v -0.419455 -0.850117 8.360360
v -0.644038 -0.665937 8.089250
v -0.675307 -0.762467 8.123750
v 0.000000 -0.742137 8.301910
v -0.273350 -0.711000 8.248940
v 0.000000 -0.745473 8.399260
v 0.000000 -0.745473 8.399260
v -0.273350 -0.711000 8.248940
v -0.330423 -0.739311 8.365390
v 0.000000 -0.901698 8.469720
v 0.000000 -0.745473 8.399260
v -0.149581 -0.884123 8.454160
v -0.149581 -0.884123 8.454160
v 0.000000 -0.745473 8.399260
v -0.330423 -0.739311 8.365390
v -0.381502 -0.588964 7.890400
v -0.644038 -0.665937 8.089250
v -0.273350 -0.711000 8.248940
v -0.273350 -0.711000 8.248940
v -0.644038 -0.665937 8.089250
v -0.330423 -0.739311 8.365390
v -0.497080 -0.572332 8.443470
v -0.268282 -0.347491 8.293670
v -0.254506 -0.595580 8.656880
v -0.497080 -0.572332 8.443470
v -0.578607 -0.400192 8.100510
v -0.268282 -0.347491 8.293670
v -0.330423 -0.739311 8.365390
v -0.419455 -0.850117 8.360360
v -0.149581 -0.884123 8.454160
v -0.644038 -0.665937 8.089250
v -0.419455 -0.850117 8.360360
v -0.330423 -0.739311 8.365390
v -0.139529 -0.698009 8.546520
v -0.144253 -0.851934 8.417340
v -0.072924 -0.836225 8.406370
v -0.144253 -0.851934 8.417340
v -0.139529 -0.698009 8.546520
v -0.203284 -0.831826 8.394980
v -0.072924 -0.836225 8.406370
v -0.203284 -0.831826 8.394980
v -0.139529 -0.698009 8.546520
v -0.126866 -0.563748 8.378270
v -0.140536 -0.802268 8.393830
v -0.078214 -0.795607 8.376770
v -0.140536 -0.802268 8.393830
v -0.126866 -0.563748 8.378270
v -0.198434 -0.799470 8.364450
v -0.078214 -0.795607 8.376770
v -0.198434 -0.799470 8.364450
v -0.126866 -0.563748 8.378270
v -0.346144 -0.655171 8.451220
v -0.330925 -0.834356 8.371270
v -0.266764 -0.829227 8.383250
v -0.330925 -0.834356 8.371270
v -0.346144 -0.655171 8.451220
v -0.376381 -0.816325 8.325400
v -0.266764 -0.829227 8.383250
v -0.376381 -0.816325 8.325400
v -0.346144 -0.655171 8.451220
v -0.517989 -0.639294 8.346720
v -0.482997 -0.806149 8.266740
v -0.435973 -0.793510 8.286030
v -0.482997 -0.806149 8.266740
v -0.517989 -0.639294 8.346720
v -0.508518 -0.793987 8.224190
v -0.435973 -0.793510 8.286030
v -0.508518 -0.793987 8.224190
v -0.517989 -0.639294 8.346720
v -0.622885 -0.584351 8.159410
v -0.652166 -0.750726 8.123640
v -0.596516 -0.751684 8.134500
v -0.652166 -0.750726 8.123640
v -0.622885 -0.584351 8.159410
v -0.658529 -0.733303 8.072750
v -0.596516 -0.751684 8.134500
v -0.658529 -0.733303 8.072750
v -0.622885 -0.584351 8.159410
v -0.758777 -0.546489 7.978760
v -0.754551 -0.672955 7.930450
v -0.722468 -0.678445 7.957440
v -0.754551 -0.672955 7.930450
v -0.758777 -0.546489 7.978760
v -0.758367 -0.659381 7.887410
v -0.722468 -0.678445 7.957440
v -0.758367 -0.659381 7.887410
v -0.758777 -0.546489 7.978760
v -0.792911 -0.493482 7.786760
v -0.787376 -0.618949 7.768900
v -0.759690 -0.618445 7.797210
v -0.787376 -0.618949 7.768900
v -0.792911 -0.493482 7.786760
v -0.787266 -0.615350 7.726630
v -0.759690 -0.618445 7.797210
v -0.787266 -0.615350 7.726630
v -0.792911 -0.493482 7.786760
v -0.831894 -0.474920 7.646820
v -0.823359 -0.573481 7.617710
v -0.804793 -0.576600 7.648110
v -0.823359 -0.573481 7.617710
v -0.831894 -0.474920 7.646820
v -0.814597 -0.566326 7.581260
v -0.804793 -0.576600 7.648110
v -0.814597 -0.566326 7.581260
v -0.831894 -0.474920 7.646820
v -0.702110 -0.524355 7.945990
v -0.694113 -0.634264 7.910220
v -0.669667 -0.641212 7.940900
v -0.694113 -0.634264 7.910220
v -0.702110 -0.524355 7.945990
v -0.694494 -0.615900 7.872810
v -0.669667 -0.641212 7.940900
v -0.694494 -0.615900 7.872810
v -0.702110 -0.524355 7.945990
v -0.582940 -0.526366 8.112100
v -0.610338 -0.694228 8.080560
v -0.554687 -0.695186 8.091410
v -0.610338 -0.694228 8.080560
v -0.582940 -0.526366 8.112100
v -0.616701 -0.676805 8.029660
v -0.554687 -0.695186 8.091410
v -0.616701 -0.676805 8.029660
v -0.582940 -0.526366 8.112100
v -0.449681 -0.559160 8.240250
v -0.470031 -0.740058 8.237320
v -0.414541 -0.739239 8.225920
v -0.470031 -0.740058 8.237320
v -0.449681 -0.559160 8.240250
v -0.495656 -0.725675 8.190800
v -0.414541 -0.739239 8.225920
v -0.495656 -0.725675 8.190800
v -0.449681 -0.559160 8.240250
v -0.322294 -0.589825 8.354690
v -0.327474 -0.798795 8.329400
v -0.272034 -0.779826 8.344310
v -0.327474 -0.798795 8.329400
v -0.322294 -0.589825 8.354690
v -0.357907 -0.806242 8.283910
v -0.272034 -0.779826 8.344310
v -0.357907 -0.806242 8.283910
v -0.322294 -0.589825 8.354690
v -0.253315 -0.604933 8.437530
v -0.309066 -0.393819 8.544590
v -0.362142 -0.380758 8.492740
v -0.309066 -0.393819 8.544590
v -0.253315 -0.604933 8.437530
v -0.236351 -0.374467 8.552170
v -0.362142 -0.380758 8.492740
v -0.236351 -0.374467 8.552170
v -0.253315 -0.604933 8.437530
v -0.088168 -0.630127 8.479540
v -0.092366 -0.409306 8.605960
v -0.145609 -0.387717 8.566210
v -0.092366 -0.409306 8.605960
v -0.088168 -0.630127 8.479540
v -0.033897 -0.389985 8.571060
v -0.145609 -0.387717 8.566210
v -0.033897 -0.389985 8.571060
v -0.088168 -0.630127 8.479540
v -0.420698 -0.556891 8.346970
v -0.455363 -0.417262 8.418210
v -0.473602 -0.403846 8.366400
v -0.455363 -0.417262 8.418210
v -0.420698 -0.556891 8.346970
v -0.398531 -0.407603 8.418380
v -0.473602 -0.403846 8.366400
v -0.398531 -0.407603 8.418380
v -0.420698 -0.556891 8.346970
v -0.551527 -0.537219 8.198250
v -0.618416 -0.373040 8.258210
v -0.621764 -0.359089 8.196570
v -0.618416 -0.373040 8.258210
v -0.551527 -0.537219 8.198250
v -0.557698 -0.361206 8.276190
v -0.621764 -0.359089 8.196570
v -0.557698 -0.361206 8.276190
v -0.551527 -0.537219 8.198250
v -0.680925 -0.495206 8.040510
v -0.747421 -0.355881 8.073890
v -0.735999 -0.343771 8.021530
v -0.747421 -0.355881 8.073890
v -0.680925 -0.495206 8.040510
v -0.700761 -0.345609 8.102930
v -0.735999 -0.343771 8.021530
v -0.700761 -0.345609 8.102930
v -0.680925 -0.495206 8.040510
v -0.753489 -0.499868 7.843840
v -0.825453 -0.360291 7.869410
v -0.808189 -0.348430 7.819850
v -0.825453 -0.360291 7.869410
v -0.753489 -0.499868 7.843840
v -0.783501 -0.350230 7.903140
v -0.808189 -0.348430 7.819850
v -0.783501 -0.350230 7.903140
v -0.753489 -0.499868 7.843840
v -0.774356 -0.502213 7.680490
v -0.844401 -0.378126 7.676270
v -0.816014 -0.368604 7.638480
v -0.844401 -0.378126 7.676270
v -0.774356 -0.502213 7.680490
v -0.818304 -0.367331 7.716200
v -0.816014 -0.368604 7.638480
v -0.818304 -0.367331 7.716200
v -0.774356 -0.502213 7.680490
v -0.869488 0.196506 8.499710
v -0.896739 0.216437 8.427980
v -0.910361 0.139381 8.454030
v -0.896739 0.216437 8.427980
v -0.916280 0.159845 8.375140
v -0.910361 0.139381 8.454030
v -0.783633 0.225459 8.504630
v -0.830270 0.257258 8.394620
v -0.869488 0.196506 8.499710
v -0.869488 0.196506 8.499710
v -0.830270 0.257258 8.394620
v -0.896739 0.216437 8.427980
v -0.771468 0.110893 8.533320
v -0.783633 0.225459 8.504630
v -0.861449 0.119983 8.518720
v -0.861449 0.119983 8.518720
v -0.783633 0.225459 8.504630
v -0.869488 0.196506 8.499710
v -0.916280 0.159845 8.375140
v -0.906569 0.083329 8.394100
v -0.910361 0.139381 8.454030
v -0.879089 0.063421 8.465870
v -0.805750 0.027330 8.452460
v -0.861449 0.119983 8.518720
v -0.861449 0.119983 8.518720
v -0.805750 0.027330 8.452460
v -0.771468 0.110893 8.533320
v -0.906569 0.083329 8.394100
v -0.879089 0.063421 8.465870
v -0.910361 0.139381 8.454030
v -0.879089 0.063421 8.465870
v -0.861449 0.119983 8.518720
v -0.910361 0.139381 8.454030
v -0.906569 0.083329 8.394100
v -0.850000 0.058819 8.348090
v -0.879089 0.063421 8.465870
v -0.879089 0.063421 8.465870
v -0.850000 0.058819 8.348090
v -0.805750 0.027330 8.452460
v -0.861449 0.119983 8.518720
v -0.869488 0.196506 8.499710
v -0.910361 0.139381 8.454030
v -0.916280 0.159845 8.375140
v -0.862516 0.170983 8.318570
v -0.906569 0.083329 8.394100
v -0.906569 0.083329 8.394100
v -0.862516 0.170983 8.318570
v -0.850000 0.058819 8.348090
v -0.830270 0.257258 8.394620
v -0.862516 0.170983 8.318570
v -0.896739 0.216437 8.427980
v -0.896739 0.216437 8.427980
v -0.862516 0.170983 8.318570
v -0.916280 0.159845 8.375140
v 2.533810 -1.707350 3.449160
v 1.759880 -1.685700 2.390580
v 1.345250 -1.571220 2.957480
v 2.158480 -1.849350 2.402100
v 1.759880 -1.685700 2.390580
v 2.533810 -1.707350 3.449160
v -2.158480 -1.849350 2.402100
v -2.533810 -1.707350 3.449160
v -1.759880 -1.685700 2.390580
v -1.345250 -1.571220 2.957480
v -1.759880 -1.685700 2.390580
v -2.533810 -1.707350 3.449160
v -0.300754 -0.146927 9.553260
v -0.831210 -0.501236 8.120850
v -0.497080 -0.572332 8.443470
v 0.300754 -0.146927 9.553260
v 0.831210 -0.501236 8.120850
v 1.015660 -0.491906 7.785990
v 1.053240 -0.570486 7.596060
v 0.833517 -1.105130 7.582250
v 1.179770 -0.440693 7.432310
v 1.053240 -0.570486 7.596060
v 0.933857 -0.579979 7.603580
v 0.833517 -1.105130 7.582250
v -1.053240 -0.570486 7.596060
v -0.833517 -1.105130 7.582250
v -0.933857 -0.579979 7.603580
v -1.053240 -0.570486 7.596060
v -1.179770 -0.440693 7.432310
v -0.833517 -1.105130 7.582250
v -1.509170 -1.249950 4.548720
v -0.466075 -1.314370 7.377870
v -0.833517 -1.105130 7.582250
v 1.509170 -1.249950 4.548720
v 0.466075 -1.314370 7.377870
v 0.513637 -1.615890 4.591010
vn -0.010212 -0.979039 0.203418
vn 0.001257 -0.992126 0.125240
vn -0.392704 -0.900755 0.185536
vn 0.476601 0.835354 -0.273925
vn 0.512701 0.829951 -0.219816
vn 0.000000 0.976579 -0.215159
vn 0.000000 0.976579 -0.215159
vn 0.512701 0.829951 -0.219816
vn 0.000000 0.969798 -0.243908
vn 0.000000 -0.493817 0.869566
vn 0.000000 -0.739591 0.673057
vn 0.578358 0.394873 0.713846
vn 0.578358 0.394873 0.713846
vn 0.000000 -0.739591 0.673057
vn 0.669163 -0.492272 0.556677
vn 0.241914 -0.874935 0.419483
vn 0.669163 -0.492272 0.556677
vn 0.000000 -0.899986 0.435918
vn 0.000000 -0.899986 0.435918
vn 0.669163 -0.492272 0.556677
vn 0.000000 -0.739591 0.673057
vn -0.392704 -0.900755 0.185536
vn -0.406316 -0.896448 0.176884
vn -0.438861 -0.882048 0.171441
vn 0.000000 -0.994267 0.106930
vn 0.000000 -0.995498 0.094787
vn 0.233809 -0.964534 0.122505
vn 0.233809 -0.964534 0.122505
vn 0.000000 -0.995498 0.094787
vn 0.214060 -0.970477 0.111142
vn 0.000000 -0.998308 0.058142
vn 0.000000 -0.999821 -0.018933
vn 0.357975 -0.933642 0.012909
vn 0.357975 -0.933642 0.012909
vn 0.000000 -0.999821 -0.018933
vn 0.349821 -0.936761 0.010229
vn 0.000000 -0.985120 -0.171869
vn 0.331927 -0.921709 -0.200691
vn 0.000000 -0.947644 -0.319328
vn 0.000000 -0.947644 -0.319328
vn 0.331927 -0.921709 -0.200691
vn -0.033132 -0.955038 -0.294625
vn 0.470002 -0.662304 0.583483
vn 0.249233 -0.767553 0.590546
vn 0.690288 -0.588039 0.421561
vn 0.690288 -0.588039 0.421561
vn 0.249233 -0.767553 0.590546
vn 0.238902 -0.943272 0.230571
vn 0.915206 0.393175 0.088386
vn 0.818846 0.570830 -0.060368
vn 0.440165 0.891502 0.107142
vn 0.440165 0.891502 0.107142
vn 0.818846 0.570830 -0.060368
vn 0.485080 0.873797 0.034285
vn 0.331927 -0.921709 -0.200691
vn 0.901647 -0.389207 -0.188547
vn 0.761536 -0.554701 -0.335216
vn 0.858809 -0.488840 -0.153242
vn 0.913463 0.367645 -0.174420
vn 0.901647 -0.389207 -0.188547
vn 0.901647 -0.389207 -0.188547
vn 0.913463 0.367645 -0.174420
vn 0.880782 0.430036 -0.198224
vn 0.856756 -0.515251 0.022030
vn 0.849074 -0.448074 0.279827
vn 0.856756 -0.515251 0.022030
vn 0.986626 0.057121 -0.152667
vn 0.850472 0.506989 -0.140215
vn 0.980194 0.138361 -0.141693
vn 0.980194 0.138361 -0.141693
vn 0.850472 0.506989 -0.140215
vn 0.828924 0.549158 -0.106350
vn 0.214060 -0.970477 0.111142
vn -0.010212 -0.979039 0.203418
vn 0.233809 -0.964534 0.122505
vn 0.233809 -0.964534 0.122505
vn -0.010212 -0.979039 0.203418
vn 0.547475 -0.741602 0.387682
vn 0.473523 0.865031 -0.165825
vn 0.915554 0.368678 -0.160742
vn 0.660023 0.743930 0.104588
vn 0.660023 0.743930 0.104588
vn 0.915554 0.368678 -0.160742
vn 0.946427 0.098345 0.307578
vn 0.000000 -0.994228 0.107284
vn 0.000000 -0.998308 0.058142
vn 0.206029 -0.973012 0.103926
vn 0.206029 -0.973012 0.103926
vn 0.000000 -0.998308 0.058142
vn 0.357975 -0.933642 0.012909
vn 0.238902 -0.943272 0.230571
vn 0.249233 -0.767553 0.590546
vn 0.000000 -0.977261 0.212038
vn 0.000000 -0.977261 0.212038
vn 0.249233 -0.767553 0.590546
vn 0.000000 -0.819065 0.573701
vn 0.357975 -0.933642 0.012909
vn 0.214293 -0.976478 -0.023871
vn 0.206029 -0.973012 0.103926
vn 0.206029 -0.973012 0.103926
vn 0.214293 -0.976478 -0.023871
vn 0.001257 -0.992126 0.125240
vn -0.392704 -0.900755 0.185536
vn -0.367388 -0.924897 0.097937
vn -0.406316 -0.896448 0.176884
vn -0.406316 -0.896448 0.176884
vn -0.367388 -0.924897 0.097937
vn -0.419763 -0.889909 0.178497
vn 0.001257 -0.992126 0.125240
vn 0.214293 -0.976478 -0.023871
vn -0.392704 -0.900755 0.185536
vn 0.214293 -0.976478 -0.023871
vn -0.367388 -0.924897 0.097937
vn -0.392704 -0.900755 0.185536
vn 0.000000 0.865731 0.500510
vn 0.000000 0.995926 0.090170
vn 0.691355 0.665646 0.280970
vn 0.691355 0.665646 0.280970
vn 0.000000 0.995926 0.090170
vn 0.485080 0.873797 0.034285
vn 0.000000 0.707757 0.706456
vn 0.983458 0.178920 0.028255
vn 0.910910 0.367401 0.187776
vn 0.910910 0.367401 0.187776
vn 0.969719 0.212907 -0.119646
vn 0.914438 0.392741 -0.097760
vn 0.572551 -0.784052 -0.239683
vn 0.482555 -0.869735 -0.103446
vn 0.909708 -0.354699 -0.215916
vn 0.983458 0.178920 0.028255
vn 0.913879 0.192218 -0.357601
vn 0.909586 0.026308 -0.414683
vn 0.969719 0.212907 -0.119646
vn 0.909586 0.026308 -0.414683
vn 0.925379 0.145430 -0.350033
vn 0.749655 -0.660678 0.039021
vn 0.919918 -0.368634 0.133639
vn 0.980885 0.145842 -0.128823
vn 0.983458 0.178920 0.028255
vn 0.969719 0.212907 -0.119646
vn 0.910910 0.367401 0.187776
vn 0.980194 0.138361 -0.141693
vn 0.900944 -0.422866 -0.097383
vn 0.986626 0.057121 -0.152667
vn 0.986626 0.057121 -0.152667
vn 0.900944 -0.422866 -0.097383
vn 0.955947 -0.216949 -0.197733
vn 0.950105 -0.294200 -0.103666
vn 0.901563 0.210223 -0.378140
vn 0.963442 -0.189425 -0.189465
vn 0.966398 0.249262 0.062798
vn 0.691355 0.665646 0.280970
vn 0.826843 0.560344 -0.048423
vn 0.691355 0.665646 0.280970
vn 0.000000 0.707757 0.706456
vn 0.000000 0.865731 0.500510
vn -0.393958 -0.910738 -0.123911
vn -0.390193 -0.919904 0.039062
vn -0.282625 -0.947577 -0.149070
vn -0.282625 -0.947577 -0.149070
vn -0.390193 -0.919904 0.039062
vn -0.213690 -0.976771 -0.015945
vn 0.461091 0.825778 0.324787
vn 0.000000 0.957830 0.287337
vn 0.578358 0.394873 0.713846
vn 0.578358 0.394873 0.713846
vn 0.000000 0.957830 0.287337
vn 0.000000 0.933347 0.358976
vn 0.000000 -0.816518 0.577319
vn 0.914805 -0.335989 0.224149
vn 0.919918 -0.368634 0.133639
vn 0.919918 -0.368634 0.133639
vn 0.914805 -0.335989 0.224149
vn 0.995283 -0.096824 -0.006076
vn 0.995206 -0.097422 -0.008617
vn 0.995283 -0.096824 -0.006076
vn 0.948489 -0.284099 0.140198
vn 0.948489 -0.284099 0.140198
vn 0.995283 -0.096824 -0.006076
vn 0.914805 -0.335989 0.224149
vn 0.200536 0.696940 -0.688520
vn 0.357596 0.787030 -0.502701
vn 0.023005 0.595644 -0.802919
vn 0.023005 0.595644 -0.802919
vn 0.357596 0.787030 -0.502701
vn 0.297865 0.768052 -0.566897
vn 0.954916 -0.183416 0.233438
vn 0.811574 -0.045573 0.582470
vn 0.998328 0.046021 0.034984
vn -0.111063 -0.388690 -0.914650
vn 0.000000 -0.391109 -0.920344
vn 0.000000 -0.391109 -0.920344
vn 0.999148 0.000000 -0.041258
vn 0.985485 -0.041384 -0.164640
vn 0.974205 -0.125847 -0.187313
vn 0.000000 0.227457 -0.973788
vn 0.164497 0.224358 -0.960523
vn 0.000000 0.227457 -0.973788
vn 0.915206 0.393175 0.088386
vn 0.440165 0.891502 0.107142
vn 0.881509 0.338578 0.329099
vn 0.881509 0.338578 0.329099
vn 0.440165 0.891502 0.107142
vn 0.461091 0.825778 0.324787
vn 0.993116 -0.038013 -0.110791
vn 0.883925 -0.035444 -0.466284
vn 0.953629 -0.065043 -0.293872
vn 0.762140 -0.219947 -0.608906
vn 0.953629 -0.065043 -0.293872
vn 0.883925 -0.035444 -0.466284
vn 0.987580 0.146737 0.056160
vn 0.999148 0.000000 -0.041258
vn 0.993116 -0.038013 -0.110791
vn 0.828924 0.549158 -0.106350
vn 0.850472 0.506989 -0.140215
vn 0.633400 0.770395 -0.072773
vn 0.633400 0.770395 -0.072773
vn 0.850472 0.506989 -0.140215
vn 0.476601 0.835354 -0.273925
vn 0.721403 0.682279 0.118634
vn 0.777959 0.627679 0.028251
vn 0.624440 0.776429 -0.085047
vn 0.624440 0.776429 -0.085047
vn 0.777959 0.627679 0.028251
vn 0.699051 0.711326 -0.073100
vn 0.987580 0.146737 0.056160
vn 0.993116 -0.038013 -0.110791
vn 0.995983 0.088648 0.012604
vn 0.995983 0.088648 0.012604
vn 0.993116 -0.038013 -0.110791
vn 0.953629 -0.065043 -0.293872
vn 0.963442 -0.189425 -0.189465
vn 0.745314 -0.664564 0.053502
vn 0.950105 -0.294200 -0.103666
vn 0.690288 -0.588039 0.421561
vn 0.802497 -0.040484 0.595281
vn 0.470002 -0.662304 0.583483
vn 0.470002 -0.662304 0.583483
vn 0.802497 -0.040484 0.595281
vn 0.539542 -0.003638 0.841951
vn 0.415674 0.900384 -0.128541
vn 0.054193 0.981700 -0.182561
vn 0.115401 0.946001 -0.302927
vn 0.115401 0.946001 -0.302927
vn 0.054193 0.981700 -0.182561
vn -0.012194 0.912156 -0.409663
vn 0.980885 0.145842 -0.128823
vn 0.992801 0.107549 -0.052711
vn 0.000000 0.999864 0.016480
vn 0.913879 0.192218 -0.357601
vn 0.963442 -0.189425 -0.189465
vn 0.696925 0.304231 -0.649414
vn 0.696925 0.304231 -0.649414
vn 0.963442 -0.189425 -0.189465
vn 0.901563 0.210223 -0.378140
vn 0.655908 0.739267 -0.152540
vn 0.000000 0.998632 -0.052296
vn 0.512701 0.829951 -0.219816
vn 0.512701 0.829951 -0.219816
vn 0.000000 0.998632 -0.052296
vn 0.000000 0.969798 -0.243908
vn 0.865126 0.474127 -0.163588
vn 0.880782 0.430036 -0.198224
vn 0.512701 0.829951 -0.219816
vn 0.512701 0.829951 -0.219816
vn 0.880782 0.430036 -0.198224
vn 0.655908 0.739267 -0.152540
vn 0.992801 0.107549 -0.052711
vn 0.980885 0.145842 -0.128823
vn 0.919918 -0.368634 0.133639
vn 0.000000 -0.917499 -0.397738
vn -0.056174 -0.970413 -0.234824
vn 0.000000 -0.967960 -0.251105
vn 0.000000 -0.996505 -0.083537
vn 0.201940 -0.974992 -0.092793
vn 0.000000 -0.999821 -0.018933
vn 0.000000 -0.999821 -0.018933
vn 0.201940 -0.974992 -0.092793
vn 0.349821 -0.936761 0.010229
vn 0.485080 0.873797 0.034285
vn 0.000000 0.995926 0.090170
vn 0.440165 0.891502 0.107142
vn 0.440165 0.891502 0.107142
vn 0.000000 0.995926 0.090170
vn 0.000000 0.992867 0.119232
vn 0.000000 0.999864 0.016480
vn 0.999148 0.000000 -0.041258
vn 0.979804 0.161488 0.117927
vn 0.925379 0.145430 -0.350033
vn 0.914438 0.392741 -0.097760
vn 0.969719 0.212907 -0.119646
vn 0.966398 0.249262 0.062798
vn 0.983458 0.178920 0.028255
vn 0.000000 0.707757 0.706456
vn 0.999148 0.000000 -0.041258
vn 0.000000 0.999864 0.016480
vn 0.992801 0.107549 -0.052711
vn 0.000000 -0.610908 0.791701
vn 0.000000 -0.819065 0.573701
vn 0.241236 -0.136234 0.960857
vn 0.241236 -0.136234 0.960857
vn 0.000000 -0.819065 0.573701
vn 0.249233 -0.767553 0.590546
vn 0.966398 0.249262 0.062798
vn 0.826843 0.560344 -0.048423
vn 0.913879 0.192218 -0.357601
vn 0.913879 0.192218 -0.357601
vn 0.826843 0.560344 -0.048423
vn 0.896606 0.289973 -0.334685
vn 0.880782 0.430036 -0.198224
vn 0.913463 0.367645 -0.174420
vn 0.655908 0.739267 -0.152540
vn 0.655908 0.739267 -0.152540
vn 0.913463 0.367645 -0.174420
vn 0.804959 0.555084 -0.209577
vn 0.357596 0.787030 -0.502701
vn 0.200536 0.696940 -0.688520
vn 0.393760 0.795818 -0.460030
vn 0.393760 0.795818 -0.460030
vn 0.200536 0.696940 -0.688520
vn 0.338623 0.699895 -0.628874
vn 0.998328 0.046021 0.034984
vn 0.663970 0.740916 -0.100928
vn 0.816668 0.350166 -0.458734
vn 0.816668 0.350166 -0.458734
vn 0.663970 0.740916 -0.100928
vn 0.415674 0.900384 -0.128541
vn 0.980792 0.172916 -0.090258
vn 0.988629 0.149820 -0.012906
vn 0.913199 -0.399526 -0.080287
vn 0.913199 -0.399526 -0.080287
vn 0.988629 0.149820 -0.012906
vn 0.998322 -0.017190 0.055299
vn 0.761536 -0.554701 -0.335216
vn 0.991581 -0.039407 -0.123348
vn 0.955947 -0.216949 -0.197733
vn 0.955947 -0.216949 -0.197733
vn 0.991581 -0.039407 -0.123348
vn 0.986626 0.057121 -0.152667
vn 0.698933 0.711753 -0.070007
vn 0.699051 0.711326 -0.073100
vn 0.806481 0.590324 0.033269
vn 0.624440 0.776429 -0.085047
vn 0.473523 0.865031 -0.165825
vn 0.721403 0.682279 0.118634
vn 0.721403 0.682279 0.118634
vn 0.473523 0.865031 -0.165825
vn 0.660023 0.743930 0.104588
vn 0.177648 -0.871963 0.456203
vn 0.819987 -0.120897 0.559468
vn 0.541313 -0.644638 0.539835
vn 0.415674 0.900384 -0.128541
vn 0.115401 0.946001 -0.302927
vn 0.816668 0.350166 -0.458734
vn 0.690288 -0.588039 0.421561
vn 0.547475 -0.741602 0.387682
vn 0.915735 -0.256885 0.308931
vn -0.390193 -0.919904 0.039062
vn -0.393958 -0.910738 -0.123911
vn -0.569936 -0.818754 -0.069390
vn -0.549932 -0.823691 0.138232
vn -0.534560 -0.830370 0.157262
vn -0.540969 -0.827475 0.150458
vn -0.540969 -0.827475 0.150458
vn -0.534560 -0.830370 0.157262
vn -0.527144 -0.831966 0.173067
vn -0.508043 -0.845381 0.164993
vn -0.498825 -0.844246 0.196017
vn -0.438861 -0.882048 0.171441
vn -0.438861 -0.882048 0.171441
vn -0.498825 -0.844246 0.196017
vn -0.392704 -0.900755 0.185536
vn -0.540969 -0.827475 0.150458
vn -0.527144 -0.831966 0.173067
vn -0.508043 -0.845381 0.164993
vn -0.508043 -0.845381 0.164993
vn -0.527144 -0.831966 0.173067
vn -0.498825 -0.844246 0.196017
vn 0.297865 0.768052 -0.566897
vn 0.357596 0.787030 -0.502701
vn 0.699051 0.711326 -0.073100
vn 0.699051 0.711326 -0.073100
vn 0.357596 0.787030 -0.502701
vn 0.624440 0.776429 -0.085047
vn 0.985485 -0.041384 -0.164640
vn 0.995283 -0.096824 -0.006076
vn 0.981735 0.058322 -0.181095
vn 0.249233 -0.767553 0.590546
vn 0.470002 -0.662304 0.583483
vn 0.241236 -0.136234 0.960857
vn 0.241236 -0.136234 0.960857
vn 0.470002 -0.662304 0.583483
vn 0.539542 -0.003638 0.841951
vn 0.547475 -0.741602 0.387682
vn 0.497521 0.092464 0.862510
vn 0.946427 0.098345 0.307578
vn 0.245778 0.743118 -0.622389
vn -0.123042 0.484993 -0.865819
vn 0.297865 0.768052 -0.566897
vn 0.297865 0.768052 -0.566897
vn -0.123042 0.484993 -0.865819
vn 0.023005 0.595644 -0.802919
vn 0.856756 -0.515251 0.022030
vn 0.803581 -0.545830 -0.237332
vn 0.856756 -0.515251 0.022030
vn 0.856756 -0.515251 0.022030
vn 0.803581 -0.545830 -0.237332
vn 0.803581 -0.545830 -0.237332
vn 0.143332 0.930972 -0.335779
vn 0.257985 0.908505 -0.328727
vn 0.356910 0.768480 -0.531088
vn 0.356910 0.768480 -0.531088
vn 0.257985 0.908505 -0.328727
vn 0.338623 0.699895 -0.628874
vn 0.338623 0.699895 -0.628874
vn 0.257985 0.908505 -0.328727
vn 0.393760 0.795818 -0.460030
vn -0.661251 0.504537 -0.555149
vn -0.661251 0.504537 -0.555149
vn -0.661251 0.504537 -0.555149
vn 0.349821 -0.936761 0.010229
vn 0.565238 -0.820309 -0.087178
vn 0.900944 -0.422866 -0.097383
vn 0.900944 -0.422866 -0.097383
vn 0.913199 -0.399526 -0.080287
vn 0.349821 -0.936761 0.010229
vn 0.349821 -0.936761 0.010229
vn 0.913199 -0.399526 -0.080287
vn 0.357975 -0.933642 0.012909
vn 0.357596 0.787030 -0.502701
vn 0.393760 0.795818 -0.460030
vn 0.624440 0.776429 -0.085047
vn 0.624440 0.776429 -0.085047
vn 0.393760 0.795818 -0.460030
vn 0.473523 0.865031 -0.165825
vn 0.186987 0.942729 -0.276219
vn 0.257985 0.908505 -0.328727
vn 0.143332 0.930972 -0.335779
vn 0.913199 -0.399526 -0.080287
vn 0.815954 -0.562794 -0.132219
vn 0.357975 -0.933642 0.012909
vn 0.357975 -0.933642 0.012909
vn 0.815954 -0.562794 -0.132219
vn 0.214293 -0.976478 -0.023871
vn 0.913199 -0.399526 -0.080287
vn 0.998322 -0.017190 0.055299
vn 0.815954 -0.562794 -0.132219
vn 0.815954 -0.562794 -0.132219
vn 0.998322 -0.017190 0.055299
vn 0.915554 0.368678 -0.160742
vn 0.415674 0.900384 -0.128541
vn 0.663970 0.740916 -0.100928
vn 0.647884 0.759052 -0.063932
vn 0.980885 0.145842 -0.128823
vn 0.944743 0.286873 -0.158633
vn 0.749655 -0.660678 0.039021
vn 0.749655 -0.660678 0.039021
vn 0.944743 0.286873 -0.158633
vn 0.572551 -0.784052 -0.239683
vn 0.186987 0.942729 -0.276219
vn 0.378439 0.764153 -0.522354
vn 0.473523 0.865031 -0.165825
vn 0.378439 0.764153 -0.522354
vn 0.915554 0.368678 -0.160742
vn 0.473523 0.865031 -0.165825
vn 0.995206 -0.097422 -0.008617
vn 0.983029 0.095020 -0.156922
vn 0.995283 -0.096824 -0.006076
vn 0.995283 -0.096824 -0.006076
vn 0.983029 0.095020 -0.156922
vn 0.981735 0.058322 -0.181095
vn 0.946427 0.098345 0.307578
vn 0.915735 -0.256885 0.308931
vn 0.547475 -0.741602 0.387682
vn 0.552945 -0.750287 0.362384
vn 0.942535 -0.143230 0.301850
vn 0.669163 -0.492272 0.556677
vn 0.816668 0.350166 -0.458734
vn 0.328972 -0.776615 -0.537259
vn 0.761536 -0.554701 -0.335216
vn -0.512937 -0.835856 0.195554
vn -0.527144 -0.831966 0.173067
vn -0.518844 -0.836515 0.176191
vn -0.518844 -0.836515 0.176191
vn -0.527144 -0.831966 0.173067
vn -0.534560 -0.830370 0.157262
vn -0.489086 -0.842225 0.226830
vn -0.419813 -0.873142 0.247750
vn -0.498825 -0.844246 0.196017
vn -0.498825 -0.844246 0.196017
vn -0.419813 -0.873142 0.247750
vn -0.392704 -0.900755 0.185536
vn -0.489086 -0.842225 0.226830
vn -0.498825 -0.844246 0.196017
vn -0.512937 -0.835856 0.195554
vn -0.512937 -0.835856 0.195554
vn -0.498825 -0.844246 0.196017
vn -0.527144 -0.831966 0.173067
vn 0.517731 -0.759077 0.394661
vn 0.047853 -0.998806 -0.009881
vn 0.669163 -0.492272 0.556677
vn -0.392704 -0.900755 0.185536
vn -0.419813 -0.873142 0.247750
vn -0.010212 -0.979039 0.203418
vn -0.010212 -0.979039 0.203418
vn -0.419813 -0.873142 0.247750
vn 0.547475 -0.741602 0.387682
vn 0.974205 -0.125847 -0.187313
vn 0.939312 -0.251490 -0.233338
vn 0.999148 0.000000 -0.041258
vn 0.954916 -0.183416 0.233438
vn 0.998328 0.046021 0.034984
vn 0.565238 -0.820309 -0.087178
vn 0.565238 -0.820309 -0.087178
vn 0.998328 0.046021 0.034984
vn 0.955947 -0.216949 -0.197733
vn 0.858809 -0.488840 -0.153242
vn 0.572551 -0.784052 -0.239683
vn 0.913463 0.367645 -0.174420
vn 0.913463 0.367645 -0.174420
vn 0.572551 -0.784052 -0.239683
vn 0.944743 0.286873 -0.158633
vn -0.282625 -0.947577 -0.149070
vn -0.213690 -0.976771 -0.015945
vn -0.056174 -0.970413 -0.234824
vn -0.056174 -0.970413 -0.234824
vn -0.213690 -0.976771 -0.015945
vn 0.565238 -0.820309 -0.087178
vn 0.998322 -0.017190 0.055299
vn 0.915735 -0.256885 0.308931
vn 0.946427 0.098345 0.307578
vn 0.913879 0.192218 -0.357601
vn 0.896606 0.289973 -0.334685
vn 0.963442 -0.189425 -0.189465
vn 0.915206 0.393175 0.088386
vn 0.881509 0.338578 0.329099
vn 0.942535 -0.143230 0.301850
vn 0.761536 -0.554701 -0.335216
vn 0.901647 -0.389207 -0.188547
vn 0.991581 -0.039407 -0.123348
vn 0.980792 0.172916 -0.090258
vn 0.913199 -0.399526 -0.080287
vn 0.980194 0.138361 -0.141693
vn 0.980194 0.138361 -0.141693
vn 0.913199 -0.399526 -0.080287
vn 0.900944 -0.422866 -0.097383
vn 0.245778 0.743118 -0.622389
vn 0.297865 0.768052 -0.566897
vn 0.698933 0.711753 -0.070007
vn 0.698933 0.711753 -0.070007
vn 0.297865 0.768052 -0.566897
vn 0.699051 0.711326 -0.073100
vn 0.998322 -0.017190 0.055299
vn 0.915206 0.393175 0.088386
vn 0.915735 -0.256885 0.308931
vn 0.915735 -0.256885 0.308931
vn 0.915206 0.393175 0.088386
vn 0.942535 -0.143230 0.301850
vn 0.578358 0.394873 0.713846
vn 0.669163 -0.492272 0.556677
vn 0.461091 0.825778 0.324787
vn 0.461091 0.825778 0.324787
vn 0.669163 -0.492272 0.556677
vn 0.881509 0.338578 0.329099
vn 0.201940 -0.974992 -0.092793
vn -0.056174 -0.970413 -0.234824
vn 0.565238 -0.820309 -0.087178
vn 0.915206 0.393175 0.088386
vn 0.998322 -0.017190 0.055299
vn 0.988629 0.149820 -0.012906
vn 0.777959 0.627679 0.028251
vn 0.806481 0.590324 0.033269
vn 0.699051 0.711326 -0.073100
vn 0.995983 0.088648 0.012604
vn 0.953629 -0.065043 -0.293872
vn 0.945399 -0.194213 -0.261730
vn 0.828924 0.549158 -0.106350
vn 0.633400 0.770395 -0.072773
vn 0.818846 0.570830 -0.060368
vn 0.818846 0.570830 -0.060368
vn 0.633400 0.770395 -0.072773
vn 0.485080 0.873797 0.034285
vn 0.233809 -0.964534 0.122505
vn 0.238902 -0.943272 0.230571
vn 0.000000 -0.994267 0.106930
vn 0.000000 -0.994267 0.106930
vn 0.238902 -0.943272 0.230571
vn 0.000000 -0.977261 0.212038
vn 0.000000 -0.988206 0.153132
vn 0.000000 -0.988206 0.153132
vn -0.439493 -0.887652 0.137550
vn 0.762140 -0.219947 -0.608906
vn 0.945399 -0.194213 -0.261730
vn 0.953629 -0.065043 -0.293872
vn 0.482555 -0.869735 -0.103446
vn 0.858809 -0.488840 -0.153242
vn 0.331927 -0.921709 -0.200691
vn 0.331927 -0.921709 -0.200691
vn 0.858809 -0.488840 -0.153242
vn 0.901647 -0.389207 -0.188547
vn 0.415674 0.900384 -0.128541
vn 0.647884 0.759052 -0.063932
vn 0.551541 0.832260 -0.056088
vn 0.572551 -0.784052 -0.239683
vn 0.858809 -0.488840 -0.153242
vn 0.482555 -0.869735 -0.103446
vn 0.761536 -0.554701 -0.335216
vn 0.328972 -0.776615 -0.537259
vn 0.331927 -0.921709 -0.200691
vn -0.033132 -0.955038 -0.294625
vn 0.331927 -0.921709 -0.200691
vn 0.328972 -0.776615 -0.537259
vn -0.350664 -0.911262 -0.215956
vn -0.393958 -0.910738 -0.123911
vn -0.282625 -0.947577 -0.149070
vn 0.919918 -0.368634 0.133639
vn 0.995283 -0.096824 -0.006076
vn 0.992801 0.107549 -0.052711
vn 0.993116 -0.038013 -0.110791
vn 0.999148 0.000000 -0.041258
vn 0.939312 -0.251490 -0.233338
vn 0.901647 -0.389207 -0.188547
vn 0.880782 0.430036 -0.198224
vn 0.991581 -0.039407 -0.123348
vn 0.991581 -0.039407 -0.123348
vn 0.880782 0.430036 -0.198224
vn 0.865126 0.474127 -0.163588
vn -0.350664 -0.911262 -0.215956
vn -0.282625 -0.947577 -0.149070
vn -0.033132 -0.955038 -0.294625
vn -0.033132 -0.955038 -0.294625
vn -0.282625 -0.947577 -0.149070
vn -0.056174 -0.970413 -0.234824
vn 0.541313 -0.644638 0.539835
vn 0.552945 -0.750287 0.362384
vn 0.177648 -0.871963 0.456203
vn 0.804959 0.555084 -0.209577
vn 0.581695 0.803378 -0.127334
vn 0.822639 0.503458 -0.264188
vn 0.822639 0.503458 -0.264188
vn 0.581695 0.803378 -0.127334
vn 0.000000 0.990118 -0.140236
vn 0.818846 0.570830 -0.060368
vn 0.980792 0.172916 -0.090258
vn 0.828924 0.549158 -0.106350
vn 0.828924 0.549158 -0.106350
vn 0.980792 0.172916 -0.090258
vn 0.980194 0.138361 -0.141693
vn 0.461091 0.825778 0.324787
vn 0.440165 0.891502 0.107142
vn 0.000000 0.957830 0.287337
vn 0.000000 0.957830 0.287337
vn 0.440165 0.891502 0.107142
vn 0.000000 0.992867 0.119232
vn 0.000000 -0.994228 0.107284
vn 0.206029 -0.973012 0.103926
vn 0.000000 -0.995498 0.094787
vn 0.000000 -0.995498 0.094787
vn 0.206029 -0.973012 0.103926
vn 0.214060 -0.970477 0.111142
vn 0.992801 0.107549 -0.052711
vn 0.995283 -0.096824 -0.006076
vn 0.985485 -0.041384 -0.164640
vn 0.000000 0.999864 0.016480
vn 0.581695 0.803378 -0.127334
vn 0.980885 0.145842 -0.128823
vn 0.980885 0.145842 -0.128823
vn 0.581695 0.803378 -0.127334
vn 0.944743 0.286873 -0.158633
vn 0.547475 -0.741602 0.387682
vn 0.690288 -0.588039 0.421561
vn 0.238902 -0.943272 0.230571
vn 0.992801 0.107549 -0.052711
vn 0.985485 -0.041384 -0.164640
vn 0.999148 0.000000 -0.041258
vn 0.944743 0.286873 -0.158633
vn 0.581695 0.803378 -0.127334
vn 0.913463 0.367645 -0.174420
vn 0.913463 0.367645 -0.174420
vn 0.581695 0.803378 -0.127334
vn 0.804959 0.555084 -0.209577
vn -0.274202 -0.952258 -0.134231
vn -0.413611 -0.876113 -0.247692
vn -0.393958 -0.910738 -0.123911
vn 0.000000 -0.999473 0.032457
vn 0.482555 -0.869735 -0.103446
vn 0.000000 -0.985120 -0.171869
vn 0.000000 -0.985120 -0.171869
vn 0.482555 -0.869735 -0.103446
vn 0.331927 -0.921709 -0.200691
vn 0.761536 -0.554701 -0.335216
vn 0.955947 -0.216949 -0.197733
vn 0.816668 0.350166 -0.458734
vn 0.955947 -0.216949 -0.197733
vn 0.998328 0.046021 0.034984
vn 0.816668 0.350166 -0.458734
vn 0.000000 -0.947644 -0.319328
vn -0.033132 -0.955038 -0.294625
vn 0.000000 -0.917499 -0.397738
vn 0.000000 -0.917499 -0.397738
vn -0.033132 -0.955038 -0.294625
vn -0.056174 -0.970413 -0.234824
vn 0.991581 -0.039407 -0.123348
vn 0.865126 0.474127 -0.163588
vn 0.986626 0.057121 -0.152667
vn 0.986626 0.057121 -0.152667
vn 0.865126 0.474127 -0.163588
vn 0.850472 0.506989 -0.140215
vn 0.000000 -0.982994 0.183635
vn 0.000000 -0.816518 0.577319
vn 0.749655 -0.660678 0.039021
vn 0.749655 -0.660678 0.039021
vn 0.000000 -0.816518 0.577319
vn 0.919918 -0.368634 0.133639
vn 0.807972 0.586533 -0.056217
vn 0.000000 0.999955 0.009538
vn 0.655908 0.739267 -0.152540
vn 0.000000 0.998632 -0.052296
vn 0.655908 0.739267 -0.152540
vn 0.000000 0.999955 0.009538
vn 0.807972 0.586533 -0.056217
vn 0.932590 0.285658 -0.220626
vn 0.000000 0.999955 0.009538
vn 0.000000 0.999955 0.009538
vn 0.932590 0.285658 -0.220626
vn 0.905540 0.345674 -0.245981
vn 0.905540 0.345674 -0.245981
vn 0.932590 0.285658 -0.220626
vn 0.822639 0.503458 -0.264188
vn 0.932590 0.285658 -0.220626
vn 0.804959 0.555084 -0.209577
vn 0.822639 0.503458 -0.264188
vn 0.415674 0.900384 -0.128541
vn 0.551541 0.832260 -0.056088
vn 0.275793 0.960899 -0.024718
vn -0.274202 -0.952258 -0.134231
vn -0.393958 -0.910738 -0.123911
vn -0.350664 -0.911262 -0.215956
vn 0.054193 0.981700 -0.182561
vn 0.415674 0.900384 -0.128541
vn 0.275793 0.960899 -0.024718
vn 0.206029 -0.973012 0.103926
vn 0.001257 -0.992126 0.125240
vn 0.214060 -0.970477 0.111142
vn 0.214060 -0.970477 0.111142
vn 0.001257 -0.992126 0.125240
vn -0.010212 -0.979039 0.203418
vn 0.915206 0.393175 0.088386
vn 0.988629 0.149820 -0.012906
vn 0.818846 0.570830 -0.060368
vn 0.818846 0.570830 -0.060368
vn 0.988629 0.149820 -0.012906
vn 0.980792 0.172916 -0.090258
vn 0.932590 0.285658 -0.220626
vn 0.807972 0.586533 -0.056217
vn 0.804959 0.555084 -0.209577
vn 0.804959 0.555084 -0.209577
vn 0.807972 0.586533 -0.056217
vn 0.655908 0.739267 -0.152540
vn 0.826843 0.560344 -0.048423
vn 0.691355 0.665646 0.280970
vn 0.633400 0.770395 -0.072773
vn 0.633400 0.770395 -0.072773
vn 0.691355 0.665646 0.280970
vn 0.485080 0.873797 0.034285
vn -0.569936 -0.818754 -0.069390
vn -0.393958 -0.910738 -0.123911
vn -0.413611 -0.876113 -0.247692
vn 0.476601 0.835354 -0.273925
vn 0.000000 0.868942 -0.494914
vn 0.896606 0.289973 -0.334685
vn 0.000000 -0.972018 0.234907
vn 0.802926 -0.595992 -0.010156
vn 0.000000 -0.999473 0.032457
vn 0.000000 -0.999473 0.032457
vn 0.802926 -0.595992 -0.010156
vn 0.482555 -0.869735 -0.103446
vn 0.983814 -0.177939 -0.021146
vn 0.982614 -0.080850 -0.167131
vn 0.991027 -0.110839 -0.074705
vn 0.991027 -0.110839 -0.074705
vn 0.982614 -0.080850 -0.167131
vn 0.969134 -0.070952 -0.236103
vn 0.991027 -0.110839 -0.074705
vn 0.974100 0.220800 -0.048762
vn 0.909708 -0.354699 -0.215916
vn 0.000000 0.990118 -0.140236
vn 0.581695 0.803378 -0.127334
vn 0.000000 0.999864 0.016480
vn 0.771711 0.622860 0.128480
vn 0.909708 -0.354699 -0.215916
vn 0.974100 0.220800 -0.048762
vn 0.998322 -0.017190 0.055299
vn 0.946427 0.098345 0.307578
vn 0.915554 0.368678 -0.160742
vn 0.909708 -0.354699 -0.215916
vn 0.000000 -0.872665 -0.488319
vn 0.572551 -0.784052 -0.239683
vn 0.000000 -0.872665 -0.488319
vn 0.000000 -0.932923 -0.360077
vn 0.572551 -0.784052 -0.239683
vn 0.915895 -0.379746 0.130113
vn 0.983814 -0.177939 -0.021146
vn 0.991027 -0.110839 -0.074705
vn 0.979804 0.161488 0.117927
vn 0.999148 0.000000 -0.041258
vn 0.987580 0.146737 0.056160
vn 0.969134 -0.070952 -0.236103
vn 0.974100 0.220800 -0.048762
vn 0.991027 -0.110839 -0.074705
vn 0.000000 -0.972018 0.234907
vn 0.915895 -0.379746 0.130113
vn 0.802926 -0.595992 -0.010156
vn 0.802926 -0.595992 -0.010156
vn 0.915895 -0.379746 0.130113
vn 0.991027 -0.110839 -0.074705
vn 0.909708 -0.354699 -0.215916
vn 0.802926 -0.595992 -0.010156
vn 0.991027 -0.110839 -0.074705
vn 0.512701 0.829951 -0.219816
vn 0.476601 0.835354 -0.273925
vn 0.865126 0.474127 -0.163588
vn 0.865126 0.474127 -0.163588
vn 0.476601 0.835354 -0.273925
vn 0.850472 0.506989 -0.140215
vn 0.552945 -0.750287 0.362384
vn 0.541313 -0.644638 0.539835
vn 0.942535 -0.143230 0.301850
vn 0.942535 -0.143230 0.301850
vn 0.541313 -0.644638 0.539835
vn 0.915735 -0.256885 0.308931
vn 0.802926 -0.595992 -0.010156
vn 0.909708 -0.354699 -0.215916
vn 0.482555 -0.869735 -0.103446
vn 0.476601 0.835354 -0.273925
vn 0.896606 0.289973 -0.334685
vn 0.633400 0.770395 -0.072773
vn 0.633400 0.770395 -0.072773
vn 0.896606 0.289973 -0.334685
vn 0.826843 0.560344 -0.048423
vn 0.000000 -0.932923 -0.360077
vn 0.000000 -0.977911 -0.209020
vn 0.572551 -0.784052 -0.239683
vn 0.000000 -0.996505 -0.083537
vn 0.000000 -0.967960 -0.251105
vn 0.201940 -0.974992 -0.092793
vn 0.201940 -0.974992 -0.092793
vn 0.000000 -0.967960 -0.251105
vn -0.056174 -0.970413 -0.234824
vn 0.955947 -0.216949 -0.197733
vn 0.900944 -0.422866 -0.097383
vn 0.565238 -0.820309 -0.087178
vn 0.201940 -0.974992 -0.092793
vn 0.565238 -0.820309 -0.087178
vn 0.349821 -0.936761 0.010229
vn 0.881509 0.338578 0.329099
vn 0.669163 -0.492272 0.556677
vn 0.942535 -0.143230 0.301850
vn 0.749655 -0.660678 0.039021
vn 0.572551 -0.784052 -0.239683
vn 0.000000 -0.982994 0.183635
vn 0.000000 -0.982994 0.183635
vn 0.572551 -0.784052 -0.239683
vn 0.000000 -0.977911 -0.209020
vn 0.000000 0.976579 -0.215159
vn 0.000000 0.868942 -0.494914
vn 0.476601 0.835354 -0.273925
vn 0.896606 0.289973 -0.334685
vn 0.745314 -0.664564 0.053502
vn 0.963442 -0.189425 -0.189465
vn 0.966398 0.249262 0.062798
vn 0.000000 0.707757 0.706456
vn 0.691355 0.665646 0.280970
vn 0.983458 0.178920 0.028255
vn 0.909586 0.026308 -0.414683
vn 0.969719 0.212907 -0.119646
vn 0.696925 0.304231 -0.649414
vn 0.909586 0.026308 -0.414683
vn 0.913879 0.192218 -0.357601
vn 0.966398 0.249262 0.062798
vn 0.913879 0.192218 -0.357601
vn 0.983458 0.178920 0.028255
vn 0.517731 -0.759077 0.394661
vn 0.669163 -0.492272 0.556677
vn 0.241914 -0.874935 0.419483
vn 0.819987 -0.120897 0.559468
vn 0.802497 -0.040484 0.595281
vn 0.690288 -0.588039 0.421561
vn 0.047853 -0.998806 -0.009881
vn 0.177648 -0.871963 0.456203
vn 0.552945 -0.750287 0.362384
vn 0.000000 1.000000 0.001056
vn 0.000000 0.976791 0.214193
vn -0.070724 0.995677 0.060217
vn -0.070724 0.995677 0.060217
vn 0.000000 0.976791 0.214193
vn -0.039125 0.968987 0.243995
vn 0.000000 0.962641 -0.270779
vn 0.000000 1.000000 0.001056
vn -0.130170 0.959917 -0.248225
vn -0.130170 0.959917 -0.248225
vn 0.000000 1.000000 0.001056
vn -0.070724 0.995677 0.060217
vn -0.070724 0.995677 0.060217
vn -0.179344 0.980832 -0.076184
vn -0.130170 0.959917 -0.248225
vn -0.130170 0.959917 -0.248225
vn -0.179344 0.980832 -0.076184
vn -0.259256 0.943014 -0.208591
vn 0.447225 0.682146 0.578503
vn -0.067286 0.997718 -0.005654
vn -0.070724 0.995677 0.060217
vn -0.070724 0.995677 0.060217
vn -0.067286 0.997718 -0.005654
vn -0.179344 0.980832 -0.076184
vn -0.067286 0.997718 -0.005654
vn -0.124240 0.971276 -0.202947
vn -0.179344 0.980832 -0.076184
vn -0.179344 0.980832 -0.076184
vn -0.124240 0.971276 -0.202947
vn -0.259256 0.943014 -0.208591
vn 0.000000 -0.732287 0.680996
vn -0.105797 -0.776010 0.621784
vn 0.000000 -0.948830 0.315788
vn 0.000000 -0.948830 0.315788
vn -0.105797 -0.776010 0.621784
vn -0.084262 -0.957340 0.276407
vn -0.105797 -0.776010 0.621784
vn -0.341782 -0.833477 0.434168
vn -0.084262 -0.957340 0.276407
vn -0.084262 -0.957340 0.276407
vn -0.341782 -0.833477 0.434168
vn -0.351332 -0.920455 0.171253
vn -0.341782 -0.833477 0.434168
vn -0.489012 -0.821080 0.294439
vn -0.351332 -0.920455 0.171253
vn -0.351332 -0.920455 0.171253
vn -0.489012 -0.821080 0.294439
vn 0.177648 -0.871963 0.456203
vn 0.000000 -0.948830 0.315788
vn -0.084262 -0.957340 0.276407
vn 0.000000 -0.937443 -0.348139
vn 0.000000 -0.937443 -0.348139
vn -0.084262 -0.957340 0.276407
vn -0.209969 -0.901547 -0.378320
vn -0.355806 -0.884947 -0.300451
vn -0.209969 -0.901547 -0.378320
vn -0.351332 -0.920455 0.171253
vn -0.351332 -0.920455 0.171253
vn -0.209969 -0.901547 -0.378320
vn -0.084262 -0.957340 0.276407
vn 0.047853 -0.998806 -0.009881
vn -0.355806 -0.884947 -0.300451
vn 0.177648 -0.871963 0.456203
vn 0.177648 -0.871963 0.456203
vn -0.355806 -0.884947 -0.300451
vn -0.351332 -0.920455 0.171253
vn 0.047853 -0.998806 -0.009881
vn -0.372658 -0.781623 -0.500191
vn -0.355806 -0.884947 -0.300451
vn -0.209969 -0.901547 -0.378320
vn -0.238959 -0.797655 -0.553755
vn 0.000000 -0.937443 -0.348139
vn 0.000000 -0.937443 -0.348139
vn -0.238959 -0.797655 -0.553755
vn 0.000000 -0.824493 -0.565872
vn 0.177648 -0.871963 0.456203
vn 0.447225 0.682146 0.578503
vn 0.819987 -0.120897 0.559468
vn 0.819987 -0.120897 0.559468
vn 0.447225 0.682146 0.578503
vn 0.802497 -0.040484 0.595281
vn 0.802497 -0.040484 0.595281
vn 0.447225 0.682146 0.578503
vn 0.539542 -0.003638 0.841951
vn 0.206380 0.686750 0.696981
vn -0.039125 0.968987 0.243995
vn 0.000000 0.802594 0.596526
vn 0.000000 0.802594 0.596526
vn -0.039125 0.968987 0.243995
vn 0.000000 0.976791 0.214193
vn 0.206380 0.686750 0.696981
vn 0.000000 0.802594 0.596526
vn 0.241236 -0.136234 0.960857
vn 0.241236 -0.136234 0.960857
vn 0.000000 0.802594 0.596526
vn 0.000000 0.433750 0.901033
vn 0.206380 0.686750 0.696981
vn 0.447225 0.682146 0.578503
vn -0.039125 0.968987 0.243995
vn -0.039125 0.968987 0.243995
vn 0.447225 0.682146 0.578503
vn -0.070724 0.995677 0.060217
vn -0.238959 -0.797655 -0.553755
vn -0.209969 -0.901547 -0.378320
vn -0.372658 -0.781623 -0.500191
vn -0.209969 -0.901547 -0.378320
vn -0.355806 -0.884947 -0.300451
vn -0.372658 -0.781623 -0.500191
vn 0.241236 -0.136234 0.960857
vn 0.539542 -0.003638 0.841951
vn 0.206380 0.686750 0.696981
vn 0.206380 0.686750 0.696981
vn 0.539542 -0.003638 0.841951
vn 0.447225 0.682146 0.578503
vn -0.251473 -0.626705 0.737565
vn 0.108055 -0.637135 0.763141
vn 0.108055 -0.637135 0.763141
vn 0.453533 -0.564722 0.689490
vn 0.108055 -0.637135 0.763141
vn 0.108055 -0.637135 0.763141
vn -0.083940 0.729146 -0.679191
vn -0.083940 0.729146 -0.679191
vn -0.083940 0.729146 -0.679191
vn -0.258943 0.048108 0.964694
vn 0.100984 0.070542 0.992384
vn 0.100984 0.070542 0.992384
vn 0.447701 0.083748 0.890253
vn 0.100984 0.070542 0.992384
vn 0.100984 0.070542 0.992384
vn -0.101020 0.027618 -0.994501
vn -0.101020 0.027618 -0.994501
vn -0.101020 0.027618 -0.994501
vn 0.135076 -0.413268 0.900535
vn 0.460763 -0.393971 0.795289
vn 0.460763 -0.393971 0.795289
vn 0.732301 -0.328374 0.596578
vn 0.460763 -0.393971 0.795289
vn 0.460763 -0.393971 0.795289
vn -0.450322 0.495441 -0.742798
vn -0.450322 0.495441 -0.742798
vn -0.450322 0.495441 -0.742798
vn 0.228603 -0.459354 0.858332
vn 0.579082 -0.447943 0.681184
vn 0.579082 -0.447943 0.681184
vn 0.840181 -0.367394 0.398896
vn 0.579082 -0.447943 0.681184
vn 0.579082 -0.447943 0.681184
vn -0.543344 0.541441 -0.641575
vn -0.543344 0.541441 -0.641575
vn -0.543344 0.541441 -0.641575
vn 0.191477 -0.173949 0.965960
vn 0.191477 -0.173949 0.965960
vn 0.191477 -0.173949 0.965960
vn 0.976332 0.135615 0.168476
vn 0.976332 0.135615 0.168476
vn 0.976332 0.135615 0.168476
vn -0.720434 0.211823 -0.660383
vn -0.720434 0.211823 -0.660383
vn -0.720434 0.211823 -0.660383
vn 0.644493 -0.291546 0.706845
vn 0.887410 -0.190076 0.419969
vn 0.887410 -0.190076 0.419969
vn 0.995794 -0.059790 0.069425
vn 0.887410 -0.190076 0.419969
vn 0.887410 -0.190076 0.419969
vn -0.879306 0.301513 -0.368661
vn -0.879306 0.301513 -0.368661
vn -0.879306 0.301513 -0.368661
vn 0.707726 -0.130095 0.694406
vn 0.923373 -0.093742 0.372284
vn 0.923373 -0.093742 0.372284
vn 0.999048 -0.043180 -0.006271
vn 0.923373 -0.093742 0.372284
vn 0.923373 -0.093742 0.372284
vn -0.913049 0.213690 -0.347388
vn -0.913049 0.213690 -0.347388
vn -0.913049 0.213690 -0.347388
vn 0.842635 -0.218340 0.492233
vn 0.982311 -0.125977 0.138545
vn 0.982311 -0.125977 0.138545
vn 0.971560 -0.014322 -0.236360
vn 0.982311 -0.125977 0.138545
vn 0.982311 -0.125977 0.138545
vn -0.961565 0.254995 -0.101833
vn -0.961565 0.254995 -0.101833
vn -0.961565 0.254995 -0.101833
vn 0.784724 -0.242707 0.570352
vn 0.942998 -0.163031 0.290131
vn 0.942998 -0.163031 0.290131
vn 0.997615 -0.065434 -0.021981
vn 0.942998 -0.163031 0.290131
vn 0.942998 -0.163031 0.290131
vn -0.932667 0.269388 -0.239922
vn -0.932667 0.269388 -0.239922
vn -0.932667 0.269388 -0.239922
vn 0.191798 -0.150943 0.969758
vn 0.191798 -0.150943 0.969758
vn 0.191798 -0.150943 0.969758
vn 0.977709 0.128356 0.166165
vn 0.977709 0.128356 0.166165
vn 0.977709 0.128356 0.166165
vn -0.720497 0.201880 -0.663422
vn -0.720497 0.201880 -0.663422
vn -0.720497 0.201880 -0.663422
vn -0.201575 -0.038529 0.978715
vn -0.201575 -0.038529 0.978715
vn -0.201575 -0.038529 0.978715
vn 0.860625 0.088690 0.501456
vn 0.860625 0.088690 0.501456
vn 0.860625 0.088690 0.501456
vn -0.414074 0.152198 -0.897429
vn -0.414074 0.152198 -0.897429
vn -0.414074 0.152198 -0.897429
vn 0.222264 -0.111739 0.968562
vn 0.563512 -0.085497 0.821672
vn 0.563512 -0.085497 0.821672
vn 0.826592 -0.047395 0.560803
vn 0.563512 -0.085497 0.821672
vn 0.563512 -0.085497 0.821672
vn -0.526743 0.184690 -0.829718
vn -0.526743 0.184690 -0.829718
vn -0.526743 0.184690 -0.829718
vn 0.673791 -0.467952 0.571862
vn 0.351134 -0.495607 0.794404
vn 0.351134 -0.495607 0.794404
vn -0.025737 -0.446742 0.894293
vn 0.351134 -0.495607 0.794404
vn 0.351134 -0.495607 0.794404
vn -0.377287 0.390046 -0.839952
vn -0.377287 0.390046 -0.839952
vn -0.377287 0.390046 -0.839952
vn 0.647265 -0.387971 0.656145
vn 0.647265 -0.387971 0.656145
vn 0.647265 -0.387971 0.656145
vn -0.563625 -0.402329 0.721428
vn -0.563625 -0.402329 0.721428
vn -0.563625 -0.402329 0.721428
vn -0.047734 0.346291 -0.936912
vn -0.047734 0.346291 -0.936912
vn -0.047734 0.346291 -0.936912
vn 0.910053 -0.343942 0.231317
vn 0.910053 -0.343942 0.231317
vn 0.910053 -0.343942 0.231317
vn -0.071885 -0.439046 0.895584
vn -0.071885 -0.439046 0.895584
vn -0.071885 -0.439046 0.895584
vn -0.554506 0.290645 -0.779775
vn -0.554506 0.290645 -0.779775
vn -0.554506 0.290645 -0.779775
vn 0.929696 -0.366888 -0.032539
vn 0.929696 -0.366888 -0.032539
vn 0.929696 -0.366888 -0.032539
vn 0.186598 -0.403235 0.895870
vn 0.186598 -0.403235 0.895870
vn 0.186598 -0.403235 0.895870
vn -0.749390 0.289875 -0.595304
vn -0.749390 0.289875 -0.595304
vn -0.749390 0.289875 -0.595304
vn 0.891201 -0.358876 -0.277433
vn 0.891201 -0.358876 -0.277433
vn 0.891201 -0.358876 -0.277433
vn 0.420787 -0.396318 0.816009
vn 0.420787 -0.396318 0.816009
vn 0.420787 -0.396318 0.816009
vn -0.884693 0.274531 -0.376763
vn -0.884693 0.274531 -0.376763
vn -0.884693 0.274531 -0.376763
vn 0.847723 -0.366891 -0.383088
vn 0.847723 -0.366891 -0.383088
vn 0.847723 -0.366891 -0.383088
vn 0.512788 -0.403237 0.757924
vn 0.512788 -0.403237 0.757924
vn 0.512788 -0.403237 0.757924
vn -0.919302 0.289876 -0.266187
vn -0.919302 0.289876 -0.266187
vn -0.919302 0.289876 -0.266187
vn 0.679365 -0.404358 -0.612338
vn 0.679365 -0.404358 -0.612338
vn 0.679365 -0.404358 -0.612338
vn 0.720455 -0.387080 0.575425
vn 0.720455 -0.387080 0.575425
vn 0.720455 -0.387080 0.575425
vn -0.952333 0.304186 0.023074
vn -0.952333 0.304186 0.023074
vn -0.952333 0.304186 0.023074
vn 0.936642 -0.021379 0.349636
vn 0.802999 0.581071 0.132469
vn 0.604445 0.416884 0.678862
vn 0.936642 -0.021379 0.349636
vn 0.948280 0.139993 -0.284899
vn 0.802999 0.581071 0.132469
vn 0.802999 0.581071 0.132469
vn 0.531317 0.845992 -0.044719
vn 0.604445 0.416884 0.678862
vn 0.604445 0.416884 0.678862
vn 0.531317 0.845992 -0.044719
vn 0.255958 0.609906 0.750000
vn 0.604445 0.416884 0.678862
vn 0.255958 0.609906 0.750000
vn 0.546944 -0.170277 0.819670
vn 0.546944 -0.170277 0.819670
vn 0.255958 0.609906 0.750000
vn 0.176732 -0.232516 0.956401
vn 0.936642 -0.021379 0.349636
vn 0.876236 -0.462340 -0.135837
vn 0.948280 0.139993 -0.284899
vn 0.176732 -0.232516 0.956401
vn 0.354251 -0.857236 0.373701
vn 0.546944 -0.170277 0.819670
vn 0.546944 -0.170277 0.819670
vn 0.354251 -0.857236 0.373701
vn 0.674606 -0.607689 0.419072
vn 0.936642 -0.021379 0.349636
vn 0.674606 -0.607689 0.419072
vn 0.876236 -0.462340 -0.135837
vn 0.936642 -0.021379 0.349636
vn 0.546944 -0.170277 0.819670
vn 0.674606 -0.607689 0.419072
vn 0.354251 -0.857236 0.373701
vn 0.631540 -0.644170 -0.431512
vn 0.674606 -0.607689 0.419072
vn 0.674606 -0.607689 0.419072
vn 0.631540 -0.644170 -0.431512
vn 0.876236 -0.462340 -0.135837
vn 0.936642 -0.021379 0.349636
vn 0.604445 0.416884 0.678862
vn 0.546944 -0.170277 0.819670
vn 0.876236 -0.462340 -0.135837
vn 0.631540 -0.644170 -0.431512
vn 0.948280 0.139993 -0.284899
vn 0.948280 0.139993 -0.284899
vn 0.631540 -0.644170 -0.431512
vn 0.729674 0.214810 -0.649178
vn 0.948280 0.139993 -0.284899
vn 0.729674 0.214810 -0.649178
vn 0.802999 0.581071 0.132469
vn 0.802999 0.581071 0.132469
vn 0.729674 0.214810 -0.649178
vn 0.531317 0.845992 -0.044719
vn 0.392704 -0.900755 0.185536
vn -0.001257 -0.992126 0.125240
vn 0.010212 -0.979039 0.203418
vn 0.000000 0.969798 -0.243908
vn -0.512701 0.829951 -0.219816
vn 0.000000 0.976579 -0.215159
vn 0.000000 0.976579 -0.215159
vn -0.512701 0.829951 -0.219816
vn -0.476601 0.835354 -0.273925
vn -0.669163 -0.492272 0.556677
vn 0.000000 -0.739591 0.673057
vn -0.578358 0.394873 0.713846
vn -0.578358 0.394873 0.713846
vn 0.000000 -0.739591 0.673057
vn 0.000000 -0.493817 0.869566
vn 0.000000 -0.739591 0.673057
vn -0.669163 -0.492272 0.556677
vn 0.000000 -0.899986 0.435918
vn 0.000000 -0.899986 0.435918
vn -0.669163 -0.492272 0.556677
vn -0.241914 -0.874935 0.419483
vn 0.438861 -0.882048 0.171441
vn 0.406316 -0.896448 0.176884
vn 0.392704 -0.900755 0.185536
vn -0.214060 -0.970477 0.111142
vn 0.000000 -0.995498 0.094787
vn -0.233809 -0.964534 0.122505
vn -0.233809 -0.964534 0.122505
vn 0.000000 -0.995498 0.094787
vn 0.000000 -0.994267 0.106930
vn -0.349821 -0.936761 0.010229
vn 0.000000 -0.999821 -0.018933
vn -0.357975 -0.933642 0.012909
vn -0.357975 -0.933642 0.012909
vn 0.000000 -0.999821 -0.018933
vn 0.000000 -0.998308 0.058142
vn 0.033132 -0.955038 -0.294625
vn -0.331927 -0.921709 -0.200691
vn 0.000000 -0.947644 -0.319328
vn 0.000000 -0.947644 -0.319328
vn -0.331927 -0.921709 -0.200691
vn 0.000000 -0.985120 -0.171869
vn -0.238902 -0.943272 0.230571
vn -0.249233 -0.767553 0.590546
vn -0.690288 -0.588039 0.421561
vn -0.690288 -0.588039 0.421561
vn -0.249233 -0.767553 0.590546
vn -0.470002 -0.662304 0.583483
vn -0.485080 0.873797 0.034285
vn -0.818846 0.570830 -0.060368
vn -0.440165 0.891502 0.107142
vn -0.440165 0.891502 0.107142
vn -0.818846 0.570830 -0.060368
vn -0.915206 0.393175 0.088386
vn -0.761536 -0.554701 -0.335216
vn -0.901647 -0.389207 -0.188547
vn -0.331927 -0.921709 -0.200691
vn -0.880782 0.430036 -0.198224
vn -0.913463 0.367645 -0.174420
vn -0.901647 -0.389207 -0.188547
vn -0.901647 -0.389207 -0.188547
vn -0.913463 0.367645 -0.174420
vn -0.858809 -0.488840 -0.153242
vn -0.856756 -0.515251 0.022030
vn -0.849074 -0.448074 0.279827
vn -0.856756 -0.515251 0.022030
vn -0.828924 0.549158 -0.106350
vn -0.850472 0.506989 -0.140215
vn -0.980194 0.138361 -0.141693
vn -0.980194 0.138361 -0.141693
vn -0.850472 0.506989 -0.140215
vn -0.986626 0.057121 -0.152667
vn -0.547475 -0.741602 0.387682
vn 0.010212 -0.979039 0.203418
vn -0.233809 -0.964534 0.122505
vn -0.233809 -0.964534 0.122505
vn 0.010212 -0.979039 0.203418
vn -0.214060 -0.970477 0.111142
vn -0.946427 0.098345 0.307578
vn -0.915554 0.368678 -0.160742
vn -0.660023 0.743930 0.104588
vn -0.660023 0.743930 0.104588
vn -0.915554 0.368678 -0.160742
vn -0.473523 0.865031 -0.165825
vn -0.357975 -0.933642 0.012909
vn 0.000000 -0.998308 0.058142
vn -0.206029 -0.973012 0.103926
vn -0.206029 -0.973012 0.103926
vn 0.000000 -0.998308 0.058142
vn 0.000000 -0.994228 0.107284
vn 0.000000 -0.819065 0.573701
vn -0.249233 -0.767553 0.590546
vn 0.000000 -0.977261 0.212038
vn 0.000000 -0.977261 0.212038
vn -0.249233 -0.767553 0.590546
vn -0.238902 -0.943272 0.230571
vn -0.001257 -0.992126 0.125240
vn -0.214293 -0.976478 -0.023871
vn -0.206029 -0.973012 0.103926
vn -0.206029 -0.973012 0.103926
vn -0.214293 -0.976478 -0.023871
vn -0.357975 -0.933642 0.012909
vn 0.419763 -0.889909 0.178497
vn 0.367388 -0.924897 0.097937
vn 0.406316 -0.896448 0.176884
vn 0.406316 -0.896448 0.176884
vn 0.367388 -0.924897 0.097937
vn 0.392704 -0.900755 0.185536
vn -0.001257 -0.992126 0.125240
vn 0.392704 -0.900755 0.185536
vn -0.214293 -0.976478 -0.023871
vn 0.392704 -0.900755 0.185536
vn 0.367388 -0.924897 0.097937
vn -0.214293 -0.976478 -0.023871
vn -0.485080 0.873797 0.034285
vn 0.000000 0.995926 0.090170
vn -0.691355 0.665646 0.280970
vn -0.691355 0.665646 0.280970
vn 0.000000 0.995926 0.090170
vn 0.000000 0.865731 0.500510
vn -0.910910 0.367401 0.187776
vn -0.983458 0.178920 0.028255
vn 0.000000 0.707757 0.706456
vn -0.914438 0.392741 -0.097760
vn -0.969719 0.212907 -0.119646
vn -0.910910 0.367401 0.187776
vn -0.909708 -0.354699 -0.215916
vn -0.482555 -0.869735 -0.103446
vn -0.572551 -0.784052 -0.239683
vn -0.909586 0.026308 -0.414683
vn -0.913879 0.192218 -0.357601
vn -0.983458 0.178920 0.028255
vn -0.925379 0.145430 -0.350033
vn -0.909586 0.026308 -0.414683
vn -0.969719 0.212907 -0.119646
vn -0.980885 0.145842 -0.128823
vn -0.919918 -0.368634 0.133639
vn -0.749655 -0.660678 0.039021
vn -0.910910 0.367401 0.187776
vn -0.969719 0.212907 -0.119646
vn -0.983458 0.178920 0.028255
vn -0.955947 -0.216949 -0.197733
vn -0.900944 -0.422866 -0.097383
vn -0.986626 0.057121 -0.152667
vn -0.986626 0.057121 -0.152667
vn -0.900944 -0.422866 -0.097383
vn -0.980194 0.138361 -0.141693
vn -0.963442 -0.189425 -0.189465
vn -0.901563 0.210223 -0.378140
vn -0.950105 -0.294200 -0.103666
vn -0.826843 0.560344 -0.048423
vn -0.691355 0.665646 0.280970
vn -0.966398 0.249262 0.062798
vn 0.000000 0.865731 0.500510
vn 0.000000 0.707757 0.706456
vn -0.691355 0.665646 0.280970
vn 0.213690 -0.976771 -0.015945
vn 0.390193 -0.919904 0.039062
vn 0.282625 -0.947577 -0.149070
vn 0.282625 -0.947577 -0.149070
vn 0.390193 -0.919904 0.039062
vn 0.393958 -0.910738 -0.123911
vn 0.000000 0.933347 0.358976
vn 0.000000 0.957830 0.287337
vn -0.578358 0.394873 0.713846
vn -0.578358 0.394873 0.713846
vn 0.000000 0.957830 0.287337
vn -0.461091 0.825778 0.324787
vn -0.995283 -0.096824 -0.006076
vn -0.914805 -0.335989 0.224149
vn -0.919918 -0.368634 0.133639
vn -0.919918 -0.368634 0.133639
vn -0.914805 -0.335989 0.224149
vn 0.000000 -0.816518 0.577319
vn -0.914805 -0.335989 0.224149
vn -0.995283 -0.096824 -0.006076
vn -0.948489 -0.284099 0.140198
vn -0.948489 -0.284099 0.140198
vn -0.995283 -0.096824 -0.006076
vn -0.995206 -0.097422 -0.008617
vn -0.297865 0.768052 -0.566897
vn -0.357596 0.787030 -0.502701
vn -0.023005 0.595644 -0.802919
vn -0.023005 0.595644 -0.802919
vn -0.357596 0.787030 -0.502701
vn -0.200536 0.696940 -0.688520
vn -0.998328 0.046021 0.034984
vn -0.811574 -0.045573 0.582470
vn -0.954916 -0.183416 0.233438
vn 0.000000 -0.391109 -0.920344
vn 0.000000 -0.391109 -0.920344
vn 0.111063 -0.388690 -0.914650
vn -0.974205 -0.125847 -0.187313
vn -0.985485 -0.041384 -0.164640
vn -0.999148 0.000000 -0.041258
vn 0.000000 0.227457 -0.973788
vn -0.164497 0.224358 -0.960523
vn 0.000000 0.227457 -0.973788
vn -0.461091 0.825778 0.324787
vn -0.440165 0.891502 0.107142
vn -0.881509 0.338578 0.329099
vn -0.881509 0.338578 0.329099
vn -0.440165 0.891502 0.107142
vn -0.915206 0.393175 0.088386
vn -0.953629 -0.065043 -0.293872
vn -0.883925 -0.035444 -0.466284
vn -0.993116 -0.038013 -0.110791
vn -0.883925 -0.035444 -0.466284
vn -0.953629 -0.065043 -0.293872
vn -0.762140 -0.219947 -0.608906
vn -0.993116 -0.038013 -0.110791
vn -0.999148 0.000000 -0.041258
vn -0.987580 0.146737 0.056160
vn -0.476601 0.835354 -0.273925
vn -0.850472 0.506989 -0.140215
vn -0.633400 0.770395 -0.072773
vn -0.633400 0.770395 -0.072773
vn -0.850472 0.506989 -0.140215
vn -0.828924 0.549158 -0.106350
vn -0.699051 0.711326 -0.073100
vn -0.777959 0.627679 0.028251
vn -0.624440 0.776429 -0.085047
vn -0.624440 0.776429 -0.085047
vn -0.777959 0.627679 0.028251
vn -0.721403 0.682279 0.118634
vn -0.953629 -0.065043 -0.293872
vn -0.993116 -0.038013 -0.110791
vn -0.995983 0.088648 0.012604
vn -0.995983 0.088648 0.012604
vn -0.993116 -0.038013 -0.110791
vn -0.987580 0.146737 0.056160
vn -0.950105 -0.294200 -0.103666
vn -0.745314 -0.664564 0.053502
vn -0.963442 -0.189425 -0.189465
vn -0.539542 -0.003638 0.841951
vn -0.802497 -0.040484 0.595281
vn -0.470002 -0.662304 0.583483
vn -0.470002 -0.662304 0.583483
vn -0.802497 -0.040484 0.595281
vn -0.690288 -0.588039 0.421561
vn 0.012194 0.912156 -0.409663
vn -0.054193 0.981700 -0.182561
vn -0.115401 0.946001 -0.302927
vn -0.115401 0.946001 -0.302927
vn -0.054193 0.981700 -0.182561
vn -0.415674 0.900384 -0.128541
vn 0.000000 0.999864 0.016480
vn -0.992801 0.107549 -0.052711
vn -0.980885 0.145842 -0.128823
vn -0.901563 0.210223 -0.378140
vn -0.963442 -0.189425 -0.189465
vn -0.696925 0.304231 -0.649414
vn -0.696925 0.304231 -0.649414
vn -0.963442 -0.189425 -0.189465
vn -0.913879 0.192218 -0.357601
vn 0.000000 0.969798 -0.243908
vn 0.000000 0.998632 -0.052296
vn -0.512701 0.829951 -0.219816
vn -0.512701 0.829951 -0.219816
vn 0.000000 0.998632 -0.052296
vn -0.655908 0.739267 -0.152540
vn -0.655908 0.739267 -0.152540
vn -0.880782 0.430036 -0.198224
vn -0.512701 0.829951 -0.219816
vn -0.512701 0.829951 -0.219816
vn -0.880782 0.430036 -0.198224
vn -0.865126 0.474127 -0.163588
vn -0.919918 -0.368634 0.133639
vn -0.980885 0.145842 -0.128823
vn -0.992801 0.107549 -0.052711
vn 0.000000 -0.967960 -0.251105
vn 0.056174 -0.970413 -0.234824
vn 0.000000 -0.917499 -0.397738
vn -0.349821 -0.936761 0.010229
vn -0.201940 -0.974992 -0.092793
vn 0.000000 -0.999821 -0.018933
vn 0.000000 -0.999821 -0.018933
vn -0.201940 -0.974992 -0.092793
vn 0.000000 -0.996505 -0.083537
vn 0.000000 0.992867 0.119232
vn 0.000000 0.995926 0.090170
vn -0.440165 0.891502 0.107142
vn -0.440165 0.891502 0.107142
vn 0.000000 0.995926 0.090170
vn -0.485080 0.873797 0.034285
vn -0.979804 0.161488 0.117927
vn -0.999148 0.000000 -0.041258
vn 0.000000 0.999864 0.016480
vn -0.969719 0.212907 -0.119646
vn -0.914438 0.392741 -0.097760
vn -0.925379 0.145430 -0.350033
vn 0.000000 0.707757 0.706456
vn -0.983458 0.178920 0.028255
vn -0.966398 0.249262 0.062798
vn -0.992801 0.107549 -0.052711
vn 0.000000 0.999864 0.016480
vn -0.999148 0.000000 -0.041258
vn -0.249233 -0.767553 0.590546
vn 0.000000 -0.819065 0.573701
vn -0.241236 -0.136234 0.960857
vn -0.241236 -0.136234 0.960857
vn 0.000000 -0.819065 0.573701
vn 0.000000 -0.610908 0.791701
vn -0.896606 0.289973 -0.334685
vn -0.826843 0.560344 -0.048423
vn -0.913879 0.192218 -0.357601
vn -0.913879 0.192218 -0.357601
vn -0.826843 0.560344 -0.048423
vn -0.966398 0.249262 0.062798
vn -0.804959 0.555084 -0.209577
vn -0.913463 0.367645 -0.174420
vn -0.655908 0.739267 -0.152540
vn -0.655908 0.739267 -0.152540
vn -0.913463 0.367645 -0.174420
vn -0.880782 0.430036 -0.198224
vn -0.338623 0.699895 -0.628874
vn -0.200536 0.696940 -0.688520
vn -0.393760 0.795818 -0.460030
vn -0.393760 0.795818 -0.460030
vn -0.200536 0.696940 -0.688520
vn -0.357596 0.787030 -0.502701
vn -0.415674 0.900384 -0.128541
vn -0.663970 0.740916 -0.100928
vn -0.816668 0.350166 -0.458735
vn -0.816668 0.350166 -0.458735
vn -0.663970 0.740916 -0.100928
vn -0.998328 0.046021 0.034984
vn -0.998322 -0.017190 0.055299
vn -0.988629 0.149820 -0.012906
vn -0.913199 -0.399526 -0.080287
vn -0.913199 -0.399526 -0.080287
vn -0.988629 0.149820 -0.012906
vn -0.980792 0.172916 -0.090258
vn -0.986626 0.057121 -0.152667
vn -0.991581 -0.039407 -0.123348
vn -0.955947 -0.216949 -0.197733
vn -0.955947 -0.216949 -0.197733
vn -0.991581 -0.039407 -0.123348
vn -0.761536 -0.554701 -0.335216
vn -0.806481 0.590324 0.033269
vn -0.699051 0.711326 -0.073100
vn -0.698933 0.711753 -0.070007
vn -0.660023 0.743930 0.104588
vn -0.473523 0.865031 -0.165825
vn -0.721403 0.682279 0.118634
vn -0.721403 0.682279 0.118634
vn -0.473523 0.865031 -0.165825
vn -0.624440 0.776429 -0.085047
vn -0.541313 -0.644638 0.539835
vn -0.819987 -0.120897 0.559468
vn -0.177648 -0.871963 0.456203
vn -0.816668 0.350166 -0.458735
vn -0.115401 0.946001 -0.302927
vn -0.415674 0.900384 -0.128541
vn -0.915735 -0.256885 0.308931
vn -0.547475 -0.741602 0.387682
vn -0.690288 -0.588039 0.421561
vn 0.569936 -0.818754 -0.069390
vn 0.393958 -0.910738 -0.123911
vn 0.390193 -0.919904 0.039062
vn 0.527144 -0.831966 0.173067
vn 0.534560 -0.830370 0.157262
vn 0.540969 -0.827475 0.150458
vn 0.540969 -0.827475 0.150458
vn 0.534560 -0.830370 0.157262
vn 0.549932 -0.823691 0.138232
vn 0.392704 -0.900755 0.185536
vn 0.498825 -0.844246 0.196017
vn 0.438861 -0.882048 0.171441
vn 0.438861 -0.882048 0.171441
vn 0.498825 -0.844246 0.196017
vn 0.508043 -0.845381 0.164993
vn 0.498825 -0.844246 0.196017
vn 0.527144 -0.831966 0.173067
vn 0.508043 -0.845381 0.164993
vn 0.508043 -0.845381 0.164993
vn 0.527144 -0.831966 0.173067
vn 0.540969 -0.827475 0.150458
vn -0.624440 0.776429 -0.085047
vn -0.357596 0.787030 -0.502701
vn -0.699051 0.711326 -0.073100
vn -0.699051 0.711326 -0.073100
vn -0.357596 0.787030 -0.502701
vn -0.297865 0.768052 -0.566897
vn -0.981735 0.058322 -0.181095
vn -0.995283 -0.096824 -0.006076
vn -0.985485 -0.041384 -0.164640
vn -0.539542 -0.003638 0.841951
vn -0.470002 -0.662304 0.583483
vn -0.241236 -0.136234 0.960857
vn -0.241236 -0.136234 0.960857
vn -0.470002 -0.662304 0.583483
vn -0.249233 -0.767553 0.590546
vn -0.946427 0.098345 0.307578
vn -0.497521 0.092464 0.862510
vn -0.547475 -0.741602 0.387682
vn -0.023005 0.595644 -0.802919
vn 0.123042 0.484993 -0.865819
vn -0.297865 0.768052 -0.566897
vn -0.297865 0.768052 -0.566897
vn 0.123042 0.484993 -0.865819
vn -0.245778 0.743118 -0.622389
vn -0.803581 -0.545830 -0.237332
vn -0.803581 -0.545830 -0.237332
vn -0.856756 -0.515251 0.022030
vn -0.856756 -0.515251 0.022030
vn -0.803581 -0.545830 -0.237332
vn -0.856756 -0.515251 0.022030
vn -0.356910 0.768480 -0.531088
vn -0.257985 0.908505 -0.328727
vn -0.143332 0.930972 -0.335779
vn -0.393760 0.795818 -0.460030
vn -0.257985 0.908505 -0.328727
vn -0.338623 0.699895 -0.628874
vn -0.338623 0.699895 -0.628874
vn -0.257985 0.908505 -0.328727
vn -0.356910 0.768480 -0.531088
vn 0.661251 0.504537 -0.555149
vn 0.661251 0.504537 -0.555149
vn 0.661251 0.504537 -0.555149
vn -0.900944 -0.422866 -0.097383
vn -0.565238 -0.820309 -0.087178
vn -0.349821 -0.936761 0.010229
vn -0.357975 -0.933642 0.012909
vn -0.913199 -0.399526 -0.080287
vn -0.349821 -0.936761 0.010229
vn -0.349821 -0.936761 0.010229
vn -0.913199 -0.399526 -0.080287
vn -0.900944 -0.422866 -0.097383
vn -0.473523 0.865031 -0.165825
vn -0.393760 0.795818 -0.460030
vn -0.624440 0.776429 -0.085047
vn -0.624440 0.776429 -0.085047
vn -0.393760 0.795818 -0.460030
vn -0.357596 0.787030 -0.502701
vn -0.143332 0.930972 -0.335779
vn -0.257985 0.908505 -0.328727
vn -0.186987 0.942729 -0.276219
vn -0.214293 -0.976478 -0.023871
vn -0.815954 -0.562794 -0.132219
vn -0.357975 -0.933642 0.012909
vn -0.357975 -0.933642 0.012909
vn -0.815954 -0.562794 -0.132219
vn -0.913199 -0.399526 -0.080287
vn -0.915554 0.368678 -0.160742
vn -0.998322 -0.017190 0.055299
vn -0.815954 -0.562794 -0.132219
vn -0.815954 -0.562794 -0.132219
vn -0.998322 -0.017190 0.055299
vn -0.913199 -0.399526 -0.080287
vn -0.647884 0.759052 -0.063932
vn -0.663970 0.740916 -0.100928
vn -0.415674 0.900384 -0.128541
vn -0.572551 -0.784052 -0.239683
vn -0.944743 0.286873 -0.158633
vn -0.749655 -0.660678 0.039021
vn -0.749655 -0.660678 0.039021
vn -0.944743 0.286873 -0.158633
vn -0.980885 0.145842 -0.128823
vn -0.186987 0.942729 -0.276219
vn -0.473523 0.865031 -0.165825
vn -0.378439 0.764153 -0.522354
vn -0.473523 0.865031 -0.165825
vn -0.915554 0.368678 -0.160742
vn -0.378439 0.764153 -0.522354
vn -0.981735 0.058322 -0.181095
vn -0.983029 0.095020 -0.156922
vn -0.995283 -0.096824 -0.006076
vn -0.995283 -0.096824 -0.006076
vn -0.983029 0.095020 -0.156922
vn -0.995206 -0.097422 -0.008617
vn -0.547475 -0.741602 0.387682
vn -0.915735 -0.256885 0.308931
vn -0.946427 0.098345 0.307578
vn -0.669163 -0.492272 0.556677
vn -0.942535 -0.143230 0.301850
vn -0.552945 -0.750287 0.362384
vn -0.761536 -0.554701 -0.335216
vn -0.328972 -0.776615 -0.537259
vn -0.816668 0.350166 -0.458735
vn 0.534560 -0.830370 0.157262
vn 0.527144 -0.831966 0.173067
vn 0.518844 -0.836515 0.176191
vn 0.518844 -0.836515 0.176191
vn 0.527144 -0.831966 0.173067
vn 0.512937 -0.835856 0.195554
vn 0.392704 -0.900755 0.185536
vn 0.419813 -0.873142 0.247750
vn 0.498825 -0.844246 0.196017
vn 0.498825 -0.844246 0.196017
vn 0.419813 -0.873142 0.247750
vn 0.489086 -0.842225 0.226830
vn 0.527144 -0.831966 0.173067
vn 0.498825 -0.844246 0.196017
vn 0.512937 -0.835856 0.195554
vn 0.512937 -0.835856 0.195554
vn 0.498825 -0.844246 0.196017
vn 0.489086 -0.842225 0.226830
vn -0.669163 -0.492272 0.556677
vn -0.552945 -0.750287 0.362384
vn -0.047853 -0.998806 -0.009881
vn -0.547475 -0.741602 0.387682
vn 0.419813 -0.873142 0.247750
vn 0.010212 -0.979039 0.203418
vn 0.010212 -0.979039 0.203418
vn 0.419813 -0.873142 0.247750
vn 0.392704 -0.900755 0.185536
vn -0.999148 0.000000 -0.041258
vn -0.939312 -0.251490 -0.233338
vn -0.974205 -0.125847 -0.187313
vn -0.955947 -0.216949 -0.197733
vn -0.998328 0.046021 0.034984
vn -0.565238 -0.820309 -0.087178
vn -0.565238 -0.820309 -0.087178
vn -0.998328 0.046021 0.034984
vn -0.954916 -0.183416 0.233438
vn -0.944743 0.286873 -0.158633
vn -0.572551 -0.784052 -0.239683
vn -0.913463 0.367645 -0.174420
vn -0.913463 0.367645 -0.174420
vn -0.572551 -0.784052 -0.239683
vn -0.858809 -0.488840 -0.153242
vn -0.565238 -0.820309 -0.087178
vn 0.213690 -0.976771 -0.015945
vn 0.056174 -0.970413 -0.234824
vn 0.056174 -0.970413 -0.234824
vn 0.213690 -0.976771 -0.015945
vn 0.282625 -0.947577 -0.149070
vn -0.946427 0.098345 0.307578
vn -0.915735 -0.256885 0.308931
vn -0.998322 -0.017190 0.055299
vn -0.963442 -0.189425 -0.189465
vn -0.896606 0.289973 -0.334685
vn -0.913879 0.192218 -0.357601
vn -0.942535 -0.143230 0.301850
vn -0.881509 0.338578 0.329099
vn -0.915206 0.393175 0.088386
vn -0.991581 -0.039407 -0.123348
vn -0.901647 -0.389207 -0.188547
vn -0.761536 -0.554701 -0.335216
vn -0.900944 -0.422866 -0.097383
vn -0.913199 -0.399526 -0.080287
vn -0.980194 0.138361 -0.141693
vn -0.980194 0.138361 -0.141693
vn -0.913199 -0.399526 -0.080287
vn -0.980792 0.172916 -0.090258
vn -0.699051 0.711326 -0.073100
vn -0.297865 0.768052 -0.566897
vn -0.698933 0.711753 -0.070007
vn -0.698933 0.711753 -0.070007
vn -0.297865 0.768052 -0.566897
vn -0.245778 0.743118 -0.622389
vn -0.942535 -0.143230 0.301850
vn -0.915206 0.393175 0.088386
vn -0.915735 -0.256885 0.308931
vn -0.915735 -0.256885 0.308931
vn -0.915206 0.393175 0.088386
vn -0.998322 -0.017190 0.055299
vn -0.881509 0.338578 0.329099
vn -0.669163 -0.492272 0.556677
vn -0.461091 0.825778 0.324787
vn -0.461091 0.825778 0.324787
vn -0.669163 -0.492272 0.556677
vn -0.578358 0.394873 0.713846
vn -0.565238 -0.820309 -0.087178
vn 0.056174 -0.970413 -0.234824
vn -0.201940 -0.974992 -0.092793
vn -0.988629 0.149820 -0.012906
vn -0.998322 -0.017190 0.055299
vn -0.915206 0.393175 0.088386
vn -0.699051 0.711326 -0.073100
vn -0.806481 0.590324 0.033269
vn -0.777959 0.627679 0.028251
vn -0.945399 -0.194213 -0.261730
vn -0.953629 -0.065043 -0.293872
vn -0.995983 0.088648 0.012604
vn -0.485080 0.873797 0.034285
vn -0.633400 0.770395 -0.072773
vn -0.818846 0.570830 -0.060368
vn -0.818846 0.570830 -0.060368
vn -0.633400 0.770395 -0.072773
vn -0.828924 0.549158 -0.106350
vn 0.000000 -0.977261 0.212038
vn -0.238902 -0.943272 0.230571
vn 0.000000 -0.994267 0.106930
vn 0.000000 -0.994267 0.106930
vn -0.238902 -0.943272 0.230571
vn -0.233809 -0.964534 0.122505
vn 0.439493 -0.887652 0.137550
vn 0.000000 -0.988206 0.153132
vn 0.000000 -0.988206 0.153132
vn -0.953629 -0.065043 -0.293872
vn -0.945399 -0.194213 -0.261730
vn -0.762140 -0.219947 -0.608906
vn -0.901647 -0.389207 -0.188547
vn -0.858809 -0.488840 -0.153242
vn -0.331927 -0.921709 -0.200691
vn -0.331927 -0.921709 -0.200691
vn -0.858809 -0.488840 -0.153242
vn -0.482555 -0.869735 -0.103446
vn -0.551541 0.832260 -0.056088
vn -0.647884 0.759052 -0.063932
vn -0.415674 0.900384 -0.128541
vn -0.482555 -0.869735 -0.103446
vn -0.858809 -0.488840 -0.153242
vn -0.572551 -0.784052 -0.239683
vn -0.761536 -0.554701 -0.335216
vn -0.331927 -0.921709 -0.200691
vn -0.328972 -0.776615 -0.537259
vn -0.328972 -0.776615 -0.537259
vn -0.331927 -0.921709 -0.200691
vn 0.033132 -0.955038 -0.294625
vn 0.282625 -0.947577 -0.149070
vn 0.393958 -0.910738 -0.123911
vn 0.350664 -0.911262 -0.215956
vn -0.992801 0.107549 -0.052711
vn -0.995283 -0.096824 -0.006076
vn -0.919918 -0.368634 0.133639
vn -0.939312 -0.251490 -0.233338
vn -0.999148 0.000000 -0.041258
vn -0.993116 -0.038013 -0.110791
vn -0.865126 0.474127 -0.163588
vn -0.880782 0.430036 -0.198224
vn -0.991581 -0.039407 -0.123348
vn -0.991581 -0.039407 -0.123348
vn -0.880782 0.430036 -0.198224
vn -0.901647 -0.389207 -0.188547
vn 0.056174 -0.970413 -0.234824
vn 0.282625 -0.947577 -0.149070
vn 0.033132 -0.955038 -0.294625
vn 0.033132 -0.955038 -0.294625
vn 0.282625 -0.947577 -0.149070
vn 0.350664 -0.911262 -0.215956
vn -0.177648 -0.871963 0.456203
vn -0.552945 -0.750287 0.362384
vn -0.541313 -0.644638 0.539835
vn 0.000000 0.990118 -0.140236
vn -0.581695 0.803378 -0.127334
vn -0.822639 0.503458 -0.264188
vn -0.822639 0.503458 -0.264188
vn -0.581695 0.803378 -0.127334
vn -0.804959 0.555084 -0.209577
vn -0.980194 0.138361 -0.141693
vn -0.980792 0.172916 -0.090258
vn -0.828924 0.549158 -0.106350
vn -0.828924 0.549158 -0.106350
vn -0.980792 0.172916 -0.090258
vn -0.818846 0.570830 -0.060368
vn 0.000000 0.992867 0.119232
vn -0.440165 0.891502 0.107142
vn 0.000000 0.957830 0.287337
vn 0.000000 0.957830 0.287337
vn -0.440165 0.891502 0.107142
vn -0.461091 0.825778 0.324787
vn -0.214060 -0.970477 0.111142
vn -0.206029 -0.973012 0.103926
vn 0.000000 -0.995498 0.094787
vn 0.000000 -0.995498 0.094787
vn -0.206029 -0.973012 0.103926
vn 0.000000 -0.994228 0.107284
vn -0.985485 -0.041384 -0.164640
vn -0.995283 -0.096824 -0.006076
vn -0.992801 0.107549 -0.052711
vn -0.944743 0.286873 -0.158633
vn -0.581695 0.803378 -0.127334
vn -0.980885 0.145842 -0.128823
vn -0.980885 0.145842 -0.128823
vn -0.581695 0.803378 -0.127334
vn 0.000000 0.999864 0.016480
vn -0.233809 -0.964534 0.122505
vn -0.238902 -0.943272 0.230571
vn -0.547475 -0.741602 0.387682
vn -0.999148 0.000000 -0.041258
vn -0.985485 -0.041384 -0.164640
vn -0.992801 0.107549 -0.052711
vn -0.804959 0.555084 -0.209577
vn -0.581695 0.803378 -0.127334
vn -0.913463 0.367645 -0.174420
vn -0.913463 0.367645 -0.174420
vn -0.581695 0.803378 -0.127334
vn -0.944743 0.286873 -0.158633
vn 0.393958 -0.910738 -0.123911
vn 0.413611 -0.876113 -0.247692
vn 0.274202 -0.952258 -0.134231
vn -0.331927 -0.921709 -0.200691
vn -0.482555 -0.869735 -0.103446
vn 0.000000 -0.985120 -0.171869
vn 0.000000 -0.985120 -0.171869
vn -0.482555 -0.869735 -0.103446
vn 0.000000 -0.999473 0.032457
vn -0.761536 -0.554701 -0.335216
vn -0.816668 0.350166 -0.458735
vn -0.955947 -0.216949 -0.197733
vn -0.816668 0.350166 -0.458735
vn -0.998328 0.046021 0.034984
vn -0.955947 -0.216949 -0.197733
vn 0.056174 -0.970413 -0.234824
vn 0.033132 -0.955038 -0.294625
vn 0.000000 -0.917499 -0.397738
vn 0.000000 -0.917499 -0.397738
vn 0.033132 -0.955038 -0.294625
vn 0.000000 -0.947644 -0.319328
vn -0.850472 0.506989 -0.140215
vn -0.865126 0.474127 -0.163588
vn -0.986626 0.057121 -0.152667
vn -0.986626 0.057121 -0.152667
vn -0.865126 0.474127 -0.163588
vn -0.991581 -0.039407 -0.123348
vn -0.919918 -0.368634 0.133639
vn 0.000000 -0.816518 0.577319
vn -0.749655 -0.660678 0.039021
vn -0.749655 -0.660678 0.039021
vn 0.000000 -0.816518 0.577319
vn 0.000000 -0.982994 0.183635
vn -0.807972 0.586533 -0.056217
vn -0.655908 0.739267 -0.152540
vn 0.000000 0.999955 0.009538
vn 0.000000 0.999955 0.009538
vn -0.655908 0.739267 -0.152540
vn 0.000000 0.998632 -0.052296
vn -0.905540 0.345674 -0.245981
vn -0.932590 0.285658 -0.220626
vn 0.000000 0.999955 0.009538
vn 0.000000 0.999955 0.009538
vn -0.932590 0.285658 -0.220626
vn -0.807972 0.586533 -0.056217
vn -0.905540 0.345674 -0.245981
vn -0.822639 0.503458 -0.264188
vn -0.932590 0.285658 -0.220626
vn -0.822639 0.503458 -0.264188
vn -0.804959 0.555084 -0.209577
vn -0.932590 0.285658 -0.220626
vn -0.275793 0.960899 -0.024718
vn -0.551541 0.832260 -0.056088
vn -0.415674 0.900384 -0.128541
vn 0.350664 -0.911262 -0.215956
vn 0.393958 -0.910738 -0.123911
vn 0.274202 -0.952258 -0.134231
vn -0.275793 0.960899 -0.024718
vn -0.415674 0.900384 -0.128541
vn -0.054193 0.981700 -0.182561
vn 0.010212 -0.979039 0.203418
vn -0.001257 -0.992126 0.125240
vn -0.214060 -0.970477 0.111142
vn -0.214060 -0.970477 0.111142
vn -0.001257 -0.992126 0.125240
vn -0.206029 -0.973012 0.103926
vn -0.980792 0.172916 -0.090258
vn -0.988629 0.149820 -0.012906
vn -0.818846 0.570830 -0.060368
vn -0.818846 0.570830 -0.060368
vn -0.988629 0.149820 -0.012906
vn -0.915206 0.393175 0.088386
vn -0.655908 0.739267 -0.152540
vn -0.807972 0.586533 -0.056217
vn -0.804959 0.555084 -0.209577
vn -0.804959 0.555084 -0.209577
vn -0.807972 0.586533 -0.056217
vn -0.932590 0.285658 -0.220626
vn -0.485080 0.873797 0.034285
vn -0.691355 0.665646 0.280970
vn -0.633400 0.770395 -0.072773
vn -0.633400 0.770395 -0.072773
vn -0.691355 0.665646 0.280970
vn -0.826843 0.560344 -0.048423
vn 0.413611 -0.876113 -0.247692
vn 0.393958 -0.910738 -0.123911
vn 0.569936 -0.818754 -0.069390
vn -0.896606 0.289973 -0.334685
vn 0.000000 0.868942 -0.494914
vn -0.476601 0.835354 -0.273925
vn -0.482555 -0.869735 -0.103446
vn -0.802926 -0.595992 -0.010156
vn 0.000000 -0.999473 0.032457
vn 0.000000 -0.999473 0.032457
vn -0.802926 -0.595992 -0.010156
vn 0.000000 -0.972018 0.234907
vn -0.991027 -0.110839 -0.074705
vn -0.982614 -0.080850 -0.167131
vn -0.983814 -0.177939 -0.021146
vn -0.969134 -0.070952 -0.236103
vn -0.982614 -0.080850 -0.167131
vn -0.991027 -0.110839 -0.074705
vn -0.909708 -0.354699 -0.215916
vn -0.974100 0.220800 -0.048762
vn -0.991027 -0.110839 -0.074705
vn 0.000000 0.999864 0.016480
vn -0.581695 0.803378 -0.127334
vn 0.000000 0.990118 -0.140236
vn -0.974100 0.220800 -0.048762
vn -0.909708 -0.354699 -0.215916
vn -0.771711 0.622860 0.128480
vn -0.998322 -0.017190 0.055299
vn -0.915554 0.368678 -0.160742
vn -0.946427 0.098345 0.307578
vn -0.909708 -0.354699 -0.215916
vn -0.572551 -0.784052 -0.239683
vn 0.000000 -0.872665 -0.488319
vn -0.572551 -0.784052 -0.239683
vn 0.000000 -0.932923 -0.360077
vn 0.000000 -0.872665 -0.488319
vn -0.991027 -0.110839 -0.074705
vn -0.983814 -0.177939 -0.021146
vn -0.915895 -0.379746 0.130113
vn -0.987580 0.146737 0.056160
vn -0.999148 0.000000 -0.041258
vn -0.979804 0.161488 0.117927
vn -0.991027 -0.110839 -0.074705
vn -0.974100 0.220800 -0.048762
vn -0.969134 -0.070952 -0.236103
vn -0.991027 -0.110839 -0.074705
vn -0.915895 -0.379746 0.130113
vn -0.802926 -0.595992 -0.010156
vn -0.802926 -0.595992 -0.010156
vn -0.915895 -0.379746 0.130113
vn 0.000000 -0.972018 0.234907
vn -0.991027 -0.110839 -0.074705
vn -0.802926 -0.595992 -0.010156
vn -0.909708 -0.354699 -0.215916
vn -0.865126 0.474127 -0.163588
vn -0.850472 0.506989 -0.140215
vn -0.512701 0.829951 -0.219816
vn -0.512701 0.829951 -0.219816
vn -0.850472 0.506989 -0.140215
vn -0.476601 0.835354 -0.273925
vn -0.915735 -0.256885 0.308931
vn -0.541313 -0.644638 0.539835
vn -0.942535 -0.143230 0.301850
vn -0.942535 -0.143230 0.301850
vn -0.541313 -0.644638 0.539835
vn -0.552945 -0.750287 0.362384
vn -0.482555 -0.869735 -0.103446
vn -0.909708 -0.354699 -0.215916
vn -0.802926 -0.595992 -0.010156
vn -0.826843 0.560344 -0.048423
vn -0.896606 0.289973 -0.334685
vn -0.633400 0.770395 -0.072773
vn -0.633400 0.770395 -0.072773
vn -0.896606 0.289973 -0.334685
vn -0.476601 0.835354 -0.273925
vn -0.572551 -0.784052 -0.239683
vn 0.000000 -0.977911 -0.209020
vn 0.000000 -0.932923 -0.360077
vn 0.056174 -0.970413 -0.234824
vn 0.000000 -0.967960 -0.251105
vn -0.201940 -0.974992 -0.092793
vn -0.201940 -0.974992 -0.092793
vn 0.000000 -0.967960 -0.251105
vn 0.000000 -0.996505 -0.083537
vn -0.565238 -0.820309 -0.087178
vn -0.900944 -0.422866 -0.097383
vn -0.955947 -0.216949 -0.197733
vn -0.349821 -0.936761 0.010229
vn -0.565238 -0.820309 -0.087178
vn -0.201940 -0.974992 -0.092793
vn -0.942535 -0.143230 0.301850
vn -0.669163 -0.492272 0.556677
vn -0.881509 0.338578 0.329099
vn 0.000000 -0.977911 -0.209020
vn -0.572551 -0.784052 -0.239683
vn 0.000000 -0.982994 0.183635
vn 0.000000 -0.982994 0.183635
vn -0.572551 -0.784052 -0.239683
vn -0.749655 -0.660678 0.039021
vn -0.476601 0.835354 -0.273925
vn 0.000000 0.868942 -0.494914
vn 0.000000 0.976579 -0.215159
vn -0.963442 -0.189425 -0.189465
vn -0.745314 -0.664564 0.053502
vn -0.896606 0.289973 -0.334685
vn -0.691355 0.665646 0.280970
vn 0.000000 0.707757 0.706456
vn -0.966398 0.249262 0.062798
vn -0.969719 0.212907 -0.119646
vn -0.909586 0.026308 -0.414683
vn -0.983458 0.178920 0.028255
vn -0.913879 0.192218 -0.357601
vn -0.909586 0.026308 -0.414683
vn -0.696925 0.304231 -0.649414
vn -0.983458 0.178920 0.028255
vn -0.913879 0.192218 -0.357601
vn -0.966398 0.249262 0.062798
vn -0.241914 -0.874935 0.419483
vn -0.669163 -0.492272 0.556677
vn -0.517731 -0.759077 0.394661
vn -0.690288 -0.588039 0.421561
vn -0.802497 -0.040484 0.595281
vn -0.819987 -0.120897 0.559468
vn -0.552945 -0.750287 0.362384
vn -0.177648 -0.871963 0.456203
vn -0.047853 -0.998806 -0.009881
vn 0.039125 0.968987 0.243995
vn 0.000000 0.976791 0.214193
vn 0.070724 0.995677 0.060217
vn 0.070724 0.995677 0.060217
vn 0.000000 0.976791 0.214193
vn 0.000000 1.000000 0.001056
vn 0.070724 0.995677 0.060217
vn 0.000000 1.000000 0.001056
vn 0.130170 0.959917 -0.248225
vn 0.130170 0.959917 -0.248225
vn 0.000000 1.000000 0.001056
vn 0.000000 0.962641 -0.270779
vn 0.259256 0.943014 -0.208591
vn 0.179344 0.980832 -0.076184
vn 0.130170 0.959917 -0.248225
vn 0.130170 0.959917 -0.248225
vn 0.179344 0.980832 -0.076184
vn 0.070724 0.995677 0.060217
vn 0.179344 0.980832 -0.076184
vn 0.067286 0.997718 -0.005654
vn 0.070724 0.995677 0.060217
vn 0.070724 0.995677 0.060217
vn 0.067286 0.997718 -0.005654
vn -0.447225 0.682146 0.578504
vn 0.259256 0.943014 -0.208591
vn 0.124240 0.971276 -0.202947
vn 0.179344 0.980832 -0.076184
vn 0.179344 0.980832 -0.076184
vn 0.124240 0.971276 -0.202947
vn 0.067286 0.997718 -0.005654
vn 0.084262 -0.957340 0.276407
vn 0.105797 -0.776010 0.621784
vn 0.000000 -0.948830 0.315788
vn 0.000000 -0.948830 0.315788
vn 0.105797 -0.776010 0.621784
vn 0.000000 -0.732287 0.680996
vn 0.351332 -0.920455 0.171253
vn 0.341782 -0.833477 0.434168
vn 0.084262 -0.957340 0.276407
vn 0.084262 -0.957340 0.276407
vn 0.341782 -0.833477 0.434168
vn 0.105797 -0.776010 0.621784
vn -0.177648 -0.871963 0.456203
vn 0.489012 -0.821080 0.294439
vn 0.351332 -0.920455 0.171253
vn 0.351332 -0.920455 0.171253
vn 0.489012 -0.821080 0.294439
vn 0.341782 -0.833477 0.434168
vn 0.209969 -0.901547 -0.378320
vn 0.084262 -0.957340 0.276407
vn 0.000000 -0.937443 -0.348139
vn 0.000000 -0.937443 -0.348139
vn 0.084262 -0.957340 0.276407
vn 0.000000 -0.948830 0.315788
vn 0.084262 -0.957340 0.276407
vn 0.209969 -0.901547 -0.378320
vn 0.351332 -0.920455 0.171253
vn 0.351332 -0.920455 0.171253
vn 0.209969 -0.901547 -0.378320
vn 0.355806 -0.884947 -0.300451
vn 0.351332 -0.920455 0.171253
vn 0.355806 -0.884947 -0.300451
vn -0.177648 -0.871963 0.456203
vn -0.177648 -0.871963 0.456203
vn 0.355806 -0.884947 -0.300451
vn -0.047853 -0.998806 -0.009881
vn 0.355806 -0.884947 -0.300451
vn 0.372658 -0.781623 -0.500191
vn -0.047853 -0.998806 -0.009881
vn 0.000000 -0.824493 -0.565872
vn 0.238959 -0.797655 -0.553755
vn 0.000000 -0.937443 -0.348139
vn 0.000000 -0.937443 -0.348139
vn 0.238959 -0.797655 -0.553755
vn 0.209969 -0.901547 -0.378320
vn -0.802497 -0.040484 0.595281
vn -0.447225 0.682146 0.578504
vn -0.819987 -0.120897 0.559468
vn -0.819987 -0.120897 0.559468
vn -0.447225 0.682146 0.578504
vn -0.177648 -0.871963 0.456203
vn -0.539542 -0.003638 0.841951
vn -0.447225 0.682146 0.578504
vn -0.802497 -0.040484 0.595281
vn 0.000000 0.976791 0.214193
vn 0.039125 0.968987 0.243995
vn 0.000000 0.802594 0.596526
vn 0.000000 0.802594 0.596526
vn 0.039125 0.968987 0.243995
vn -0.206380 0.686750 0.696981
vn 0.000000 0.433750 0.901033
vn 0.000000 0.802594 0.596526
vn -0.241236 -0.136234 0.960857
vn -0.241236 -0.136234 0.960857
vn 0.000000 0.802594 0.596526
vn -0.206380 0.686750 0.696981
vn 0.070724 0.995677 0.060217
vn -0.447225 0.682146 0.578504
vn 0.039125 0.968987 0.243995
vn 0.039125 0.968987 0.243995
vn -0.447225 0.682146 0.578504
vn -0.206380 0.686750 0.696981
vn 0.372658 -0.781623 -0.500191
vn 0.209969 -0.901547 -0.378320
vn 0.238959 -0.797655 -0.553755
vn 0.372658 -0.781623 -0.500191
vn 0.355806 -0.884947 -0.300451
vn 0.209969 -0.901547 -0.378320
vn -0.206380 0.686750 0.696981
vn -0.539542 -0.003638 0.841951
vn -0.241236 -0.136234 0.960857
vn -0.447225 0.682146 0.578504
vn -0.539542 -0.003638 0.841951
vn -0.206380 0.686750 0.696981
vn -0.108055 -0.637135 0.763141
vn -0.108055 -0.637135 0.763141
vn 0.251473 -0.626705 0.737565
vn -0.108055 -0.637135 0.763141
vn -0.108055 -0.637135 0.763141
vn -0.453533 -0.564722 0.689490
vn 0.083940 0.729146 -0.679191
vn 0.083940 0.729146 -0.679191
vn 0.083940 0.729146 -0.679191
vn -0.100984 0.070542 0.992384
vn -0.100984 0.070542 0.992384
vn 0.258943 0.048108 0.964694
vn -0.100984 0.070542 0.992384
vn -0.100984 0.070542 0.992384
vn -0.447701 0.083748 0.890253
vn 0.101020 0.027618 -0.994501
vn 0.101020 0.027618 -0.994501
vn 0.101020 0.027618 -0.994501
vn -0.460763 -0.393971 0.795289
vn -0.460763 -0.393971 0.795289
vn -0.135076 -0.413268 0.900535
vn -0.460763 -0.393971 0.795289
vn -0.460763 -0.393971 0.795289
vn -0.732301 -0.328374 0.596578
vn 0.450322 0.495441 -0.742798
vn 0.450322 0.495441 -0.742798
vn 0.450322 0.495441 -0.742798
vn -0.579082 -0.447943 0.681184
vn -0.579082 -0.447943 0.681184
vn -0.228603 -0.459354 0.858332
vn -0.579082 -0.447943 0.681184
vn -0.579082 -0.447943 0.681184
vn -0.840181 -0.367394 0.398896
vn 0.543344 0.541441 -0.641575
vn 0.543344 0.541441 -0.641575
vn 0.543344 0.541441 -0.641575
vn -0.191477 -0.173949 0.965960
vn -0.191477 -0.173949 0.965960
vn -0.191477 -0.173949 0.965960
vn -0.976332 0.135615 0.168476
vn -0.976332 0.135615 0.168476
vn -0.976332 0.135615 0.168476
vn 0.720434 0.211823 -0.660383
vn 0.720434 0.211823 -0.660383
vn 0.720434 0.211823 -0.660383
vn -0.887410 -0.190076 0.419969
vn -0.887410 -0.190076 0.419969
vn -0.644493 -0.291546 0.706845
vn -0.887410 -0.190076 0.419969
vn -0.887410 -0.190076 0.419969
vn -0.995794 -0.059790 0.069425
vn 0.879306 0.301513 -0.368661
vn 0.879306 0.301513 -0.368661
vn 0.879306 0.301513 -0.368661
vn -0.923373 -0.093742 0.372284
vn -0.923373 -0.093742 0.372284
vn -0.707726 -0.130095 0.694406
vn -0.923373 -0.093742 0.372284
vn -0.923373 -0.093742 0.372284
vn -0.999048 -0.043180 -0.006271
vn 0.913049 0.213690 -0.347388
vn 0.913049 0.213690 -0.347388
vn 0.913049 0.213690 -0.347388
vn -0.982311 -0.125977 0.138545
vn -0.982311 -0.125977 0.138545
vn -0.842635 -0.218340 0.492233
vn -0.982311 -0.125977 0.138545
vn -0.982311 -0.125977 0.138545
vn -0.971560 -0.014322 -0.236360
vn 0.961565 0.254995 -0.101833
vn 0.961565 0.254995 -0.101833
vn 0.961565 0.254995 -0.101833
vn -0.942998 -0.163031 0.290131
vn -0.942998 -0.163031 0.290131
vn -0.784724 -0.242707 0.570352
vn -0.942998 -0.163031 0.290131
vn -0.942998 -0.163031 0.290131
vn -0.997615 -0.065434 -0.021981
vn 0.932667 0.269388 -0.239922
vn 0.932667 0.269388 -0.239922
vn 0.932667 0.269388 -0.239922
vn -0.191798 -0.150943 0.969758
vn -0.191798 -0.150943 0.969758
vn -0.191798 -0.150943 0.969758
vn -0.977709 0.128356 0.166165
vn -0.977709 0.128356 0.166165
vn -0.977709 0.128356 0.166165
vn 0.720497 0.201880 -0.663422
vn 0.720497 0.201880 -0.663422
vn 0.720497 0.201880 -0.663422
vn 0.201575 -0.038529 0.978715
vn 0.201575 -0.038529 0.978715
vn 0.201575 -0.038529 0.978715
vn -0.860625 0.088690 0.501456
vn -0.860625 0.088690 0.501456
vn -0.860625 0.088690 0.501456
vn 0.414074 0.152198 -0.897429
vn 0.414074 0.152198 -0.897429
vn 0.414074 0.152198 -0.897429
vn -0.563512 -0.085497 0.821672
vn -0.563512 -0.085497 0.821672
vn -0.222264 -0.111739 0.968562
vn -0.563512 -0.085497 0.821672
vn -0.563512 -0.085497 0.821672
vn -0.826592 -0.047395 0.560803
vn 0.526743 0.184690 -0.829718
vn 0.526743 0.184690 -0.829718
vn 0.526743 0.184690 -0.829718
vn -0.351134 -0.495607 0.794404
vn -0.351134 -0.495607 0.794404
vn -0.673791 -0.467952 0.571862
vn -0.351134 -0.495607 0.794404
vn -0.351134 -0.495607 0.794404
vn 0.025737 -0.446742 0.894293
vn 0.377287 0.390046 -0.839952
vn 0.377287 0.390046 -0.839952
vn 0.377287 0.390046 -0.839952
vn -0.647265 -0.387971 0.656145
vn -0.647265 -0.387971 0.656145
vn -0.647265 -0.387971 0.656145
vn 0.563625 -0.402329 0.721428
vn 0.563625 -0.402329 0.721428
vn 0.563625 -0.402329 0.721428
vn 0.047734 0.346291 -0.936912
vn 0.047734 0.346291 -0.936912
vn 0.047734 0.346291 -0.936912
vn -0.910053 -0.343942 0.231317
vn -0.910053 -0.343942 0.231317
vn -0.910053 -0.343942 0.231317
vn 0.071885 -0.439046 0.895584
vn 0.071885 -0.439046 0.895584
vn 0.071885 -0.439046 0.895584
vn 0.554506 0.290645 -0.779775
vn 0.554506 0.290645 -0.779775
vn 0.554506 0.290645 -0.779775
vn -0.929696 -0.366888 -0.032539
vn -0.929696 -0.366888 -0.032539
vn -0.929696 -0.366888 -0.032539
vn -0.186598 -0.403235 0.895870
vn -0.186598 -0.403235 0.895870
vn -0.186598 -0.403235 0.895870
vn 0.749390 0.289875 -0.595304
vn 0.749390 0.289875 -0.595304
vn 0.749390 0.289875 -0.595304
vn -0.891201 -0.358876 -0.277433
vn -0.891201 -0.358876 -0.277433
vn -0.891201 -0.358876 -0.277433
vn -0.420787 -0.396318 0.816009
vn -0.420787 -0.396318 0.816009
vn -0.420787 -0.396318 0.816009
vn 0.884693 0.274531 -0.376763
vn 0.884693 0.274531 -0.376763
vn 0.884693 0.274531 -0.376763
vn -0.847723 -0.366891 -0.383088
vn -0.847723 -0.366891 -0.383088
vn -0.847723 -0.366891 -0.383088
vn -0.512788 -0.403237 0.757924
vn -0.512788 -0.403237 0.757924
vn -0.512788 -0.403237 0.757924
vn 0.919302 0.289876 -0.266187
vn 0.919302 0.289876 -0.266187
vn 0.919302 0.289876 -0.266187
vn -0.679365 -0.404358 -0.612338
vn -0.679365 -0.404358 -0.612338
vn -0.679365 -0.404358 -0.612338
vn -0.720455 -0.387080 0.575425
vn -0.720455 -0.387080 0.575425
vn -0.720455 -0.387080 0.575425
vn 0.952333 0.304186 0.023074
vn 0.952333 0.304186 0.023074
vn 0.952333 0.304186 0.023074
vn -0.604445 0.416884 0.678862
vn -0.802999 0.581071 0.132469
vn -0.936642 -0.021379 0.349636
vn -0.802999 0.581071 0.132469
vn -0.948280 0.139993 -0.284899
vn -0.936642 -0.021379 0.349636
vn -0.255958 0.609906 0.750000
vn -0.531317 0.845992 -0.044719
vn -0.604445 0.416884 0.678862
vn -0.604445 0.416884 0.678862
vn -0.531317 0.845992 -0.044719
vn -0.802999 0.581071 0.132469
vn -0.176732 -0.232516 0.956401
vn -0.255958 0.609906 0.750000
vn -0.546944 -0.170277 0.819670
vn -0.546944 -0.170277 0.819670
vn -0.255958 0.609906 0.750000
vn -0.604445 0.416884 0.678862
vn -0.948280 0.139993 -0.284899
vn -0.876236 -0.462340 -0.135837
vn -0.936642 -0.021379 0.349636
vn -0.674606 -0.607689 0.419072
vn -0.354251 -0.857236 0.373701
vn -0.546944 -0.170277 0.819670
vn -0.546944 -0.170277 0.819670
vn -0.354251 -0.857236 0.373701
vn -0.176732 -0.232516 0.956401
vn -0.876236 -0.462340 -0.135837
vn -0.674606 -0.607689 0.419072
vn -0.936642 -0.021379 0.349636
vn -0.674606 -0.607689 0.419072
vn -0.546944 -0.170277 0.819670
vn -0.936642 -0.021379 0.349636
vn -0.876236 -0.462340 -0.135837
vn -0.631540 -0.644170 -0.431512
vn -0.674606 -0.607689 0.419072
vn -0.674606 -0.607689 0.419072
vn -0.631540 -0.644170 -0.431512
vn -0.354251 -0.857236 0.373701
vn -0.546944 -0.170277 0.819670
vn -0.604445 0.416884 0.678862
vn -0.936642 -0.021379 0.349636
vn -0.948280 0.139993 -0.284899
vn -0.729674 0.214810 -0.649178
vn -0.876236 -0.462340 -0.135837
vn -0.876236 -0.462340 -0.135837
vn -0.729674 0.214810 -0.649178
vn -0.631540 -0.644170 -0.431512
vn -0.531317 0.845992 -0.044719
vn -0.729674 0.214810 -0.649178
vn -0.802999 0.581071 0.132469
vn -0.802999 0.581071 0.132469
vn -0.729674 0.214810 -0.649178
vn -0.948280 0.139993 -0.284899
vn 0.473523 0.865031 -0.165825
vn 0.257985 0.908505 -0.328727
vn 0.186987 0.942729 -0.276219
vn 0.393760 0.795818 -0.460030
vn 0.257985 0.908505 -0.328727
vn 0.473523 0.865031 -0.165825
vn -0.393760 0.795818 -0.460030
vn -0.473523 0.865031 -0.165825
vn -0.257985 0.908505 -0.328727
vn -0.186987 0.942729 -0.276219
vn -0.257985 0.908505 -0.328727
vn -0.473523 0.865031 -0.165825
vn -0.669163 -0.492272 0.556677
vn -0.047853 -0.998806 -0.009881
vn -0.517731 -0.759077 0.394661
vn 0.669163 -0.492272 0.556677
vn 0.047853 -0.998806 -0.009881
vn 0.552945 -0.750287 0.362384
vn 0.541313 -0.644638 0.539835
vn 0.690288 -0.588039 0.421561
vn 0.915735 -0.256885 0.308931
vn 0.541313 -0.644638 0.539835
vn 0.819987 -0.120897 0.559468
vn 0.690288 -0.588039 0.421561
vn -0.541313 -0.644638 0.539835
vn -0.690288 -0.588039 0.421561
vn -0.819987 -0.120897 0.559468
vn -0.541313 -0.644638 0.539835
vn -0.915735 -0.256885 0.308931
vn -0.690288 -0.588039 0.421561
vn -0.547475 -0.741602 0.387682
vn -0.238902 -0.943272 0.230571
vn -0.690288 -0.588039 0.421561
vn 0.547475 -0.741602 0.387682
vn 0.238902 -0.943272 0.230571
vn 0.233809 -0.964534 0.122505
vt 0.788090 0.968278
vt 0.765890 0.944938
vt 0.782524 0.848493
vt 0.520364 0.549836
vt 0.599353 0.503733
vt 0.543594 0.592243
vt 0.543594 0.592243
vt 0.599353 0.503733
vt 0.605575 0.548484
vt 0.003235 0.450790
vt 0.005315 0.400695
vt 0.013179 0.441594
vt 0.013179 0.441594
vt 0.005315 0.400695
vt 0.018320 0.396919
vt 0.043480 0.292237
vt 0.018320 0.396919
vt 0.033644 0.282970
vt 0.033644 0.282970
vt 0.018320 0.396919
vt 0.005315 0.400695
vt 0.782524 0.848493
vt 0.716836 0.795830
vt 0.736141 0.776233
vt 0.283977 0.039632
vt 0.312749 0.029262
vt 0.285263 0.091162
vt 0.285263 0.091162
vt 0.312749 0.029262
vt 0.314905 0.087453
vt 0.392479 0.023073
vt 0.467257 0.029010
vt 0.394085 0.084485
vt 0.394085 0.084485
vt 0.467257 0.029010
vt 0.466439 0.085378
vt 0.701778 0.167380
vt 0.685127 0.180677
vt 0.623140 0.106300
vt 0.623140 0.106300
vt 0.685127 0.180677
vt 0.621453 0.118418
vt 0.104688 0.099489
vt 0.100079 0.082658
vt 0.152606 0.132563
vt 0.152606 0.132563
vt 0.100079 0.082658
vt 0.148420 0.101243
vt 0.309527 0.411420
vt 0.403496 0.499403
vt 0.304204 0.551642
vt 0.304204 0.551642
vt 0.403496 0.499403
vt 0.390454 0.567301
vt 0.685127 0.180677
vt 0.676031 0.260361
vt 0.599132 0.191086
vt 0.753859 0.260172
vt 0.752848 0.359930
vt 0.676031 0.260361
vt 0.676031 0.260361
vt 0.752848 0.359930
vt 0.677606 0.383787
vt 0.828878 0.500131
vt 0.822255 0.549091
vt 0.824929 0.491570
vt 0.542777 0.291506
vt 0.512588 0.484248
vt 0.466218 0.309486
vt 0.466218 0.309486
vt 0.512588 0.484248
vt 0.458311 0.493741
vt 0.314905 0.087453
vt 0.316354 0.176468
vt 0.285263 0.091162
vt 0.285263 0.091162
vt 0.316354 0.176468
vt 0.299197 0.201491
vt 0.855416 0.837891
vt 0.865283 0.951322
vt 0.819594 0.850031
vt 0.819594 0.850031
vt 0.865283 0.951322
vt 0.835473 0.982493
vt 0.346196 0.025328
vt 0.392479 0.023073
vt 0.347302 0.082699
vt 0.347302 0.082699
vt 0.392479 0.023073
vt 0.394085 0.084485
vt 0.148420 0.101243
vt 0.100079 0.082658
vt 0.177936 0.065910
vt 0.177936 0.065910
vt 0.100079 0.082658
vt 0.097253 0.061110
vt 0.394085 0.084485
vt 0.371383 0.150738
vt 0.347302 0.082699
vt 0.347302 0.082699
vt 0.371383 0.150738
vt 0.341777 0.159639
vt 0.782524 0.848493
vt 0.746410 0.896545
vt 0.716836 0.795830
vt 0.716836 0.795830
vt 0.746410 0.896545
vt 0.711644 0.821024
vt 0.765890 0.944938
vt 0.752357 0.926811
vt 0.782524 0.848493
vt 0.752357 0.926811
vt 0.746410 0.896545
vt 0.782524 0.848493
vt 0.397200 0.635443
vt 0.370766 0.623631
vt 0.400493 0.614838
vt 0.400493 0.614838
vt 0.370766 0.623631
vt 0.390454 0.567301
vt 0.438752 0.749927
vt 0.481096 0.810904
vt 0.472407 0.828480
vt 0.472407 0.828480
vt 0.499331 0.839303
vt 0.499987 0.850702
vt 0.801337 0.259528
vt 0.755464 0.214306
vt 0.781678 0.191877
vt 0.481096 0.810904
vt 0.514909 0.665880
vt 0.503258 0.791421
vt 0.499331 0.839303
vt 0.503258 0.791421
vt 0.505086 0.840132
vt 0.859945 0.281215
vt 0.872241 0.278176
vt 0.863885 0.344881
vt 0.481096 0.810904
vt 0.499331 0.839303
vt 0.472407 0.828480
vt 0.466218 0.309486
vt 0.468118 0.220242
vt 0.542777 0.291506
vt 0.542777 0.291506
vt 0.468118 0.220242
vt 0.547694 0.197234
vt 0.532957 0.624071
vt 0.533181 0.634876
vt 0.531128 0.631651
vt 0.445782 0.692431
vt 0.400493 0.614838
vt 0.456669 0.600090
vt 0.400493 0.614838
vt 0.438752 0.749927
vt 0.397200 0.635443
vt 0.818266 0.097684
vt 0.849062 0.096007
vt 0.824644 0.156996
vt 0.824644 0.156996
vt 0.849062 0.096007
vt 0.847254 0.154740
vt 0.075894 0.461186
vt 0.079524 0.516317
vt 0.013179 0.441594
vt 0.013179 0.441594
vt 0.079524 0.516317
vt 0.003235 0.450790
vt 0.867238 0.259163
vt 0.935410 0.168854
vt 0.872241 0.278176
vt 0.872241 0.278176
vt 0.935410 0.168854
vt 0.947455 0.194060
vt 0.988442 0.123696
vt 0.947455 0.194060
vt 0.989816 0.113547
vt 0.989816 0.113547
vt 0.947455 0.194060
vt 0.935410 0.168854
vt 0.894147 0.644610
vt 0.883860 0.665009
vt 0.864913 0.553738
vt 0.864913 0.553738
vt 0.883860 0.665009
vt 0.857491 0.563993
vt 0.847254 0.154740
vt 0.849062 0.096007
vt 0.855113 0.150699
vt 0.988442 0.123696
vt 0.989816 0.113547
vt 0.994071 0.127480
vt 0.945319 0.540730
vt 0.953545 0.370971
vt 0.964338 0.521033
vt 0.973117 0.629286
vt 0.970143 0.628698
vt 0.975530 0.611006
vt 0.309527 0.411420
vt 0.304204 0.551642
vt 0.091887 0.418085
vt 0.091887 0.418085
vt 0.304204 0.551642
vt 0.075894 0.461186
vt 0.970143 0.628698
vt 0.978537 0.655586
vt 0.972123 0.673609
vt 0.972868 0.674893
vt 0.972123 0.673609
vt 0.978537 0.655586
vt 0.950181 0.647427
vt 0.945319 0.540730
vt 0.970143 0.628698
vt 0.458311 0.493741
vt 0.512588 0.484248
vt 0.456739 0.560474
vt 0.456739 0.560474
vt 0.512588 0.484248
vt 0.520364 0.549836
vt 0.820978 0.727088
vt 0.819405 0.589097
vt 0.845584 0.712028
vt 0.845584 0.712028
vt 0.819405 0.589097
vt 0.837555 0.582726
vt 0.950181 0.647427
vt 0.970143 0.628698
vt 0.959582 0.684976
vt 0.959582 0.684976
vt 0.970143 0.628698
vt 0.972123 0.673609
vt 0.531128 0.631651
vt 0.521256 0.607055
vt 0.532957 0.624071
vt 0.152606 0.132563
vt 0.109914 0.148889
vt 0.104688 0.099489
vt 0.104688 0.099489
vt 0.109914 0.148889
vt 0.101272 0.115605
vt 0.882103 0.093365
vt 0.908262 0.134711
vt 0.890302 0.128514
vt 0.890302 0.128514
vt 0.908262 0.134711
vt 0.904659 0.141287
vt 0.863885 0.344881
vt 0.889292 0.352410
vt 0.866501 0.376895
vt 0.514909 0.665880
vt 0.531128 0.631651
vt 0.521876 0.665892
vt 0.521876 0.665892
vt 0.531128 0.631651
vt 0.533181 0.634876
vt 0.713909 0.441278
vt 0.722446 0.458213
vt 0.599353 0.503733
vt 0.599353 0.503733
vt 0.722446 0.458213
vt 0.605575 0.548484
vt 0.595153 0.441761
vt 0.677606 0.383787
vt 0.599353 0.503733
vt 0.599353 0.503733
vt 0.677606 0.383787
vt 0.713909 0.441278
vt 0.889292 0.352410
vt 0.863885 0.344881
vt 0.872241 0.278176
vt 0.606529 0.086613
vt 0.596574 0.109221
vt 0.589566 0.071878
vt 0.548538 0.050304
vt 0.526206 0.105455
vt 0.467257 0.029010
vt 0.467257 0.029010
vt 0.526206 0.105455
vt 0.466439 0.085378
vt 0.390454 0.567301
vt 0.370766 0.623631
vt 0.304204 0.551642
vt 0.304204 0.551642
vt 0.370766 0.623631
vt 0.299809 0.611060
vt 0.866501 0.376895
vt 0.945319 0.540730
vt 0.927248 0.571892
vt 0.505086 0.840132
vt 0.499987 0.850702
vt 0.499331 0.839303
vt 0.445782 0.692431
vt 0.481096 0.810904
vt 0.438752 0.749927
vt 0.945319 0.540730
vt 0.866501 0.376895
vt 0.889292 0.352410
vt 0.087876 0.068542
vt 0.097253 0.061110
vt 0.094259 0.087248
vt 0.094259 0.087248
vt 0.097253 0.061110
vt 0.100079 0.082658
vt 0.445782 0.692431
vt 0.456669 0.600090
vt 0.514909 0.665880
vt 0.514909 0.665880
vt 0.456669 0.600090
vt 0.510191 0.614428
vt 0.677606 0.383787
vt 0.752848 0.359930
vt 0.713909 0.441278
vt 0.713909 0.441278
vt 0.752848 0.359930
vt 0.755145 0.424807
vt 0.883860 0.665009
vt 0.894147 0.644610
vt 0.900499 0.775524
vt 0.900499 0.775524
vt 0.894147 0.644610
vt 0.917694 0.745764
vt 0.855113 0.150699
vt 0.849062 0.096007
vt 0.870234 0.130847
vt 0.870234 0.130847
vt 0.849062 0.096007
vt 0.882103 0.093365
vt 0.412525 0.332515
vt 0.332613 0.343321
vt 0.413100 0.241502
vt 0.413100 0.241502
vt 0.332613 0.343321
vt 0.316897 0.265087
vt 0.599132 0.191086
vt 0.592202 0.302026
vt 0.547694 0.197234
vt 0.547694 0.197234
vt 0.592202 0.302026
vt 0.542777 0.291506
vt 0.828878 0.500131
vt 0.837555 0.582726
vt 0.822255 0.549091
vt 0.845584 0.712028
vt 0.855416 0.837891
vt 0.820978 0.727088
vt 0.820978 0.727088
vt 0.855416 0.837891
vt 0.819594 0.850031
vt 0.118902 0.235515
vt 0.122891 0.216365
vt 0.117421 0.253892
vt 0.882103 0.093365
vt 0.890302 0.128514
vt 0.870234 0.130847
vt 0.152606 0.132563
vt 0.299197 0.201491
vt 0.140101 0.263387
vt 0.849062 0.096007
vt 0.818266 0.097684
vt 0.840940 0.032037
vt 0.808078 0.481725
vt 0.815405 0.495046
vt 0.782458 0.559454
vt 0.782458 0.559454
vt 0.815405 0.495046
vt 0.804796 0.577115
vt 0.758621 0.666140
vt 0.803293 0.711926
vt 0.736141 0.776233
vt 0.736141 0.776233
vt 0.803293 0.711926
vt 0.782524 0.848493
vt 0.782458 0.559454
vt 0.804796 0.577115
vt 0.758621 0.666140
vt 0.758621 0.666140
vt 0.804796 0.577115
vt 0.803293 0.711926
vt 0.857491 0.563993
vt 0.883860 0.665009
vt 0.837555 0.582726
vt 0.837555 0.582726
vt 0.883860 0.665009
vt 0.845584 0.712028
vt 0.953545 0.370971
vt 0.947455 0.194060
vt 0.968117 0.229494
vt 0.100079 0.082658
vt 0.104688 0.099489
vt 0.094259 0.087248
vt 0.094259 0.087248
vt 0.104688 0.099489
vt 0.101272 0.115605
vt 0.812279 0.985749
vt 0.819594 0.850031
vt 0.835473 0.982493
vt 0.834696 0.496186
vt 0.836709 0.487794
vt 0.857491 0.563993
vt 0.857491 0.563993
vt 0.836709 0.487794
vt 0.864913 0.553738
vt 0.824929 0.491570
vt 0.836709 0.487794
vt 0.828878 0.500131
vt 0.828878 0.500131
vt 0.836709 0.487794
vt 0.834696 0.496186
vt 0.936863 0.804616
vt 0.912446 0.813751
vt 0.931694 0.778684
vt 0.931694 0.778684
vt 0.912446 0.813751
vt 0.917694 0.745764
vt 0.917694 0.745764
vt 0.912446 0.813751
vt 0.900499 0.775524
vt 0.921523 0.904399
vt 0.918981 0.927441
vt 0.906152 0.914509
vt 0.466439 0.085378
vt 0.524285 0.152157
vt 0.468118 0.220242
vt 0.468118 0.220242
vt 0.413100 0.241502
vt 0.466439 0.085378
vt 0.466439 0.085378
vt 0.413100 0.241502
vt 0.394085 0.084485
vt 0.883860 0.665009
vt 0.900499 0.775524
vt 0.845584 0.712028
vt 0.845584 0.712028
vt 0.900499 0.775524
vt 0.855416 0.837891
vt 0.921523 0.904399
vt 0.912446 0.813751
vt 0.936863 0.804616
vt 0.413100 0.241502
vt 0.374876 0.185879
vt 0.394085 0.084485
vt 0.394085 0.084485
vt 0.374876 0.185879
vt 0.371383 0.150738
vt 0.413100 0.241502
vt 0.316897 0.265087
vt 0.374876 0.185879
vt 0.374876 0.185879
vt 0.316897 0.265087
vt 0.334548 0.216755
vt 0.882103 0.093365
vt 0.849062 0.096007
vt 0.849506 0.034199
vt 0.863885 0.344881
vt 0.810460 0.349363
vt 0.859945 0.281215
vt 0.859945 0.281215
vt 0.810460 0.349363
vt 0.801337 0.259528
vt 0.921523 0.904399
vt 0.906152 0.914509
vt 0.855416 0.837891
vt 0.906152 0.914509
vt 0.865283 0.951322
vt 0.855416 0.837891
vt 0.988442 0.123696
vt 0.994071 0.127480
vt 0.947455 0.194060
vt 0.947455 0.194060
vt 0.994071 0.127480
vt 0.968117 0.229494
vt 0.306560 0.217826
vt 0.140101 0.263387
vt 0.299197 0.201491
vt 0.104984 0.276911
vt 0.117680 0.298292
vt 0.018320 0.396919
vt 0.598716 0.178293
vt 0.615969 0.152451
vt 0.599132 0.191086
vt 0.819405 0.589097
vt 0.804796 0.577115
vt 0.822255 0.549091
vt 0.822255 0.549091
vt 0.804796 0.577115
vt 0.815405 0.495046
vt 0.820978 0.727088
vt 0.819594 0.850031
vt 0.803293 0.711926
vt 0.803293 0.711926
vt 0.819594 0.850031
vt 0.782524 0.848493
vt 0.820978 0.727088
vt 0.803293 0.711926
vt 0.819405 0.589097
vt 0.819405 0.589097
vt 0.803293 0.711926
vt 0.804796 0.577115
vt 0.065020 0.297162
vt 0.089698 0.283043
vt 0.018320 0.396919
vt 0.782524 0.848493
vt 0.819594 0.850031
vt 0.788090 0.968278
vt 0.788090 0.968278
vt 0.819594 0.850031
vt 0.812279 0.985749
vt 0.964338 0.521033
vt 0.975530 0.611006
vt 0.945319 0.540730
vt 0.583789 0.154803
vt 0.583825 0.167161
vt 0.524285 0.152157
vt 0.524285 0.152157
vt 0.583825 0.167161
vt 0.547694 0.197234
vt 0.753859 0.260172
vt 0.801337 0.259528
vt 0.752848 0.359930
vt 0.752848 0.359930
vt 0.801337 0.259528
vt 0.810460 0.349363
vt 0.600410 0.129825
vt 0.583789 0.154803
vt 0.596574 0.109221
vt 0.596574 0.109221
vt 0.583789 0.154803
vt 0.524285 0.152157
vt 0.316897 0.265087
vt 0.140101 0.263387
vt 0.306560 0.217826
vt 0.514909 0.665880
vt 0.510191 0.614428
vt 0.531128 0.631651
vt 0.309527 0.411420
vt 0.091887 0.418085
vt 0.117680 0.298292
vt 0.599132 0.191086
vt 0.676031 0.260361
vt 0.592202 0.302026
vt 0.412525 0.332515
vt 0.413100 0.241502
vt 0.466218 0.309486
vt 0.466218 0.309486
vt 0.413100 0.241502
vt 0.468118 0.220242
vt 0.834696 0.496186
vt 0.857491 0.563993
vt 0.828878 0.500131
vt 0.828878 0.500131
vt 0.857491 0.563993
vt 0.837555 0.582726
vt 0.316897 0.265087
vt 0.309527 0.411420
vt 0.140101 0.263387
vt 0.140101 0.263387
vt 0.309527 0.411420
vt 0.117680 0.298292
vt 0.013179 0.441594
vt 0.018320 0.396919
vt 0.075894 0.461186
vt 0.075894 0.461186
vt 0.018320 0.396919
vt 0.091887 0.418085
vt 0.526206 0.105455
vt 0.596574 0.109221
vt 0.524285 0.152157
vt 0.309527 0.411420
vt 0.316897 0.265087
vt 0.332613 0.343321
vt 0.819405 0.589097
vt 0.822255 0.549091
vt 0.837555 0.582726
vt 0.959582 0.684976
vt 0.972123 0.673609
vt 0.983223 0.726095
vt 0.458311 0.493741
vt 0.456739 0.560474
vt 0.403496 0.499403
vt 0.403496 0.499403
vt 0.456739 0.560474
vt 0.390454 0.567301
vt 0.285263 0.091162
vt 0.148420 0.101243
vt 0.283977 0.039632
vt 0.283977 0.039632
vt 0.148420 0.101243
vt 0.177936 0.065910
vt 0.973117 0.629286
vt 0.978537 0.655586
vt 0.970143 0.628698
vt 0.972868 0.674893
vt 0.983223 0.726095
vt 0.972123 0.673609
vt 0.755464 0.214306
vt 0.753859 0.260172
vt 0.685127 0.180677
vt 0.685127 0.180677
vt 0.753859 0.260172
vt 0.676031 0.260361
vt 0.882103 0.093365
vt 0.849506 0.034199
vt 0.881559 0.040910
vt 0.801337 0.259528
vt 0.753859 0.260172
vt 0.755464 0.214306
vt 0.599132 0.191086
vt 0.615969 0.152451
vt 0.685127 0.180677
vt 0.621453 0.118418
vt 0.685127 0.180677
vt 0.615969 0.152451
vt 0.800853 0.142717
vt 0.818266 0.097684
vt 0.824644 0.156996
vt 0.872241 0.278176
vt 0.947455 0.194060
vt 0.889292 0.352410
vt 0.970143 0.628698
vt 0.945319 0.540730
vt 0.975530 0.611006
vt 0.676031 0.260361
vt 0.677606 0.383787
vt 0.592202 0.302026
vt 0.592202 0.302026
vt 0.677606 0.383787
vt 0.595153 0.441761
vt 0.619125 0.119462
vt 0.600410 0.129825
vt 0.621453 0.118418
vt 0.621453 0.118418
vt 0.600410 0.129825
vt 0.596574 0.109221
vt 0.117421 0.253892
vt 0.104984 0.276911
vt 0.118902 0.235515
vt 0.755145 0.424807
vt 0.810073 0.381581
vt 0.761049 0.431923
vt 0.761049 0.431923
vt 0.810073 0.381581
vt 0.809759 0.400865
vt 0.403496 0.499403
vt 0.412525 0.332515
vt 0.458311 0.493741
vt 0.458311 0.493741
vt 0.412525 0.332515
vt 0.466218 0.309486
vt 0.075894 0.461186
vt 0.304204 0.551642
vt 0.079524 0.516317
vt 0.079524 0.516317
vt 0.304204 0.551642
vt 0.299809 0.611060
vt 0.346196 0.025328
vt 0.347302 0.082699
vt 0.312749 0.029262
vt 0.312749 0.029262
vt 0.347302 0.082699
vt 0.314905 0.087453
vt 0.889292 0.352410
vt 0.947455 0.194060
vt 0.953545 0.370971
vt 0.866501 0.376895
vt 0.810073 0.381581
vt 0.863885 0.344881
vt 0.863885 0.344881
vt 0.810073 0.381581
vt 0.810460 0.349363
vt 0.299197 0.201491
vt 0.152606 0.132563
vt 0.148420 0.101243
vt 0.889292 0.352410
vt 0.953545 0.370971
vt 0.945319 0.540730
vt 0.810460 0.349363
vt 0.810073 0.381581
vt 0.752848 0.359930
vt 0.752848 0.359930
vt 0.810073 0.381581
vt 0.755145 0.424807
vt 0.781497 0.054436
vt 0.812591 0.062301
vt 0.818266 0.097684
vt 0.754786 0.190096
vt 0.755464 0.214306
vt 0.701778 0.167380
vt 0.701778 0.167380
vt 0.755464 0.214306
vt 0.685127 0.180677
vt 0.599132 0.191086
vt 0.547694 0.197234
vt 0.598716 0.178293
vt 0.547694 0.197234
vt 0.583825 0.167161
vt 0.598716 0.178293
vt 0.623140 0.106300
vt 0.621453 0.118418
vt 0.606529 0.086613
vt 0.606529 0.086613
vt 0.621453 0.118418
vt 0.596574 0.109221
vt 0.592202 0.302026
vt 0.595153 0.441761
vt 0.542777 0.291506
vt 0.542777 0.291506
vt 0.595153 0.441761
vt 0.512588 0.484248
vt 0.858941 0.259828
vt 0.867238 0.259163
vt 0.859945 0.281215
vt 0.859945 0.281215
vt 0.867238 0.259163
vt 0.872241 0.278176
vt 0.749877 0.477012
vt 0.752721 0.483789
vt 0.713909 0.441278
vt 0.722446 0.458213
vt 0.713909 0.441278
vt 0.752721 0.483789
vt 0.749877 0.477012
vt 0.756338 0.472828
vt 0.752721 0.483789
vt 0.752721 0.483789
vt 0.756338 0.472828
vt 0.758763 0.481206
vt 0.758763 0.481206
vt 0.756338 0.472828
vt 0.761049 0.431923
vt 0.756338 0.472828
vt 0.755145 0.424807
vt 0.761049 0.431923
vt 0.882103 0.093365
vt 0.881559 0.040910
vt 0.910846 0.035542
vt 0.781497 0.054436
vt 0.818266 0.097684
vt 0.800853 0.142717
vt 0.908262 0.134711
vt 0.882103 0.093365
vt 0.910846 0.035542
vt 0.347302 0.082699
vt 0.341777 0.159639
vt 0.314905 0.087453
vt 0.314905 0.087453
vt 0.341777 0.159639
vt 0.316354 0.176468
vt 0.309527 0.411420
vt 0.332613 0.343321
vt 0.403496 0.499403
vt 0.403496 0.499403
vt 0.332613 0.343321
vt 0.412525 0.332515
vt 0.756338 0.472828
vt 0.749877 0.477012
vt 0.755145 0.424807
vt 0.755145 0.424807
vt 0.749877 0.477012
vt 0.713909 0.441278
vt 0.456669 0.600090
vt 0.400493 0.614838
vt 0.456739 0.560474
vt 0.456739 0.560474
vt 0.400493 0.614838
vt 0.390454 0.567301
vt 0.840940 0.032037
vt 0.818266 0.097684
vt 0.812591 0.062301
vt 0.520364 0.549836
vt 0.521256 0.607055
vt 0.510191 0.614428
vt 0.758655 0.189203
vt 0.763440 0.194621
vt 0.754786 0.190096
vt 0.754786 0.190096
vt 0.763440 0.194621
vt 0.755464 0.214306
vt 0.775874 0.157671
vt 0.783558 0.160024
vt 0.779085 0.169120
vt 0.779085 0.169120
vt 0.783558 0.160024
vt 0.785584 0.169513
vt 0.779085 0.169120
vt 0.791275 0.176482
vt 0.781678 0.191877
vt 0.809759 0.400865
vt 0.810073 0.381581
vt 0.866501 0.376895
vt 0.783440 0.195626
vt 0.781678 0.191877
vt 0.791275 0.176482
vt 0.316897 0.265087
vt 0.306560 0.217826
vt 0.334548 0.216755
vt 0.781678 0.191877
vt 0.783440 0.195626
vt 0.801337 0.259528
vt 0.783440 0.195626
vt 0.791085 0.208760
vt 0.801337 0.259528
vt 0.770437 0.171826
vt 0.775874 0.157671
vt 0.779085 0.169120
vt 0.927248 0.571892
vt 0.945319 0.540730
vt 0.950181 0.647427
vt 0.785584 0.169513
vt 0.791275 0.176482
vt 0.779085 0.169120
vt 0.758655 0.189203
vt 0.770437 0.171826
vt 0.763440 0.194621
vt 0.763440 0.194621
vt 0.770437 0.171826
vt 0.779085 0.169120
vt 0.781678 0.191877
vt 0.763440 0.194621
vt 0.779085 0.169120
vt 0.599353 0.503733
vt 0.520364 0.549836
vt 0.595153 0.441761
vt 0.595153 0.441761
vt 0.520364 0.549836
vt 0.512588 0.484248
vt 0.104984 0.276911
vt 0.117421 0.253892
vt 0.117680 0.298292
vt 0.117680 0.298292
vt 0.117421 0.253892
vt 0.140101 0.263387
vt 0.763440 0.194621
vt 0.781678 0.191877
vt 0.755464 0.214306
vt 0.520364 0.549836
vt 0.510191 0.614428
vt 0.456739 0.560474
vt 0.456739 0.560474
vt 0.510191 0.614428
vt 0.456669 0.600090
vt 0.791085 0.208760
vt 0.807271 0.229012
vt 0.801337 0.259528
vt 0.548538 0.050304
vt 0.589566 0.071878
vt 0.526206 0.105455
vt 0.526206 0.105455
vt 0.589566 0.071878
vt 0.596574 0.109221
vt 0.547694 0.197234
vt 0.468118 0.220242
vt 0.524285 0.152157
vt 0.526206 0.105455
vt 0.524285 0.152157
vt 0.466439 0.085378
vt 0.091887 0.418085
vt 0.018320 0.396919
vt 0.117680 0.298292
vt 0.859945 0.281215
vt 0.801337 0.259528
vt 0.858941 0.259828
vt 0.858941 0.259828
vt 0.801337 0.259528
vt 0.807271 0.229012
vt 0.543594 0.592243
vt 0.521256 0.607055
vt 0.520364 0.549836
vt 0.510191 0.614428
vt 0.521256 0.607055
vt 0.531128 0.631651
vt 0.445782 0.692431
vt 0.438752 0.749927
vt 0.400493 0.614838
vt 0.481096 0.810904
vt 0.503258 0.791421
vt 0.499331 0.839303
vt 0.521876 0.665892
vt 0.503258 0.791421
vt 0.514909 0.665880
vt 0.445782 0.692431
vt 0.514909 0.665880
vt 0.481096 0.810904
vt 0.065020 0.297162
vt 0.018320 0.396919
vt 0.043480 0.292237
vt 0.122891 0.216365
vt 0.109914 0.148889
vt 0.152606 0.132563
vt 0.089698 0.283043
vt 0.118902 0.235515
vt 0.104984 0.276911
vt 0.662168 0.597234
vt 0.690836 0.635480
vt 0.667126 0.647896
vt 0.667126 0.647896
vt 0.690836 0.635480
vt 0.683162 0.656368
vt 0.597783 0.658163
vt 0.662168 0.597234
vt 0.605118 0.663142
vt 0.605118 0.663142
vt 0.662168 0.597234
vt 0.667126 0.647896
vt 0.667126 0.647896
vt 0.651215 0.681876
vt 0.605118 0.663142
vt 0.605118 0.663142
vt 0.651215 0.681876
vt 0.609711 0.667114
vt 0.105722 0.152496
vt 0.118902 0.235515
vt 0.099594 0.147176
vt 0.099594 0.147176
vt 0.118902 0.235515
vt 0.109292 0.209245
vt 0.650652 0.721844
vt 0.612116 0.670379
vt 0.651215 0.681876
vt 0.651215 0.681876
vt 0.612116 0.670379
vt 0.609711 0.667114
vt 0.597783 0.658163
vt 0.605118 0.663142
vt 0.607076 0.762405
vt 0.607076 0.762405
vt 0.605118 0.663142
vt 0.616320 0.759483
vt 0.605118 0.663142
vt 0.609711 0.667114
vt 0.616320 0.759483
vt 0.616320 0.759483
vt 0.609711 0.667114
vt 0.634389 0.750497
vt 0.609711 0.667114
vt 0.612116 0.670379
vt 0.634389 0.750497
vt 0.634389 0.750497
vt 0.612116 0.670379
vt 0.650652 0.721844
vt 0.607076 0.762405
vt 0.616320 0.759483
vt 0.628775 0.875221
vt 0.628775 0.875221
vt 0.616320 0.759483
vt 0.634337 0.853151
vt 0.643120 0.821143
vt 0.634337 0.853151
vt 0.634389 0.750497
vt 0.634389 0.750497
vt 0.634337 0.853151
vt 0.616320 0.759483
vt 0.089698 0.283043
vt 0.077916 0.242984
vt 0.118902 0.235515
vt 0.118902 0.235515
vt 0.077916 0.242984
vt 0.108321 0.214979
vt 0.089698 0.283043
vt 0.065020 0.297162
vt 0.077916 0.242984
vt 0.054346 0.246665
vt 0.043480 0.292237
vt 0.041781 0.237970
vt 0.041781 0.237970
vt 0.043480 0.292237
vt 0.033644 0.282970
vt 0.118902 0.235515
vt 0.105722 0.152496
vt 0.126384 0.216830
vt 0.126384 0.216830
vt 0.105722 0.152496
vt 0.109914 0.148889
vt 0.109914 0.148889
vt 0.105722 0.152496
vt 0.101272 0.115605
vt 0.092511 0.108526
vt 0.088984 0.115163
vt 0.081448 0.085308
vt 0.081448 0.085308
vt 0.088984 0.115163
vt 0.078915 0.092177
vt 0.092511 0.108526
vt 0.081448 0.085308
vt 0.094259 0.087248
vt 0.094259 0.087248
vt 0.081448 0.085308
vt 0.087876 0.068542
vt 0.092511 0.108526
vt 0.105722 0.152496
vt 0.088984 0.115163
vt 0.088984 0.115163
vt 0.105722 0.152496
vt 0.099594 0.147176
vt 0.043480 0.292237
vt 0.054346 0.246665
vt 0.065020 0.297162
vt 0.054346 0.246665
vt 0.077916 0.242984
vt 0.065020 0.297162
vt 0.094259 0.087248
vt 0.101272 0.115605
vt 0.092511 0.108526
vt 0.092511 0.108526
vt 0.101272 0.115605
vt 0.105722 0.152496
vt 0.157596 0.660190
vt 0.171482 0.656617
vt 0.171413 0.725665
vt 0.184250 0.659826
vt 0.171413 0.725665
vt 0.171482 0.656617
vt 0.171413 0.725665
vt 0.184250 0.659826
vt 0.157596 0.660190
vt 0.159830 0.734249
vt 0.172402 0.733111
vt 0.171682 0.800386
vt 0.183427 0.733947
vt 0.171682 0.800386
vt 0.172402 0.733111
vt 0.171682 0.800386
vt 0.183427 0.733947
vt 0.159830 0.734249
vt 0.190353 0.660190
vt 0.204238 0.656617
vt 0.204170 0.725665
vt 0.217006 0.659826
vt 0.204170 0.725665
vt 0.204238 0.656617
vt 0.204170 0.725665
vt 0.217006 0.659826
vt 0.190353 0.660190
vt 0.217431 0.660190
vt 0.231317 0.656617
vt 0.231249 0.725665
vt 0.244085 0.659826
vt 0.231249 0.725665
vt 0.231317 0.656617
vt 0.231249 0.725665
vt 0.244085 0.659826
vt 0.217431 0.660190
vt 0.247131 0.660190
vt 0.261016 0.656617
vt 0.260948 0.725665
vt 0.273785 0.659826
vt 0.260948 0.725665
vt 0.261016 0.656617
vt 0.260948 0.725665
vt 0.273785 0.659826
vt 0.247131 0.660190
vt 0.278577 0.660190
vt 0.292463 0.656617
vt 0.292394 0.725665
vt 0.305231 0.659826
vt 0.292394 0.725665
vt 0.292463 0.656617
vt 0.292394 0.725665
vt 0.305231 0.659826
vt 0.278577 0.660190
vt 0.278577 0.660190
vt 0.292463 0.656617
vt 0.292394 0.725665
vt 0.305231 0.659826
vt 0.292394 0.725665
vt 0.292463 0.656617
vt 0.292394 0.725665
vt 0.305231 0.659826
vt 0.278577 0.660190
vt 0.278577 0.660190
vt 0.292463 0.656617
vt 0.292394 0.725665
vt 0.305231 0.659826
vt 0.292394 0.725665
vt 0.292463 0.656617
vt 0.292394 0.725665
vt 0.305231 0.659826
vt 0.278577 0.660190
vt 0.249401 0.734249
vt 0.261972 0.733111
vt 0.261253 0.800386
vt 0.272998 0.733947
vt 0.261253 0.800386
vt 0.261972 0.733111
vt 0.261253 0.800386
vt 0.272998 0.733947
vt 0.249401 0.734249
vt 0.249401 0.734249
vt 0.261972 0.733111
vt 0.261253 0.800386
vt 0.272998 0.733947
vt 0.261253 0.800386
vt 0.261972 0.733111
vt 0.261253 0.800386
vt 0.272998 0.733947
vt 0.249401 0.734249
vt 0.219321 0.734249
vt 0.231893 0.733111
vt 0.231173 0.800386
vt 0.242918 0.733947
vt 0.231173 0.800386
vt 0.231893 0.733111
vt 0.231173 0.800386
vt 0.242918 0.733947
vt 0.219321 0.734249
vt 0.191080 0.734249
vt 0.203651 0.733111
vt 0.202931 0.800386
vt 0.214676 0.733947
vt 0.202931 0.800386
vt 0.203651 0.733111
vt 0.202931 0.800386
vt 0.214676 0.733947
vt 0.191080 0.734249
vt 0.216281 0.976072
vt 0.203702 0.977116
vt 0.204925 0.909848
vt 0.192683 0.976197
vt 0.204925 0.909848
vt 0.203702 0.977116
vt 0.204925 0.909848
vt 0.192683 0.976197
vt 0.216281 0.976072
vt 0.185285 0.976072
vt 0.172705 0.977116
vt 0.173928 0.909848
vt 0.161687 0.976197
vt 0.173928 0.909848
vt 0.172705 0.977116
vt 0.173928 0.909848
vt 0.161687 0.976197
vt 0.185285 0.976072
vt 0.244212 0.976072
vt 0.231633 0.977116
vt 0.232856 0.909848
vt 0.220614 0.976197
vt 0.232856 0.909848
vt 0.231633 0.977116
vt 0.232856 0.909848
vt 0.220614 0.976197
vt 0.244212 0.976072
vt 0.272824 0.976072
vt 0.260245 0.977116
vt 0.261468 0.909848
vt 0.249227 0.976197
vt 0.261468 0.909848
vt 0.260245 0.977116
vt 0.261468 0.909848
vt 0.249227 0.976197
vt 0.272824 0.976072
vt 0.272824 0.976072
vt 0.260245 0.977116
vt 0.261468 0.909848
vt 0.249227 0.976197
vt 0.261468 0.909848
vt 0.260245 0.977116
vt 0.261468 0.909848
vt 0.249227 0.976197
vt 0.272824 0.976072
vt 0.272824 0.976072
vt 0.260245 0.977116
vt 0.261468 0.909848
vt 0.249227 0.976197
vt 0.261468 0.909848
vt 0.260245 0.977116
vt 0.261468 0.909848
vt 0.249227 0.976197
vt 0.272824 0.976072
vt 0.272824 0.976072
vt 0.260245 0.977116
vt 0.261468 0.909848
vt 0.249227 0.976197
vt 0.261468 0.909848
vt 0.260245 0.977116
vt 0.261468 0.909848
vt 0.249227 0.976197
vt 0.272824 0.976072
vt 0.363505 0.891453
vt 0.367931 0.915795
vt 0.356095 0.912829
vt 0.363505 0.891453
vt 0.375232 0.895207
vt 0.367931 0.915795
vt 0.367931 0.915795
vt 0.373737 0.940254
vt 0.356095 0.912829
vt 0.356095 0.912829
vt 0.373737 0.940254
vt 0.347886 0.936305
vt 0.356095 0.912829
vt 0.347886 0.936305
vt 0.351335 0.888348
vt 0.351335 0.888348
vt 0.347886 0.936305
vt 0.337087 0.887287
vt 0.363505 0.891453
vt 0.370791 0.871063
vt 0.375232 0.895207
vt 0.337087 0.887287
vt 0.352423 0.843363
vt 0.351335 0.888348
vt 0.351335 0.888348
vt 0.352423 0.843363
vt 0.358780 0.867208
vt 0.363505 0.891453
vt 0.358780 0.867208
vt 0.370791 0.871063
vt 0.363505 0.891453
vt 0.351335 0.888348
vt 0.358780 0.867208
vt 0.352423 0.843363
vt 0.376573 0.849248
vt 0.358780 0.867208
vt 0.358780 0.867208
vt 0.376573 0.849248
vt 0.370791 0.871063
vt 0.363505 0.891453
vt 0.356095 0.912829
vt 0.351335 0.888348
vt 0.370791 0.871063
vt 0.376573 0.849248
vt 0.375232 0.895207
vt 0.375232 0.895207
vt 0.376573 0.849248
vt 0.387038 0.895537
vt 0.375232 0.895207
vt 0.387038 0.895537
vt 0.367931 0.915795
vt 0.367931 0.915795
vt 0.387038 0.895537
vt 0.373737 0.940254
vt 0.782524 0.848493
vt 0.765890 0.944938
vt 0.788090 0.968278
vt 0.605575 0.548484
vt 0.599353 0.503733
vt 0.543594 0.592243
vt 0.543594 0.592243
vt 0.599353 0.503733
vt 0.520364 0.549836
vt 0.018320 0.396919
vt 0.005315 0.400695
vt 0.013179 0.441594
vt 0.013179 0.441594
vt 0.005315 0.400695
vt 0.003235 0.450790
vt 0.005315 0.400695
vt 0.018320 0.396919
vt 0.033644 0.282970
vt 0.033644 0.282970
vt 0.018320 0.396919
vt 0.043480 0.292237
vt 0.736141 0.776233
vt 0.716836 0.795830
vt 0.782524 0.848493
vt 0.314905 0.087453
vt 0.312749 0.029262
vt 0.285263 0.091162
vt 0.285263 0.091162
vt 0.312749 0.029262
vt 0.283977 0.039632
vt 0.466439 0.085378
vt 0.467257 0.029010
vt 0.394085 0.084485
vt 0.394085 0.084485
vt 0.467257 0.029010
vt 0.392479 0.023073
vt 0.621453 0.118418
vt 0.685127 0.180677
vt 0.623140 0.106300
vt 0.623140 0.106300
vt 0.685127 0.180677
vt 0.701778 0.167380
vt 0.148420 0.101243
vt 0.100079 0.082658
vt 0.152606 0.132563
vt 0.152606 0.132563
vt 0.100079 0.082658
vt 0.104688 0.099489
vt 0.390454 0.567301
vt 0.403496 0.499403
vt 0.304204 0.551642
vt 0.304204 0.551642
vt 0.403496 0.499403
vt 0.309527 0.411420
vt 0.599132 0.191086
vt 0.676031 0.260361
vt 0.685127 0.180677
vt 0.677606 0.383787
vt 0.752848 0.359930
vt 0.676031 0.260361
vt 0.676031 0.260361
vt 0.752848 0.359930
vt 0.753859 0.260172
vt 0.824929 0.491570
vt 0.822255 0.549091
vt 0.828878 0.500131
vt 0.458311 0.493741
vt 0.512588 0.484248
vt 0.466218 0.309486
vt 0.466218 0.309486
vt 0.512588 0.484248
vt 0.542777 0.291506
vt 0.299197 0.201491
vt 0.316354 0.176468
vt 0.285263 0.091162
vt 0.285263 0.091162
vt 0.316354 0.176468
vt 0.314905 0.087453
vt 0.835473 0.982493
vt 0.865283 0.951322
vt 0.819594 0.850031
vt 0.819594 0.850031
vt 0.865283 0.951322
vt 0.855416 0.837891
vt 0.394085 0.084485
vt 0.392479 0.023073
vt 0.347302 0.082699
vt 0.347302 0.082699
vt 0.392479 0.023073
vt 0.346196 0.025328
vt 0.097253 0.061110
vt 0.100079 0.082658
vt 0.177936 0.065910
vt 0.177936 0.065910
vt 0.100079 0.082658
vt 0.148420 0.101243
vt 0.341777 0.159639
vt 0.371383 0.150738
vt 0.347302 0.082699
vt 0.347302 0.082699
vt 0.371383 0.150738
vt 0.394085 0.084485
vt 0.711644 0.821024
vt 0.746410 0.896545
vt 0.716836 0.795830
vt 0.716836 0.795830
vt 0.746410 0.896545
vt 0.782524 0.848493
vt 0.765890 0.944938
vt 0.782524 0.848493
vt 0.752357 0.926811
vt 0.782524 0.848493
vt 0.746410 0.896545
vt 0.752357 0.926811
vt 0.390454 0.567301
vt 0.370766 0.623631
vt 0.400493 0.614838
vt 0.400493 0.614838
vt 0.370766 0.623631
vt 0.397200 0.635443
vt 0.472407 0.828480
vt 0.481096 0.810904
vt 0.438752 0.749927
vt 0.499987 0.850702
vt 0.499331 0.839303
vt 0.472407 0.828480
vt 0.781678 0.191877
vt 0.755464 0.214306
vt 0.801337 0.259528
vt 0.503258 0.791421
vt 0.514909 0.665880
vt 0.481096 0.810904
vt 0.505086 0.840132
vt 0.503258 0.791421
vt 0.499331 0.839303
vt 0.863885 0.344881
vt 0.872241 0.278176
vt 0.859945 0.281215
vt 0.472407 0.828480
vt 0.499331 0.839303
vt 0.481096 0.810904
vt 0.547694 0.197234
vt 0.468118 0.220242
vt 0.542777 0.291506
vt 0.542777 0.291506
vt 0.468118 0.220242
vt 0.466218 0.309486
vt 0.531128 0.631651
vt 0.533181 0.634876
vt 0.532957 0.624071
vt 0.456669 0.600090
vt 0.400493 0.614838
vt 0.445782 0.692431
vt 0.397200 0.635443
vt 0.438752 0.749927
vt 0.400493 0.614838
vt 0.847254 0.154740
vt 0.849062 0.096007
vt 0.824644 0.156996
vt 0.824644 0.156996
vt 0.849062 0.096007
vt 0.818266 0.097684
vt 0.003235 0.450790
vt 0.079524 0.516317
vt 0.013179 0.441594
vt 0.013179 0.441594
vt 0.079524 0.516317
vt 0.075894 0.461186
vt 0.947455 0.194060
vt 0.935410 0.168854
vt 0.872241 0.278176
vt 0.872241 0.278176
vt 0.935410 0.168854
vt 0.867238 0.259163
vt 0.935410 0.168854
vt 0.947455 0.194060
vt 0.989816 0.113547
vt 0.989816 0.113547
vt 0.947455 0.194060
vt 0.988442 0.123696
vt 0.857491 0.563993
vt 0.883860 0.665009
vt 0.864913 0.553738
vt 0.864913 0.553738
vt 0.883860 0.665009
vt 0.894147 0.644610
vt 0.855113 0.150699
vt 0.849062 0.096007
vt 0.847254 0.154740
vt 0.994071 0.127480
vt 0.989816 0.113547
vt 0.988442 0.123696
vt 0.964338 0.521033
vt 0.953545 0.370971
vt 0.945319 0.540730
vt 0.975530 0.611006
vt 0.970143 0.628698
vt 0.973117 0.629286
vt 0.075894 0.461186
vt 0.304204 0.551642
vt 0.091887 0.418085
vt 0.091887 0.418085
vt 0.304204 0.551642
vt 0.309527 0.411420
vt 0.972123 0.673609
vt 0.978537 0.655586
vt 0.970143 0.628698
vt 0.978537 0.655586
vt 0.972123 0.673609
vt 0.972868 0.674893
vt 0.970143 0.628698
vt 0.945319 0.540730
vt 0.950181 0.647427
vt 0.520364 0.549836
vt 0.512588 0.484248
vt 0.456739 0.560474
vt 0.456739 0.560474
vt 0.512588 0.484248
vt 0.458311 0.493741
vt 0.837555 0.582726
vt 0.819405 0.589097
vt 0.845584 0.712028
vt 0.845584 0.712028
vt 0.819405 0.589097
vt 0.820978 0.727088
vt 0.972123 0.673609
vt 0.970143 0.628698
vt 0.959582 0.684976
vt 0.959582 0.684976
vt 0.970143 0.628698
vt 0.950181 0.647427
vt 0.532957 0.624071
vt 0.521256 0.607055
vt 0.531128 0.631651
vt 0.101272 0.115605
vt 0.109914 0.148889
vt 0.104688 0.099489
vt 0.104688 0.099489
vt 0.109914 0.148889
vt 0.152606 0.132563
vt 0.904659 0.141287
vt 0.908262 0.134711
vt 0.890302 0.128514
vt 0.890302 0.128514
vt 0.908262 0.134711
vt 0.882103 0.093365
vt 0.866501 0.376895
vt 0.889292 0.352410
vt 0.863885 0.344881
vt 0.533181 0.634876
vt 0.531128 0.631651
vt 0.521876 0.665892
vt 0.521876 0.665892
vt 0.531128 0.631651
vt 0.514909 0.665880
vt 0.605575 0.548484
vt 0.722446 0.458213
vt 0.599353 0.503733
vt 0.599353 0.503733
vt 0.722446 0.458213
vt 0.713909 0.441278
vt 0.713909 0.441278
vt 0.677606 0.383787
vt 0.599353 0.503733
vt 0.599353 0.503733
vt 0.677606 0.383787
vt 0.595153 0.441761
vt 0.872241 0.278176
vt 0.863885 0.344881
vt 0.889292 0.352410
vt 0.589566 0.071878
vt 0.596574 0.109221
vt 0.606529 0.086613
vt 0.466439 0.085378
vt 0.526206 0.105455
vt 0.467257 0.029010
vt 0.467257 0.029010
vt 0.526206 0.105455
vt 0.548538 0.050304
vt 0.299809 0.611060
vt 0.370766 0.623631
vt 0.304204 0.551642
vt 0.304204 0.551642
vt 0.370766 0.623631
vt 0.390454 0.567301
vt 0.927248 0.571892
vt 0.945319 0.540730
vt 0.866501 0.376895
vt 0.499331 0.839303
vt 0.499987 0.850702
vt 0.505086 0.840132
vt 0.438752 0.749927
vt 0.481096 0.810904
vt 0.445782 0.692431
vt 0.889292 0.352410
vt 0.866501 0.376895
vt 0.945319 0.540730
vt 0.100079 0.082658
vt 0.097253 0.061110
vt 0.094259 0.087248
vt 0.094259 0.087248
vt 0.097253 0.061110
vt 0.087876 0.068542
vt 0.510191 0.614428
vt 0.456669 0.600090
vt 0.514909 0.665880
vt 0.514909 0.665880
vt 0.456669 0.600090
vt 0.445782 0.692431
vt 0.755145 0.424807
vt 0.752848 0.359930
vt 0.713909 0.441278
vt 0.713909 0.441278
vt 0.752848 0.359930
vt 0.677606 0.383787
vt 0.917694 0.745764
vt 0.894147 0.644610
vt 0.900499 0.775524
vt 0.900499 0.775524
vt 0.894147 0.644610
vt 0.883860 0.665009
vt 0.882103 0.093365
vt 0.849062 0.096007
vt 0.870234 0.130847
vt 0.870234 0.130847
vt 0.849062 0.096007
vt 0.855113 0.150699
vt 0.316897 0.265087
vt 0.332613 0.343321
vt 0.413100 0.241502
vt 0.413100 0.241502
vt 0.332613 0.343321
vt 0.412525 0.332515
vt 0.542777 0.291506
vt 0.592202 0.302026
vt 0.547694 0.197234
vt 0.547694 0.197234
vt 0.592202 0.302026
vt 0.599132 0.191086
vt 0.822255 0.549091
vt 0.837555 0.582726
vt 0.828878 0.500131
vt 0.819594 0.850031
vt 0.855416 0.837891
vt 0.820978 0.727088
vt 0.820978 0.727088
vt 0.855416 0.837891
vt 0.845584 0.712028
vt 0.117421 0.253892
vt 0.122891 0.216365
vt 0.118902 0.235515
vt 0.870234 0.130847
vt 0.890302 0.128514
vt 0.882103 0.093365
vt 0.140101 0.263387
vt 0.299197 0.201491
vt 0.152606 0.132563
vt 0.840940 0.032037
vt 0.818266 0.097684
vt 0.849062 0.096007
vt 0.804796 0.577115
vt 0.815405 0.495046
vt 0.782458 0.559454
vt 0.782458 0.559454
vt 0.815405 0.495046
vt 0.808078 0.481725
vt 0.782524 0.848493
vt 0.803293 0.711926
vt 0.736141 0.776233
vt 0.736141 0.776233
vt 0.803293 0.711926
vt 0.758621 0.666140
vt 0.803293 0.711926
vt 0.804796 0.577115
vt 0.758621 0.666140
vt 0.758621 0.666140
vt 0.804796 0.577115
vt 0.782458 0.559454
vt 0.845584 0.712028
vt 0.883860 0.665009
vt 0.837555 0.582726
vt 0.837555 0.582726
vt 0.883860 0.665009
vt 0.857491 0.563993
vt 0.968117 0.229494
vt 0.947455 0.194060
vt 0.953545 0.370971
vt 0.101272 0.115605
vt 0.104688 0.099489
vt 0.094259 0.087248
vt 0.094259 0.087248
vt 0.104688 0.099489
vt 0.100079 0.082658
vt 0.835473 0.982493
vt 0.819594 0.850031
vt 0.812279 0.985749
vt 0.864913 0.553738
vt 0.836709 0.487794
vt 0.857491 0.563993
vt 0.857491 0.563993
vt 0.836709 0.487794
vt 0.834696 0.496186
vt 0.834696 0.496186
vt 0.836709 0.487794
vt 0.828878 0.500131
vt 0.828878 0.500131
vt 0.836709 0.487794
vt 0.824929 0.491570
vt 0.931694 0.778684
vt 0.912446 0.813751
vt 0.936863 0.804616
vt 0.900499 0.775524
vt 0.912446 0.813751
vt 0.917694 0.745764
vt 0.917694 0.745764
vt 0.912446 0.813751
vt 0.931694 0.778684
vt 0.906152 0.914509
vt 0.918981 0.927441
vt 0.921523 0.904399
vt 0.468118 0.220242
vt 0.524285 0.152157
vt 0.466439 0.085378
vt 0.394085 0.084485
vt 0.413100 0.241502
vt 0.466439 0.085378
vt 0.466439 0.085378
vt 0.413100 0.241502
vt 0.468118 0.220242
vt 0.855416 0.837891
vt 0.900499 0.775524
vt 0.845584 0.712028
vt 0.845584 0.712028
vt 0.900499 0.775524
vt 0.883860 0.665009
vt 0.936863 0.804616
vt 0.912446 0.813751
vt 0.921523 0.904399
vt 0.371383 0.150738
vt 0.374876 0.185879
vt 0.394085 0.084485
vt 0.394085 0.084485
vt 0.374876 0.185879
vt 0.413100 0.241502
vt 0.334548 0.216755
vt 0.316897 0.265087
vt 0.374876 0.185879
vt 0.374876 0.185879
vt 0.316897 0.265087
vt 0.413100 0.241502
vt 0.849506 0.034199
vt 0.849062 0.096007
vt 0.882103 0.093365
vt 0.801337 0.259528
vt 0.810460 0.349363
vt 0.859945 0.281215
vt 0.859945 0.281215
vt 0.810460 0.349363
vt 0.863885 0.344881
vt 0.921523 0.904399
vt 0.855416 0.837891
vt 0.906152 0.914509
vt 0.855416 0.837891
vt 0.865283 0.951322
vt 0.906152 0.914509
vt 0.968117 0.229494
vt 0.994071 0.127480
vt 0.947455 0.194060
vt 0.947455 0.194060
vt 0.994071 0.127480
vt 0.988442 0.123696
vt 0.299197 0.201491
vt 0.140101 0.263387
vt 0.306560 0.217826
vt 0.018320 0.396919
vt 0.117680 0.298292
vt 0.104984 0.276911
vt 0.599132 0.191086
vt 0.615969 0.152451
vt 0.598716 0.178293
vt 0.815405 0.495046
vt 0.804796 0.577115
vt 0.822255 0.549091
vt 0.822255 0.549091
vt 0.804796 0.577115
vt 0.819405 0.589097
vt 0.782524 0.848493
vt 0.819594 0.850031
vt 0.803293 0.711926
vt 0.803293 0.711926
vt 0.819594 0.850031
vt 0.820978 0.727088
vt 0.804796 0.577115
vt 0.803293 0.711926
vt 0.819405 0.589097
vt 0.819405 0.589097
vt 0.803293 0.711926
vt 0.820978 0.727088
vt 0.018320 0.396919
vt 0.104984 0.276911
vt 0.089698 0.283043
vt 0.812279 0.985749
vt 0.819594 0.850031
vt 0.788090 0.968278
vt 0.788090 0.968278
vt 0.819594 0.850031
vt 0.782524 0.848493
vt 0.945319 0.540730
vt 0.975530 0.611006
vt 0.964338 0.521033
vt 0.547694 0.197234
vt 0.583825 0.167161
vt 0.524285 0.152157
vt 0.524285 0.152157
vt 0.583825 0.167161
vt 0.583789 0.154803
vt 0.810460 0.349363
vt 0.801337 0.259528
vt 0.752848 0.359930
vt 0.752848 0.359930
vt 0.801337 0.259528
vt 0.753859 0.260172
vt 0.524285 0.152157
vt 0.583789 0.154803
vt 0.596574 0.109221
vt 0.596574 0.109221
vt 0.583789 0.154803
vt 0.600410 0.129825
vt 0.306560 0.217826
vt 0.140101 0.263387
vt 0.316897 0.265087
vt 0.531128 0.631651
vt 0.510191 0.614428
vt 0.514909 0.665880
vt 0.117680 0.298292
vt 0.091887 0.418085
vt 0.309527 0.411420
vt 0.592202 0.302026
vt 0.676031 0.260361
vt 0.599132 0.191086
vt 0.468118 0.220242
vt 0.413100 0.241502
vt 0.466218 0.309486
vt 0.466218 0.309486
vt 0.413100 0.241502
vt 0.412525 0.332515
vt 0.837555 0.582726
vt 0.857491 0.563993
vt 0.828878 0.500131
vt 0.828878 0.500131
vt 0.857491 0.563993
vt 0.834696 0.496186
vt 0.117680 0.298292
vt 0.309527 0.411420
vt 0.140101 0.263387
vt 0.140101 0.263387
vt 0.309527 0.411420
vt 0.316897 0.265087
vt 0.091887 0.418085
vt 0.018320 0.396919
vt 0.075894 0.461186
vt 0.075894 0.461186
vt 0.018320 0.396919
vt 0.013179 0.441594
vt 0.524285 0.152157
vt 0.596574 0.109221
vt 0.526206 0.105455
vt 0.332613 0.343321
vt 0.316897 0.265087
vt 0.309527 0.411420
vt 0.837555 0.582726
vt 0.822255 0.549091
vt 0.819405 0.589097
vt 0.983223 0.726095
vt 0.972123 0.673609
vt 0.959582 0.684976
vt 0.390454 0.567301
vt 0.456739 0.560474
vt 0.403496 0.499403
vt 0.403496 0.499403
vt 0.456739 0.560474
vt 0.458311 0.493741
vt 0.177936 0.065910
vt 0.148420 0.101243
vt 0.283977 0.039632
vt 0.283977 0.039632
vt 0.148420 0.101243
vt 0.285263 0.091162
vt 0.970143 0.628698
vt 0.978537 0.655586
vt 0.973117 0.629286
vt 0.972123 0.673609
vt 0.983223 0.726095
vt 0.972868 0.674893
vt 0.676031 0.260361
vt 0.753859 0.260172
vt 0.685127 0.180677
vt 0.685127 0.180677
vt 0.753859 0.260172
vt 0.755464 0.214306
vt 0.881559 0.040910
vt 0.849506 0.034199
vt 0.882103 0.093365
vt 0.755464 0.214306
vt 0.753859 0.260172
vt 0.801337 0.259528
vt 0.599132 0.191086
vt 0.685127 0.180677
vt 0.615969 0.152451
vt 0.615969 0.152451
vt 0.685127 0.180677
vt 0.621453 0.118418
vt 0.824644 0.156996
vt 0.818266 0.097684
vt 0.800853 0.142717
vt 0.889292 0.352410
vt 0.947455 0.194060
vt 0.872241 0.278176
vt 0.975530 0.611006
vt 0.945319 0.540730
vt 0.970143 0.628698
vt 0.595153 0.441761
vt 0.677606 0.383787
vt 0.592202 0.302026
vt 0.592202 0.302026
vt 0.677606 0.383787
vt 0.676031 0.260361
vt 0.596574 0.109221
vt 0.600410 0.129825
vt 0.621453 0.118418
vt 0.621453 0.118418
vt 0.600410 0.129825
vt 0.619125 0.119462
vt 0.118902 0.235515
vt 0.104984 0.276911
vt 0.117421 0.253892
vt 0.809759 0.400865
vt 0.810073 0.381581
vt 0.761049 0.431923
vt 0.761049 0.431923
vt 0.810073 0.381581
vt 0.755145 0.424807
vt 0.466218 0.309486
vt 0.412525 0.332515
vt 0.458311 0.493741
vt 0.458311 0.493741
vt 0.412525 0.332515
vt 0.403496 0.499403
vt 0.299809 0.611060
vt 0.304204 0.551642
vt 0.079524 0.516317
vt 0.079524 0.516317
vt 0.304204 0.551642
vt 0.075894 0.461186
vt 0.314905 0.087453
vt 0.347302 0.082699
vt 0.312749 0.029262
vt 0.312749 0.029262
vt 0.347302 0.082699
vt 0.346196 0.025328
vt 0.953545 0.370971
vt 0.947455 0.194060
vt 0.889292 0.352410
vt 0.810460 0.349363
vt 0.810073 0.381581
vt 0.863885 0.344881
vt 0.863885 0.344881
vt 0.810073 0.381581
vt 0.866501 0.376895
vt 0.285263 0.091162
vt 0.148420 0.101243
vt 0.299197 0.201491
vt 0.945319 0.540730
vt 0.953545 0.370971
vt 0.889292 0.352410
vt 0.755145 0.424807
vt 0.810073 0.381581
vt 0.752848 0.359930
vt 0.752848 0.359930
vt 0.810073 0.381581
vt 0.810460 0.349363
vt 0.818266 0.097684
vt 0.812591 0.062301
vt 0.781497 0.054436
vt 0.685127 0.180677
vt 0.755464 0.214306
vt 0.701778 0.167380
vt 0.701778 0.167380
vt 0.755464 0.214306
vt 0.754786 0.190096
vt 0.599132 0.191086
vt 0.598716 0.178293
vt 0.547694 0.197234
vt 0.598716 0.178293
vt 0.583825 0.167161
vt 0.547694 0.197234
vt 0.596574 0.109221
vt 0.621453 0.118418
vt 0.606529 0.086613
vt 0.606529 0.086613
vt 0.621453 0.118418
vt 0.623140 0.106300
vt 0.512588 0.484248
vt 0.595153 0.441761
vt 0.542777 0.291506
vt 0.542777 0.291506
vt 0.595153 0.441761
vt 0.592202 0.302026
vt 0.872241 0.278176
vt 0.867238 0.259163
vt 0.859945 0.281215
vt 0.859945 0.281215
vt 0.867238 0.259163
vt 0.858941 0.259828
vt 0.749877 0.477012
vt 0.713909 0.441278
vt 0.752721 0.483789
vt 0.752721 0.483789
vt 0.713909 0.441278
vt 0.722446 0.458213
vt 0.758763 0.481206
vt 0.756338 0.472828
vt 0.752721 0.483789
vt 0.752721 0.483789
vt 0.756338 0.472828
vt 0.749877 0.477012
vt 0.758763 0.481206
vt 0.761049 0.431923
vt 0.756338 0.472828
vt 0.761049 0.431923
vt 0.755145 0.424807
vt 0.756338 0.472828
vt 0.910846 0.035542
vt 0.881559 0.040910
vt 0.882103 0.093365
vt 0.800853 0.142717
vt 0.818266 0.097684
vt 0.781497 0.054436
vt 0.910846 0.035542
vt 0.882103 0.093365
vt 0.908262 0.134711
vt 0.316354 0.176468
vt 0.341777 0.159639
vt 0.314905 0.087453
vt 0.314905 0.087453
vt 0.341777 0.159639
vt 0.347302 0.082699
vt 0.412525 0.332515
vt 0.332613 0.343321
vt 0.403496 0.499403
vt 0.403496 0.499403
vt 0.332613 0.343321
vt 0.309527 0.411420
vt 0.713909 0.441278
vt 0.749877 0.477012
vt 0.755145 0.424807
vt 0.755145 0.424807
vt 0.749877 0.477012
vt 0.756338 0.472828
vt 0.390454 0.567301
vt 0.400493 0.614838
vt 0.456739 0.560474
vt 0.456739 0.560474
vt 0.400493 0.614838
vt 0.456669 0.600090
vt 0.812591 0.062301
vt 0.818266 0.097684
vt 0.840940 0.032037
vt 0.510191 0.614428
vt 0.521256 0.607055
vt 0.520364 0.549836
vt 0.755464 0.214306
vt 0.763440 0.194621
vt 0.754786 0.190096
vt 0.754786 0.190096
vt 0.763440 0.194621
vt 0.758655 0.189203
vt 0.779085 0.169120
vt 0.783558 0.160024
vt 0.775874 0.157671
vt 0.785584 0.169513
vt 0.783558 0.160024
vt 0.779085 0.169120
vt 0.781678 0.191877
vt 0.791275 0.176482
vt 0.779085 0.169120
vt 0.866501 0.376895
vt 0.810073 0.381581
vt 0.809759 0.400865
vt 0.791275 0.176482
vt 0.781678 0.191877
vt 0.783440 0.195626
vt 0.316897 0.265087
vt 0.334548 0.216755
vt 0.306560 0.217826
vt 0.781678 0.191877
vt 0.801337 0.259528
vt 0.783440 0.195626
vt 0.801337 0.259528
vt 0.791085 0.208760
vt 0.783440 0.195626
vt 0.779085 0.169120
vt 0.775874 0.157671
vt 0.770437 0.171826
vt 0.950181 0.647427
vt 0.945319 0.540730
vt 0.927248 0.571892
vt 0.779085 0.169120
vt 0.791275 0.176482
vt 0.785584 0.169513
vt 0.779085 0.169120
vt 0.770437 0.171826
vt 0.763440 0.194621
vt 0.763440 0.194621
vt 0.770437 0.171826
vt 0.758655 0.189203
vt 0.779085 0.169120
vt 0.763440 0.194621
vt 0.781678 0.191877
vt 0.595153 0.441761
vt 0.512588 0.484248
vt 0.599353 0.503733
vt 0.599353 0.503733
vt 0.512588 0.484248
vt 0.520364 0.549836
vt 0.140101 0.263387
vt 0.117421 0.253892
vt 0.117680 0.298292
vt 0.117680 0.298292
vt 0.117421 0.253892
vt 0.104984 0.276911
vt 0.755464 0.214306
vt 0.781678 0.191877
vt 0.763440 0.194621
vt 0.456669 0.600090
vt 0.510191 0.614428
vt 0.456739 0.560474
vt 0.456739 0.560474
vt 0.510191 0.614428
vt 0.520364 0.549836
vt 0.801337 0.259528
vt 0.807271 0.229012
vt 0.791085 0.208760
vt 0.596574 0.109221
vt 0.589566 0.071878
vt 0.526206 0.105455
vt 0.526206 0.105455
vt 0.589566 0.071878
vt 0.548538 0.050304
vt 0.524285 0.152157
vt 0.468118 0.220242
vt 0.547694 0.197234
vt 0.466439 0.085378
vt 0.524285 0.152157
vt 0.526206 0.105455
vt 0.117680 0.298292
vt 0.018320 0.396919
vt 0.091887 0.418085
vt 0.807271 0.229012
vt 0.801337 0.259528
vt 0.858941 0.259828
vt 0.858941 0.259828
vt 0.801337 0.259528
vt 0.859945 0.281215
vt 0.520364 0.549836
vt 0.521256 0.607055
vt 0.543594 0.592243
vt 0.531128 0.631651
vt 0.521256 0.607055
vt 0.510191 0.614428
vt 0.400493 0.614838
vt 0.438752 0.749927
vt 0.445782 0.692431
vt 0.499331 0.839303
vt 0.503258 0.791421
vt 0.481096 0.810904
vt 0.514909 0.665880
vt 0.503258 0.791421
vt 0.521876 0.665892
vt 0.481096 0.810904
vt 0.514909 0.665880
vt 0.445782 0.692431
vt 0.043480 0.292237
vt 0.018320 0.396919
vt 0.065020 0.297162
vt 0.152606 0.132563
vt 0.109914 0.148889
vt 0.122891 0.216365
vt 0.104984 0.276911
vt 0.118902 0.235515
vt 0.089698 0.283043
vt 0.683162 0.656368
vt 0.690836 0.635480
vt 0.667126 0.647896
vt 0.667126 0.647896
vt 0.690836 0.635480
vt 0.662168 0.597234
vt 0.667126 0.647896
vt 0.662168 0.597234
vt 0.605118 0.663142
vt 0.605118 0.663142
vt 0.662168 0.597234
vt 0.597783 0.658163
vt 0.609711 0.667114
vt 0.651215 0.681876
vt 0.605118 0.663142
vt 0.605118 0.663142
vt 0.651215 0.681876
vt 0.667126 0.647896
vt 0.109292 0.209245
vt 0.118902 0.235515
vt 0.099594 0.147176
vt 0.099594 0.147176
vt 0.118902 0.235515
vt 0.105722 0.152496
vt 0.609711 0.667114
vt 0.612116 0.670379
vt 0.651215 0.681876
vt 0.651215 0.681876
vt 0.612116 0.670379
vt 0.650652 0.721844
vt 0.616320 0.759483
vt 0.605118 0.663142
vt 0.607076 0.762405
vt 0.607076 0.762405
vt 0.605118 0.663142
vt 0.597783 0.658163
vt 0.634389 0.750497
vt 0.609711 0.667114
vt 0.616320 0.759483
vt 0.616320 0.759483
vt 0.609711 0.667114
vt 0.605118 0.663142
vt 0.650652 0.721844
vt 0.612116 0.670379
vt 0.634389 0.750497
vt 0.634389 0.750497
vt 0.612116 0.670379
vt 0.609711 0.667114
vt 0.634337 0.853151
vt 0.616320 0.759483
vt 0.628775 0.875221
vt 0.628775 0.875221
vt 0.616320 0.759483
vt 0.607076 0.762405
vt 0.616320 0.759483
vt 0.634337 0.853151
vt 0.634389 0.750497
vt 0.634389 0.750497
vt 0.634337 0.853151
vt 0.643120 0.821143
vt 0.108321 0.214979
vt 0.077916 0.242984
vt 0.118902 0.235515
vt 0.118902 0.235515
vt 0.077916 0.242984
vt 0.089698 0.283043
vt 0.077916 0.242984
vt 0.065020 0.297162
vt 0.089698 0.283043
vt 0.033644 0.282970
vt 0.043480 0.292237
vt 0.041781 0.237970
vt 0.041781 0.237970
vt 0.043480 0.292237
vt 0.054346 0.246665
vt 0.109914 0.148889
vt 0.105722 0.152496
vt 0.126384 0.216830
vt 0.126384 0.216830
vt 0.105722 0.152496
vt 0.118902 0.235515
vt 0.101272 0.115605
vt 0.105722 0.152496
vt 0.109914 0.148889
vt 0.078915 0.092177
vt 0.088984 0.115163
vt 0.081448 0.085308
vt 0.081448 0.085308
vt 0.088984 0.115163
vt 0.092511 0.108526
vt 0.087876 0.068542
vt 0.081448 0.085308
vt 0.094259 0.087248
vt 0.094259 0.087248
vt 0.081448 0.085308
vt 0.092511 0.108526
vt 0.099594 0.147176
vt 0.105722 0.152496
vt 0.088984 0.115163
vt 0.088984 0.115163
vt 0.105722 0.152496
vt 0.092511 0.108526
vt 0.065020 0.297162
vt 0.054346 0.246665
vt 0.043480 0.292237
vt 0.065020 0.297162
vt 0.077916 0.242984
vt 0.054346 0.246665
vt 0.092511 0.108526
vt 0.101272 0.115605
vt 0.094259 0.087248
vt 0.105722 0.152496
vt 0.101272 0.115605
vt 0.092511 0.108526
vt 0.171413 0.725665
vt 0.171482 0.656617
vt 0.157596 0.660190
vt 0.171482 0.656617
vt 0.171413 0.725665
vt 0.184250 0.659826
vt 0.157596 0.660190
vt 0.184250 0.659826
vt 0.171413 0.725665
vt 0.171682 0.800386
vt 0.172402 0.733111
vt 0.159830 0.734249
vt 0.172402 0.733111
vt 0.171682 0.800386
vt 0.183427 0.733947
vt 0.159830 0.734249
vt 0.183427 0.733947
vt 0.171682 0.800386
vt 0.204170 0.725665
vt 0.204238 0.656617
vt 0.190353 0.660190
vt 0.204238 0.656617
vt 0.204170 0.725665
vt 0.217006 0.659826
vt 0.190353 0.660190
vt 0.217006 0.659826
vt 0.204170 0.725665
vt 0.231249 0.725665
vt 0.231317 0.656617
vt 0.217431 0.660190
vt 0.231317 0.656617
vt 0.231249 0.725665
vt 0.244085 0.659826
vt 0.217431 0.660190
vt 0.244085 0.659826
vt 0.231249 0.725665
vt 0.260948 0.725665
vt 0.261016 0.656617
vt 0.247131 0.660190
vt 0.261016 0.656617
vt 0.260948 0.725665
vt 0.273785 0.659826
vt 0.247131 0.660190
vt 0.273785 0.659826
vt 0.260948 0.725665
vt 0.292394 0.725665
vt 0.292463 0.656617
vt 0.278577 0.660190
vt 0.292463 0.656617
vt 0.292394 0.725665
vt 0.305231 0.659826
vt 0.278577 0.660190
vt 0.305231 0.659826
vt 0.292394 0.725665
vt 0.292394 0.725665
vt 0.292463 0.656617
vt 0.278577 0.660190
vt 0.292463 0.656617
vt 0.292394 0.725665
vt 0.305231 0.659826
vt 0.278577 0.660190
vt 0.305231 0.659826
vt 0.292394 0.725665
vt 0.292394 0.725665
vt 0.292463 0.656617
vt 0.278577 0.660190
vt 0.292463 0.656617
vt 0.292394 0.725665
vt 0.305231 0.659826
vt 0.278577 0.660190
vt 0.305231 0.659826
vt 0.292394 0.725665
vt 0.261253 0.800386
vt 0.261972 0.733111
vt 0.249401 0.734249
vt 0.261972 0.733111
vt 0.261253 0.800386
vt 0.272998 0.733947
vt 0.249401 0.734249
vt 0.272998 0.733947
vt 0.261253 0.800386
vt 0.261253 0.800386
vt 0.261972 0.733111
vt 0.249401 0.734249
vt 0.261972 0.733111
vt 0.261253 0.800386
vt 0.272998 0.733947
vt 0.249401 0.734249
vt 0.272998 0.733947
vt 0.261253 0.800386
vt 0.231173 0.800386
vt 0.231893 0.733111
vt 0.219321 0.734249
vt 0.231893 0.733111
vt 0.231173 0.800386
vt 0.242918 0.733947
vt 0.219321 0.734249
vt 0.242918 0.733947
vt 0.231173 0.800386
vt 0.202931 0.800386
vt 0.203651 0.733111
vt 0.191080 0.734249
vt 0.203651 0.733111
vt 0.202931 0.800386
vt 0.214676 0.733947
vt 0.191080 0.734249
vt 0.214676 0.733947
vt 0.202931 0.800386
vt 0.204925 0.909848
vt 0.203702 0.977116
vt 0.216281 0.976072
vt 0.203702 0.977116
vt 0.204925 0.909848
vt 0.192683 0.976197
vt 0.216281 0.976072
vt 0.192683 0.976197
vt 0.204925 0.909848
vt 0.173928 0.909848
vt 0.172705 0.977116
vt 0.185285 0.976072
vt 0.172705 0.977116
vt 0.173928 0.909848
vt 0.161687 0.976197
vt 0.185285 0.976072
vt 0.161687 0.976197
vt 0.173928 0.909848
vt 0.232856 0.909848
vt 0.231633 0.977116
vt 0.244212 0.976072
vt 0.231633 0.977116
vt 0.232856 0.909848
vt 0.220614 0.976197
vt 0.244212 0.976072
vt 0.220614 0.976197
vt 0.232856 0.909848
vt 0.261468 0.909848
vt 0.260245 0.977116
vt 0.272824 0.976072
vt 0.260245 0.977116
vt 0.261468 0.909848
vt 0.249227 0.976197
vt 0.272824 0.976072
vt 0.249227 0.976197
vt 0.261468 0.909848
vt 0.261468 0.909848
vt 0.260245 0.977116
vt 0.272824 0.976072
vt 0.260245 0.977116
vt 0.261468 0.909848
vt 0.249227 0.976197
vt 0.272824 0.976072
vt 0.249227 0.976197
vt 0.261468 0.909848
vt 0.261468 0.909848
vt 0.260245 0.977116
vt 0.272824 0.976072
vt 0.260245 0.977116
vt 0.261468 0.909848
vt 0.249227 0.976197
vt 0.272824 0.976072
vt 0.249227 0.976197
vt 0.261468 0.909848
vt 0.261468 0.909848
vt 0.260245 0.977116
vt 0.272824 0.976072
vt 0.260245 0.977116
vt 0.261468 0.909848
vt 0.249227 0.976197
vt 0.272824 0.976072
vt 0.249227 0.976197
vt 0.261468 0.909848
vt 0.356095 0.912829
vt 0.367931 0.915795
vt 0.363505 0.891453
vt 0.367931 0.915795
vt 0.375232 0.895207
vt 0.363505 0.891453
vt 0.347886 0.936305
vt 0.373737 0.940254
vt 0.356095 0.912829
vt 0.356095 0.912829
vt 0.373737 0.940254
vt 0.367931 0.915795
vt 0.337087 0.887287
vt 0.347886 0.936305
vt 0.351335 0.888348
vt 0.351335 0.888348
vt 0.347886 0.936305
vt 0.356095 0.912829
vt 0.375232 0.895207
vt 0.370791 0.871063
vt 0.363505 0.891453
vt 0.358780 0.867208
vt 0.352423 0.843363
vt 0.351335 0.888348
vt 0.351335 0.888348
vt 0.352423 0.843363
vt 0.337087 0.887287
vt 0.370791 0.871063
vt 0.358780 0.867208
vt 0.363505 0.891453
vt 0.358780 0.867208
vt 0.351335 0.888348
vt 0.363505 0.891453
vt 0.370791 0.871063
vt 0.376573 0.849248
vt 0.358780 0.867208
vt 0.358780 0.867208
vt 0.376573 0.849248
vt 0.352423 0.843363
vt 0.351335 0.888348
vt 0.356095 0.912829
vt 0.363505 0.891453
vt 0.375232 0.895207
vt 0.387038 0.895537
vt 0.370791 0.871063
vt 0.370791 0.871063
vt 0.387038 0.895537
vt 0.376573 0.849248
vt 0.373737 0.940254
vt 0.387038 0.895537
vt 0.367931 0.915795
vt 0.367931 0.915795
vt 0.387038 0.895537
vt 0.375232 0.895207
vt 0.855416 0.837891
vt 0.912446 0.813751
vt 0.921523 0.904399
vt 0.900499 0.775524
vt 0.912446 0.813751
vt 0.855416 0.837891
vt 0.900499 0.775524
vt 0.855416 0.837891
vt 0.912446 0.813751
vt 0.921523 0.904399
vt 0.912446 0.813751
vt 0.855416 0.837891
vt 0.018320 0.396919
vt 0.089698 0.283043
vt 0.065020 0.297162
vt 0.018320 0.396919
vt 0.089698 0.283043
vt 0.104984 0.276911
vt 0.117421 0.253892
vt 0.152606 0.132563
vt 0.140101 0.263387
vt 0.117421 0.253892
vt 0.122891 0.216365
vt 0.152606 0.132563
vt 0.117421 0.253892
vt 0.152606 0.132563
vt 0.122891 0.216365
vt 0.117421 0.253892
vt 0.140101 0.263387
vt 0.152606 0.132563
vt 0.299197 0.201491
vt 0.148420 0.101243
vt 0.152606 0.132563
vt 0.299197 0.201491
vt 0.148420 0.101243
vt 0.285263 0.091162
f 1/1/1 2/2/2 3/3/3
f 4/4/4 5/5/5 6/6/6
f 7/7/7 8/8/8 9/9/9
f 10/10/10 11/11/11 12/12/12
f 13/13/13 14/14/14 15/15/15
f 16/16/16 17/17/17 18/18/18
f 19/19/19 20/20/20 21/21/21
f 22/22/22 23/23/23 24/24/24
f 25/25/25 26/26/26 27/27/27
f 28/28/28 29/29/29 30/30/30
f 31/31/31 32/32/32 33/33/33
f 34/34/34 35/35/35 36/36/36
f 37/37/37 38/38/38 39/39/39
f 40/40/40 41/41/41 42/42/42
f 43/43/43 44/44/44 45/45/45
f 46/46/46 47/47/47 48/48/48
f 49/49/49 50/50/50 51/51/51
f 52/52/52 53/53/53 54/54/54
f 55/55/55 56/56/56 57/57/57
f 58/58/58 59/59/59 60/60/60
f 61/61/61 62/62/62 63/63/63
f 64/64/64 65/65/65 66/66/66
f 67/67/67 68/68/68 69/69/69
f 70/70/70 71/71/71 72/72/72
f 73/73/73 74/74/74 75/75/75
f 76/76/76 77/77/77 78/78/78
f 79/79/79 80/80/80 81/81/81
f 82/82/82 83/83/83 84/84/84
f 85/85/85 86/86/86 87/87/87
f 88/88/88 89/89/89 90/90/90
f 91/91/91 92/92/92 93/93/93
f 94/94/94 95/95/95 96/96/96
f 97/97/97 98/98/98 99/99/99
f 100/100/100 101/101/101 102/102/102
f 103/103/103 104/104/104 105/105/105
f 106/106/106 107/107/107 108/108/108
f 109/109/109 110/110/110 111/111/111
f 112/112/112 113/113/113 114/114/114
f 115/115/115 116/116/116 117/117/117
f 118/118/118 119/119/119 120/120/120
f 121/121/121 122/122/122 123/123/123
f 124/124/124 125/125/125 126/126/126
f 127/127/127 128/128/128 129/129/129
f 130/130/130 131/131/131 132/132/132
f 133/133/133 134/134/134 135/135/135
f 136/136/136 137/137/137 138/138/138
f 139/139/139 140/140/140 141/141/141
f 142/142/142 143/143/143 144/144/144
f 145/145/145 146/146/146 147/147/147
f 148/148/148 149/149/149 150/150/150
f 151/151/151 152/152/152 153/153/153
f 154/154/154 155/155/155 156/156/156
f 157/157/157 158/158/158 159/159/159
f 160/160/160 161/161/161 162/162/162
f 163/163/163 164/164/164 165/165/165
f 166/166/166 167/167/167 168/168/168
f 169/169/169 170/170/170 171/171/171
f 172/172/172 173/173/173 174/174/174
f 175/175/175 176/176/176 177/177/177
f 178/178/178 179/179/179 180/180/180
f 181/181/181 182/182/182 183/183/183
f 184/184/184 185/185/185 186/186/186
f 187/187/187 188/188/188 189/189/189
f 190/190/190 191/191/191 192/192/192
f 193/193/193 194/194/194 195/195/195
f 196/196/196 197/197/197 198/198/198
f 199/199/199 200/200/200 201/201/201
f 202/202/202 203/203/203 204/204/204
f 205/205/205 206/206/206 207/207/207
f 208/208/208 209/209/209 210/210/210
f 211/211/211 212/212/212 213/213/213
f 214/214/214 215/215/215 216/216/216
f 217/217/217 218/218/218 219/219/219
f 220/220/220 221/221/221 222/222/222
f 223/223/223 224/224/224 225/225/225
f 226/226/226 227/227/227 228/228/228
f 229/229/229 230/230/230 231/231/231
f 232/232/232 233/233/233 234/234/234
f 235/235/235 236/236/236 237/237/237
f 238/238/238 239/239/239 240/240/240
f 241/241/241 242/242/242 243/243/243
f 244/244/244 245/245/245 246/246/246
f 247/247/247 248/248/248 249/249/249
f 250/250/250 251/251/251 252/252/252
f 253/253/253 254/254/254 255/255/255
f 256/256/256 257/257/257 258/258/258
f 259/259/259 260/260/260 261/261/261
f 262/262/262 263/263/263 264/264/264
f 265/265/265 266/266/266 267/267/267
f 268/268/268 269/269/269 270/270/270
f 271/271/271 272/272/272 273/273/273
f 274/274/274 275/275/275 276/276/276
f 277/277/277 278/278/278 279/279/279
f 280/280/280 281/281/281 282/282/282
f 283/283/283 284/284/284 285/285/285
f 286/286/286 287/287/287 288/288/288
f 289/289/289 290/290/290 291/291/291
f 292/292/292 293/293/293 294/294/294
f 295/295/295 296/296/296 297/297/297
f 298/298/298 299/299/299 300/300/300
f 301/301/301 302/302/302 303/303/303
f 304/304/304 305/305/305 306/306/306
f 307/307/307 308/308/308 309/309/309
f 310/310/310 311/311/311 312/312/312
f 313/313/313 314/314/314 315/315/315
f 316/316/316 317/317/317 318/318/318
f 319/319/319 320/320/320 321/321/321
f 322/322/322 323/323/323 324/324/324
f 325/325/325 326/326/326 327/327/327
f 328/328/328 329/329/329 330/330/330
f 331/331/331 332/332/332 333/333/333
f 334/334/334 335/335/335 336/336/336
f 337/337/337 338/338/338 339/339/339
f 340/340/340 341/341/341 342/342/342
f 343/343/343 344/344/344 345/345/345
f 346/346/346 347/347/347 348/348/348
f 349/349/349 350/350/350 351/351/351
f 352/352/352 353/353/353 354/354/354
f 355/355/355 356/356/356 357/357/357
f 358/358/358 359/359/359 360/360/360
f 361/361/361 362/362/362 363/363/363
f 364/364/364 365/365/365 366/366/366
f 367/367/367 368/368/368 369/369/369
f 370/370/370 371/371/371 372/372/372
f 373/373/373 374/374/374 375/375/375
f 376/376/376 377/377/377 378/378/378
f 379/379/379 380/380/380 381/381/381
f 382/382/382 383/383/383 384/384/384
f 385/385/385 386/386/386 387/387/387
f 388/388/388 389/389/389 390/390/390
f 391/391/391 392/392/392 393/393/393
f 394/394/394 395/395/395 396/396/396
f 397/397/397 398/398/398 399/399/399
f 400/400/400 401/401/401 402/402/402
f 403/403/403 404/404/404 405/405/405
f 406/406/406 407/407/407 408/408/408
f 409/409/409 410/410/410 411/411/411
f 412/412/412 413/413/413 414/414/414
f 415/415/415 416/416/416 417/417/417
f 418/418/418 419/419/419 420/420/420
f 421/421/421 422/422/422 423/423/423
f 424/424/424 425/425/425 426/426/426
f 427/427/427 428/428/428 429/429/429
f 430/430/430 431/431/431 432/432/432
f 433/433/433 434/434/434 435/435/435
f 436/436/436 437/437/437 438/438/438
f 439/439/439 440/440/440 441/441/441
f 442/442/442 443/443/443 444/444/444
f 445/445/445 446/446/446 447/447/447
f 448/448/448 449/449/449 450/450/450
f 451/451/451 452/452/452 453/453/453
f 454/454/454 455/455/455 456/456/456
f 457/457/457 458/458/458 459/459/459
f 460/460/460 461/461/461 462/462/462
f 463/463/463 464/464/464 465/465/465
f 466/466/466 467/467/467 468/468/468
f 469/469/469 470/470/470 471/471/471
f 472/472/472 473/473/473 474/474/474
f 475/475/475 476/476/476 477/477/477
f 478/478/478 479/479/479 480/480/480
f 481/481/481 482/482/482 483/483/483
f 484/484/484 485/485/485 486/486/486
f 487/487/487 488/488/488 489/489/489
f 490/490/490 491/491/491 492/492/492
f 493/493/493 494/494/494 495/495/495
f 496/496/496 497/497/497 498/498/498
f 499/499/499 500/500/500 501/501/501
f 502/502/502 503/503/503 504/504/504
f 505/505/505 506/506/506 507/507/507
f 508/508/508 509/509/509 510/510/510
f 511/511/511 512/512/512 513/513/513
f 514/514/514 515/515/515 516/516/516
f 517/517/517 518/518/518 519/519/519
f 520/520/520 521/521/521 522/522/522
f 523/523/523 524/524/524 525/525/525
f 526/526/526 527/527/527 528/528/528
f 529/529/529 530/530/530 531/531/531
f 532/532/532 533/533/533 534/534/534
f 535/535/535 536/536/536 537/537/537
f 538/538/538 539/539/539 540/540/540
f 541/541/541 542/542/542 543/543/543
f 544/544/544 545/545/545 546/546/546
f 547/547/547 548/548/548 549/549/549
f 550/550/550 551/551/551 552/552/552
f 553/553/553 554/554/554 555/555/555
f 556/556/556 557/557/557 558/558/558
f 559/559/559 560/560/560 561/561/561
f 562/562/562 563/563/563 564/564/564
f 565/565/565 566/566/566 567/567/567
f 568/568/568 569/569/569 570/570/570
f 571/571/571 572/572/572 573/573/573
f 574/574/574 575/575/575 576/576/576
f 577/577/577 578/578/578 579/579/579
f 580/580/580 581/581/581 582/582/582
f 583/583/583 584/584/584 585/585/585
f 586/586/586 587/587/587 588/588/588
f 589/589/589 590/590/590 591/591/591
f 592/592/592 593/593/593 594/594/594
f 595/595/595 596/596/596 597/597/597
f 598/598/598 599/599/599 600/600/600
f 601/601/601 602/602/602 603/603/603
f 604/604/604 605/605/605 606/606/606
f 607/607/607 608/608/608 609/609/609
f 610/610/610 611/611/611 612/612/612
f 613/613/613 614/614/614 615/615/615
f 616/616/616 617/617/617 618/618/618
f 619/619/619 620/620/620 621/621/621
f 622/622/622 623/623/623 624/624/624
f 625/625/625 626/626/626 627/627/627
f 628/628/628 629/629/629 630/630/630
f 631/631/631 632/632/632 633/633/633
f 634/634/634 635/635/635 636/636/636
f 637/637/637 638/638/638 639/639/639
f 640/640/640 641/641/641 642/642/642
f 643/643/643 644/644/644 645/645/645
f 646/646/646 647/647/647 648/648/648
f 649/649/649 650/650/650 651/651/651
f 652/652/652 653/653/653 654/654/654
f 655/655/655 656/656/656 657/657/657
f 658/658/658 659/659/659 660/660/660
f 661/661/661 662/662/662 663/663/663
f 664/664/664 665/665/665 666/666/666
f 667/667/667 668/668/668 669/669/669
f 670/670/670 671/671/671 672/672/672
f 673/673/673 674/674/674 675/675/675
f 676/676/676 677/677/677 678/678/678
f 679/679/679 680/680/680 681/681/681
f 682/682/682 683/683/683 684/684/684
f 685/685/685 686/686/686 687/687/687
f 688/688/688 689/689/689 690/690/690
f 691/691/691 692/692/692 693/693/693
f 694/694/694 695/695/695 696/696/696
f 697/697/697 698/698/698 699/699/699
f 700/700/700 701/701/701 702/702/702
f 703/703/703 704/704/704 705/705/705
f 706/706/706 707/707/707 708/708/708
f 709/709/709 710/710/710 711/711/711
f 712/712/712 713/713/713 714/714/714
f 715/715/715 716/716/716 717/717/717
f 718/718/718 719/719/719 720/720/720
f 721/721/721 722/722/722 723/723/723
f 724/724/724 725/725/725 726/726/726
f 727/727/727 728/728/728 729/729/729
f 730/730/730 731/731/731 732/732/732
f 733/733/733 734/734/734 735/735/735
f 736/736/736 737/737/737 738/738/738
f 739/739/739 740/740/740 741/741/741
f 742/742/742 743/743/743 744/744/744
f 745/745/745 746/746/746 747/747/747
f 748/748/748 749/749/749 750/750/750
f 751/751/751 752/752/752 753/753/753
f 754/754/754 755/755/755 756/756/756
f 757/757/757 758/758/758 759/759/759
f 760/760/760 761/761/761 762/762/762
f 763/763/763 764/764/764 765/765/765
f 766/766/766 767/767/767 768/768/768
f 769/769/769 770/770/770 771/771/771
f 772/772/772 773/773/773 774/774/774
f 775/775/775 776/776/776 777/777/777
f 778/778/778 779/779/779 780/780/780
f 781/781/781 782/782/782 783/783/783
f 784/784/784 785/785/785 786/786/786
f 787/787/787 788/788/788 789/789/789
f 790/790/790 791/791/791 792/792/792
f 793/793/793 794/794/794 795/795/795
f 796/796/796 797/797/797 798/798/798
f 799/799/799 800/800/800 801/801/801
f 802/802/802 803/803/803 804/804/804
f 805/805/805 806/806/806 807/807/807
f 808/808/808 809/809/809 810/810/810
f 811/811/811 812/812/812 813/813/813
f 814/814/814 815/815/815 816/816/816
f 817/817/817 818/818/818 819/819/819
f 820/820/820 821/821/821 822/822/822
f 823/823/823 824/824/824 825/825/825
f 826/826/826 827/827/827 828/828/828
f 829/829/829 830/830/830 831/831/831
f 832/832/832 833/833/833 834/834/834
f 835/835/835 836/836/836 837/837/837
f 838/838/838 839/839/839 840/840/840
f 841/841/841 842/842/842 843/843/843
f 844/844/844 845/845/845 846/846/846
f 847/847/847 848/848/848 849/849/849
f 850/850/850 851/851/851 852/852/852
f 853/853/853 854/854/854 855/855/855
f 856/856/856 857/857/857 858/858/858
f 859/859/859 860/860/860 861/861/861
f 862/862/862 863/863/863 864/864/864
f 865/865/865 866/866/866 867/867/867
f 868/868/868 869/869/869 870/870/870
f 871/871/871 872/872/872 873/873/873
f 874/874/874 875/875/875 876/876/876
f 877/877/877 878/878/878 879/879/879
f 880/880/880 881/881/881 882/882/882
f 883/883/883 884/884/884 885/885/885
f 886/886/886 887/887/887 888/888/888
f 889/889/889 890/890/890 891/891/891
f 892/892/892 893/893/893 894/894/894
f 895/895/895 896/896/896 897/897/897
f 898/898/898 899/899/899 900/900/900
f 901/901/901 902/902/902 903/903/903
f 904/904/904 905/905/905 906/906/906
f 907/907/907 908/908/908 909/909/909
f 910/910/910 911/911/911 912/912/912
f 913/913/913 914/914/914 915/915/915
f 916/916/916 917/917/917 918/918/918
f 919/919/919 920/920/920 921/921/921
f 922/922/922 923/923/923 924/924/924
f 925/925/925 926/926/926 927/927/927
f 928/928/928 929/929/929 930/930/930
f 931/931/931 932/932/932 933/933/933
f 934/934/934 935/935/935 936/936/936
f 937/937/937 938/938/938 939/939/939
f 940/940/940 941/941/941 942/942/942
f 943/943/943 944/944/944 945/945/945
f 946/946/946 947/947/947 948/948/948
f 949/949/949 950/950/950 951/951/951
f 952/952/952 953/953/953 954/954/954
f 955/955/955 956/956/956 957/957/957
f 958/958/958 959/959/959 960/960/960
f 961/961/961 962/962/962 963/963/963
f 964/964/964 965/965/965 966/966/966
f 967/967/967 968/968/968 969/969/969
f 970/970/970 971/971/971 972/972/972
f 973/973/973 974/974/974 975/975/975
f 976/976/976 977/977/977 978/978/978
f 979/979/979 980/980/980 981/981/981
f 982/982/982 983/983/983 984/984/984
f 985/985/985 986/986/986 987/987/987
f 988/988/988 989/989/989 990/990/990
f 991/991/991 992/992/992 993/993/993
f 994/994/994 995/995/995 996/996/996
f 997/997/997 998/998/998 999/999/999
f 1000/1000/1000 1001/1001/1001 1002/1002/1002
f 1003/1003/1003 1004/1004/1004 1005/1005/1005
f 1006/1006/1006 1007/1007/1007 1008/1008/1008
f 1009/1009/1009 1010/1010/1010 1011/1011/1011
f 1012/1012/1012 1013/1013/1013 1014/1014/1014
f 1015/1015/1015 1016/1016/1016 1017/1017/1017
f 1018/1018/1018 1019/1019/1019 1020/1020/1020
f 1021/1021/1021 1022/1022/1022 1023/1023/1023
f 1024/1024/1024 1025/1025/1025 1026/1026/1026
f 1027/1027/1027 1028/1028/1028 1029/1029/1029
f 1030/1030/1030 1031/1031/1031 1032/1032/1032
f 1033/1033/1033 1034/1034/1034 1035/1035/1035
f 1036/1036/1036 1037/1037/1037 1038/1038/1038
f 1039/1039/1039 1040/1040/1040 1041/1041/1041
f 1042/1042/1042 1043/1043/1043 1044/1044/1044
f 1045/1045/1045 1046/1046/1046 1047/1047/1047
f 1048/1048/1048 1049/1049/1049 1050/1050/1050
f 1051/1051/1051 1052/1052/1052 1053/1053/1053
f 1054/1054/1054 1055/1055/1055 1056/1056/1056
f 1057/1057/1057 1058/1058/1058 1059/1059/1059
f 1060/1060/1060 1061/1061/1061 1062/1062/1062
f 1063/1063/1063 1064/1064/1064 1065/1065/1065
f 1066/1066/1066 1067/1067/1067 1068/1068/1068
f 1069/1069/1069 1070/1070/1070 1071/1071/1071
f 1072/1072/1072 1073/1073/1073 1074/1074/1074
f 1075/1075/1075 1076/1076/1076 1077/1077/1077
f 1078/1078/1078 1079/1079/1079 1080/1080/1080
f 1081/1081/1081 1082/1082/1082 1083/1083/1083
f 1084/1084/1084 1085/1085/1085 1086/1086/1086
f 1087/1087/1087 1088/1088/1088 1089/1089/1089
f 1090/1090/1090 1091/1091/1091 1092/1092/1092
f 1093/1093/1093 1094/1094/1094 1095/1095/1095
f 1096/1096/1096 1097/1097/1097 1098/1098/1098
f 1099/1099/1099 1100/1100/1100 1101/1101/1101
f 1102/1102/1102 1103/1103/1103 1104/1104/1104
f 1105/1105/1105 1106/1106/1106 1107/1107/1107
f 1108/1108/1108 1109/1109/1109 1110/1110/1110
f 1111/1111/1111 1112/1112/1112 1113/1113/1113
f 1114/1114/1114 1115/1115/1115 1116/1116/1116
f 1117/1117/1117 1118/1118/1118 1119/1119/1119
f 1120/1120/1120 1121/1121/1121 1122/1122/1122
f 1123/1123/1123 1124/1124/1124 1125/1125/1125
f 1126/1126/1126 1127/1127/1127 1128/1128/1128
f 1129/1129/1129 1130/1130/1130 1131/1131/1131
f 1132/1132/1132 1133/1133/1133 1134/1134/1134
f 1135/1135/1135 1136/1136/1136 1137/1137/1137
f 1138/1138/1138 1139/1139/1139 1140/1140/1140
f 1141/1141/1141 1142/1142/1142 1143/1143/1143
f 1144/1144/1144 1145/1145/1145 1146/1146/1146
f 1147/1147/1147 1148/1148/1148 1149/1149/1149
f 1150/1150/1150 1151/1151/1151 1152/1152/1152
f 1153/1153/1153 1154/1154/1154 1155/1155/1155
f 1156/1156/1156 1157/1157/1157 1158/1158/1158
f 1159/1159/1159 1160/1160/1160 1161/1161/1161
f 1162/1162/1162 1163/1163/1163 1164/1164/1164
f 1165/1165/1165 1166/1166/1166 1167/1167/1167
f 1168/1168/1168 1169/1169/1169 1170/1170/1170
f 1171/1171/1171 1172/1172/1172 1173/1173/1173
f 1174/1174/1174 1175/1175/1175 1176/1176/1176
f 1177/1177/1177 1178/1178/1178 1179/1179/1179
f 1180/1180/1180 1181/1181/1181 1182/1182/1182
f 1183/1183/1183 1184/1184/1184 1185/1185/1185
f 1186/1186/1186 1187/1187/1187 1188/1188/1188
f 1189/1189/1189 1190/1190/1190 1191/1191/1191
f 1192/1192/1192 1193/1193/1193 1194/1194/1194
f 1195/1195/1195 1196/1196/1196 1197/1197/1197
f 1198/1198/1198 1199/1199/1199 1200/1200/1200
f 1201/1201/1201 1202/1202/1202 1203/1203/1203
f 1204/1204/1204 1205/1205/1205 1206/1206/1206
f 1207/1207/1207 1208/1208/1208 1209/1209/1209
f 1210/1210/1210 1211/1211/1211 1212/1212/1212
f 1213/1213/1213 1214/1214/1214 1215/1215/1215
f 1216/1216/1216 1217/1217/1217 1218/1218/1218
f 1219/1219/1219 1220/1220/1220 1221/1221/1221
f 1222/1222/1222 1223/1223/1223 1224/1224/1224
f 1225/1225/1225 1226/1226/1226 1227/1227/1227
f 1228/1228/1228 1229/1229/1229 1230/1230/1230
f 1231/1231/1231 1232/1232/1232 1233/1233/1233
f 1234/1234/1234 1235/1235/1235 1236/1236/1236
f 1237/1237/1237 1238/1238/1238 1239/1239/1239
f 1240/1240/1240 1241/1241/1241 1242/1242/1242
f 1243/1243/1243 1244/1244/1244 1245/1245/1245
f 1246/1246/1246 1247/1247/1247 1248/1248/1248
f 1249/1249/1249 1250/1250/1250 1251/1251/1251
f 1252/1252/1252 1253/1253/1253 1254/1254/1254
f 1255/1255/1255 1256/1256/1256 1257/1257/1257
f 1258/1258/1258 1259/1259/1259 1260/1260/1260
f 1261/1261/1261 1262/1262/1262 1263/1263/1263
f 1264/1264/1264 1265/1265/1265 1266/1266/1266
f 1267/1267/1267 1268/1268/1268 1269/1269/1269
f 1270/1270/1270 1271/1271/1271 1272/1272/1272
f 1273/1273/1273 1274/1274/1274 1275/1275/1275
f 1276/1276/1276 1277/1277/1277 1278/1278/1278
f 1279/1279/1279 1280/1280/1280 1281/1281/1281
f 1282/1282/1282 1283/1283/1283 1284/1284/1284
f 1285/1285/1285 1286/1286/1286 1287/1287/1287
f 1288/1288/1288 1289/1289/1289 1290/1290/1290
f 1291/1291/1291 1292/1292/1292 1293/1293/1293
f 1294/1294/1294 1295/1295/1295 1296/1296/1296
f 1297/1297/1297 1298/1298/1298 1299/1299/1299
f 1300/1300/1300 1301/1301/1301 1302/1302/1302
f 1303/1303/1303 1304/1304/1304 1305/1305/1305
f 1306/1306/1306 1307/1307/1307 1308/1308/1308
f 1309/1309/1309 1310/1310/1310 1311/1311/1311
f 1312/1312/1312 1313/1313/1313 1314/1314/1314
f 1315/1315/1315 1316/1316/1316 1317/1317/1317
f 1318/1318/1318 1319/1319/1319 1320/1320/1320
f 1321/1321/1321 1322/1322/1322 1323/1323/1323
f 1324/1324/1324 1325/1325/1325 1326/1326/1326
f 1327/1327/1327 1328/1328/1328 1329/1329/1329
f 1330/1330/1330 1331/1331/1331 1332/1332/1332
f 1333/1333/1333 1334/1334/1334 1335/1335/1335
f 1336/1336/1336 1337/1337/1337 1338/1338/1338
f 1339/1339/1339 1340/1340/1340 1341/1341/1341
f 1342/1342/1342 1343/1343/1343 1344/1344/1344
f 1345/1345/1345 1346/1346/1346 1347/1347/1347
f 1348/1348/1348 1349/1349/1349 1350/1350/1350
f 1351/1351/1351 1352/1352/1352 1353/1353/1353
f 1354/1354/1354 1355/1355/1355 1356/1356/1356
f 1357/1357/1357 1358/1358/1358 1359/1359/1359
f 1360/1360/1360 1361/1361/1361 1362/1362/1362
f 1363/1363/1363 1364/1364/1364 1365/1365/1365
f 1366/1366/1366 1367/1367/1367 1368/1368/1368
f 1369/1369/1369 1370/1370/1370 1371/1371/1371
f 1372/1372/1372 1373/1373/1373 1374/1374/1374
f 1375/1375/1375 1376/1376/1376 1377/1377/1377
f 1378/1378/1378 1379/1379/1379 1380/1380/1380
f 1381/1381/1381 1382/1382/1382 1383/1383/1383
f 1384/1384/1384 1385/1385/1385 1386/1386/1386
f 1387/1387/1387 1388/1388/1388 1389/1389/1389
f 1390/1390/1390 1391/1391/1391 1392/1392/1392
f 1393/1393/1393 1394/1394/1394 1395/1395/1395
f 1396/1396/1396 1397/1397/1397 1398/1398/1398
f 1399/1399/1399 1400/1400/1400 1401/1401/1401
f 1402/1402/1402 1403/1403/1403 1404/1404/1404
f 1405/1405/1405 1406/1406/1406 1407/1407/1407
f 1408/1408/1408 1409/1409/1409 1410/1410/1410
f 1411/1411/1411 1412/1412/1412 1413/1413/1413
f 1414/1414/1414 1415/1415/1415 1416/1416/1416
f 1417/1417/1417 1418/1418/1418 1419/1419/1419
f 1420/1420/1420 1421/1421/1421 1422/1422/1422
f 1423/1423/1423 1424/1424/1424 1425/1425/1425
f 1426/1426/1426 1427/1427/1427 1428/1428/1428
f 1429/1429/1429 1430/1430/1430 1431/1431/1431
f 1432/1432/1432 1433/1433/1433 1434/1434/1434
f 1435/1435/1435 1436/1436/1436 1437/1437/1437
f 1438/1438/1438 1439/1439/1439 1440/1440/1440
f 1441/1441/1441 1442/1442/1442 1443/1443/1443
f 1444/1444/1444 1445/1445/1445 1446/1446/1446
f 1447/1447/1447 1448/1448/1448 1449/1449/1449
f 1450/1450/1450 1451/1451/1451 1452/1452/1452
f 1453/1453/1453 1454/1454/1454 1455/1455/1455
f 1456/1456/1456 1457/1457/1457 1458/1458/1458
f 1459/1459/1459 1460/1460/1460 1461/1461/1461
f 1462/1462/1462 1463/1463/1463 1464/1464/1464
f 1465/1465/1465 1466/1466/1466 1467/1467/1467
f 1468/1468/1468 1469/1469/1469 1470/1470/1470
f 1471/1471/1471 1472/1472/1472 1473/1473/1473
f 1474/1474/1474 1475/1475/1475 1476/1476/1476
f 1477/1477/1477 1478/1478/1478 1479/1479/1479
f 1480/1480/1480 1481/1481/1481 1482/1482/1482
f 1483/1483/1483 1484/1484/1484 1485/1485/1485
f 1486/1486/1486 1487/1487/1487 1488/1488/1488
f 1489/1489/1489 1490/1490/1490 1491/1491/1491
f 1492/1492/1492 1493/1493/1493 1494/1494/1494
f 1495/1495/1495 1496/1496/1496 1497/1497/1497
f 1498/1498/1498 1499/1499/1499 1500/1500/1500
f 1501/1501/1501 1502/1502/1502 1503/1503/1503
f 1504/1504/1504 1505/1505/1505 1506/1506/1506
f 1507/1507/1507 1508/1508/1508 1509/1509/1509
f 1510/1510/1510 1511/1511/1511 1512/1512/1512
f 1513/1513/1513 1514/1514/1514 1515/1515/1515
f 1516/1516/1516 1517/1517/1517 1518/1518/1518
f 1519/1519/1519 1520/1520/1520 1521/1521/1521
f 1522/1522/1522 1523/1523/1523 1524/1524/1524
f 1525/1525/1525 1526/1526/1526 1527/1527/1527
f 1528/1528/1528 1529/1529/1529 1530/1530/1530
f 1531/1531/1531 1532/1532/1532 1533/1533/1533
f 1534/1534/1534 1535/1535/1535 1536/1536/1536
f 1537/1537/1537 1538/1538/1538 1539/1539/1539
f 1540/1540/1540 1541/1541/1541 1542/1542/1542
f 1543/1543/1543 1544/1544/1544 1545/1545/1545
f 1546/1546/1546 1547/1547/1547 1548/1548/1548
f 1549/1549/1549 1550/1550/1550 1551/1551/1551
f 1552/1552/1552 1553/1553/1553 1554/1554/1554
f 1555/1555/1555 1556/1556/1556 1557/1557/1557
f 1558/1558/1558 1559/1559/1559 1560/1560/1560
f 1561/1561/1561 1562/1562/1562 1563/1563/1563
f 1564/1564/1564 1565/1565/1565 1566/1566/1566
f 1567/1567/1567 1568/1568/1568 1569/1569/1569
f 1570/1570/1570 1571/1571/1571 1572/1572/1572
f 1573/1573/1573 1574/1574/1574 1575/1575/1575
f 1576/1576/1576 1577/1577/1577 1578/1578/1578
f 1579/1579/1579 1580/1580/1580 1581/1581/1581
f 1582/1582/1582 1583/1583/1583 1584/1584/1584
f 1585/1585/1585 1586/1586/1586 1587/1587/1587
f 1588/1588/1588 1589/1589/1589 1590/1590/1590
f 1591/1591/1591 1592/1592/1592 1593/1593/1593
f 1594/1594/1594 1595/1595/1595 1596/1596/1596
f 1597/1597/1597 1598/1598/1598 1599/1599/1599
f 1600/1600/1600 1601/1601/1601 1602/1602/1602
f 1603/1603/1603 1604/1604/1604 1605/1605/1605
f 1606/1606/1606 1607/1607/1607 1608/1608/1608
f 1609/1609/1609 1610/1610/1610 1611/1611/1611
f 1612/1612/1612 1613/1613/1613 1614/1614/1614
f 1615/1615/1615 1616/1616/1616 1617/1617/1617
f 1618/1618/1618 1619/1619/1619 1620/1620/1620
f 1621/1621/1621 1622/1622/1622 1623/1623/1623
f 1624/1624/1624 1625/1625/1625 1626/1626/1626
f 1627/1627/1627 1628/1628/1628 1629/1629/1629
f 1630/1630/1630 1631/1631/1631 1632/1632/1632
f 1633/1633/1633 1634/1634/1634 1635/1635/1635
f 1636/1636/1636 1637/1637/1637 1638/1638/1638
f 1639/1639/1639 1640/1640/1640 1641/1641/1641
f 1642/1642/1642 1643/1643/1643 1644/1644/1644
f 1645/1645/1645 1646/1646/1646 1647/1647/1647
f 1648/1648/1648 1649/1649/1649 1650/1650/1650
f 1651/1651/1651 1652/1652/1652 1653/1653/1653
f 1654/1654/1654 1655/1655/1655 1656/1656/1656
f 1657/1657/1657 1658/1658/1658 1659/1659/1659
f 1660/1660/1660 1661/1661/1661 1662/1662/1662
f 1663/1663/1663 1664/1664/1664 1665/1665/1665
f 1666/1666/1666 1667/1667/1667 1668/1668/1668
f 1669/1669/1669 1670/1670/1670 1671/1671/1671
f 1672/1672/1672 1673/1673/1673 1674/1674/1674
f 1675/1675/1675 1676/1676/1676 1677/1677/1677
f 1678/1678/1678 1679/1679/1679 1680/1680/1680
f 1681/1681/1681 1682/1682/1682 1683/1683/1683
f 1684/1684/1684 1685/1685/1685 1686/1686/1686
f 1687/1687/1687 1688/1688/1688 1689/1689/1689
f 1690/1690/1690 1691/1691/1691 1692/1692/1692
f 1693/1693/1693 1694/1694/1694 1695/1695/1695
f 1696/1696/1696 1697/1697/1697 1698/1698/1698
f 1699/1699/1699 1700/1700/1700 1701/1701/1701
f 1702/1702/1702 1703/1703/1703 1704/1704/1704
f 1705/1705/1705 1706/1706/1706 1707/1707/1707
f 1708/1708/1708 1709/1709/1709 1710/1710/1710
f 1711/1711/1711 1712/1712/1712 1713/1713/1713
f 1714/1714/1714 1715/1715/1715 1716/1716/1716
f 1717/1717/1717 1718/1718/1718 1719/1719/1719
f 1720/1720/1720 1721/1721/1721 1722/1722/1722
f 1723/1723/1723 1724/1724/1724 1725/1725/1725
f 1726/1726/1726 1727/1727/1727 1728/1728/1728
f 1729/1729/1729 1730/1730/1730 1731/1731/1731
f 1732/1732/1732 1733/1733/1733 1734/1734/1734
f 1735/1735/1735 1736/1736/1736 1737/1737/1737
f 1738/1738/1738 1739/1739/1739 1740/1740/1740
f 1741/1741/1741 1742/1742/1742 1743/1743/1743
f 1744/1744/1744 1745/1745/1745 1746/1746/1746
f 1747/1747/1747 1748/1748/1748 1749/1749/1749
f 1750/1750/1750 1751/1751/1751 1752/1752/1752
f 1753/1753/1753 1754/1754/1754 1755/1755/1755
f 1756/1756/1756 1757/1757/1757 1758/1758/1758
f 1759/1759/1759 1760/1760/1760 1761/1761/1761
f 1762/1762/1762 1763/1763/1763 1764/1764/1764
f 1765/1765/1765 1766/1766/1766 1767/1767/1767
f 1768/1768/1768 1769/1769/1769 1770/1770/1770
f 1771/1771/1771 1772/1772/1772 1773/1773/1773
f 1774/1774/1774 1775/1775/1775 1776/1776/1776
f 1777/1777/1777 1778/1778/1778 1779/1779/1779
f 1780/1780/1780 1781/1781/1781 1782/1782/1782
f 1783/1783/1783 1784/1784/1784 1785/1785/1785
f 1786/1786/1786 1787/1787/1787 1788/1788/1788
f 1789/1789/1789 1790/1790/1790 1791/1791/1791
f 1792/1792/1792 1793/1793/1793 1794/1794/1794
f 1795/1795/1795 1796/1796/1796 1797/1797/1797
f 1798/1798/1798 1799/1799/1799 1800/1800/1800
f 1801/1801/1801 1802/1802/1802 1803/1803/1803
f 1804/1804/1804 1805/1805/1805 1806/1806/1806
f 1807/1807/1807 1808/1808/1808 1809/1809/1809
f 1810/1810/1810 1811/1811/1811 1812/1812/1812
f 1813/1813/1813 1814/1814/1814 1815/1815/1815
f 1816/1816/1816 1817/1817/1817 1818/1818/1818
f 1819/1819/1819 1820/1820/1820 1821/1821/1821
f 1822/1822/1822 1823/1823/1823 1824/1824/1824
f 1825/1825/1825 1826/1826/1826 1827/1827/1827
f 1828/1828/1828 1829/1829/1829 1830/1830/1830
f 1831/1831/1831 1832/1832/1832 1833/1833/1833
f 1834/1834/1834 1835/1835/1835 1836/1836/1836
f 1837/1837/1837 1838/1838/1838 1839/1839/1839
f 1840/1840/1840 1841/1841/1841 1842/1842/1842
f 1843/1843/1843 1844/1844/1844 1845/1845/1845
f 1846/1846/1846 1847/1847/1847 1848/1848/1848
f 1849/1849/1849 1850/1850/1850 1851/1851/1851
f 1852/1852/1852 1853/1853/1853 1854/1854/1854
f 1855/1855/1855 1856/1856/1856 1857/1857/1857
f 1858/1858/1858 1859/1859/1859 1860/1860/1860
f 1861/1861/1861 1862/1862/1862 1863/1863/1863
f 1864/1864/1864 1865/1865/1865 1866/1866/1866
f 1867/1867/1867 1868/1868/1868 1869/1869/1869
f 1870/1870/1870 1871/1871/1871 1872/1872/1872
f 1873/1873/1873 1874/1874/1874 1875/1875/1875
f 1876/1876/1876 1877/1877/1877 1878/1878/1878
f 1879/1879/1879 1880/1880/1880 1881/1881/1881
f 1882/1882/1882 1883/1883/1883 1884/1884/1884
f 1885/1885/1885 1886/1886/1886 1887/1887/1887
f 1888/1888/1888 1889/1889/1889 1890/1890/1890
f 1891/1891/1891 1892/1892/1892 1893/1893/1893
f 1894/1894/1894 1895/1895/1895 1896/1896/1896
f 1897/1897/1897 1898/1898/1898 1899/1899/1899
f 1900/1900/1900 1901/1901/1901 1902/1902/1902
f 1903/1903/1903 1904/1904/1904 1905/1905/1905
f 1906/1906/1906 1907/1907/1907 1908/1908/1908
f 1909/1909/1909 1910/1910/1910 1911/1911/1911
f 1912/1912/1912 1913/1913/1913 1914/1914/1914
f 1915/1915/1915 1916/1916/1916 1917/1917/1917
f 1918/1918/1918 1919/1919/1919 1920/1920/1920
f 1921/1921/1921 1922/1922/1922 1923/1923/1923
f 1924/1924/1924 1925/1925/1925 1926/1926/1926
f 1927/1927/1927 1928/1928/1928 1929/1929/1929
f 1930/1930/1930 1931/1931/1931 1932/1932/1932
f 1933/1933/1933 1934/1934/1934 1935/1935/1935
f 1936/1936/1936 1937/1937/1937 1938/1938/1938
f 1939/1939/1939 1940/1940/1940 1941/1941/1941
f 1942/1942/1942 1943/1943/1943 1944/1944/1944
f 1945/1945/1945 1946/1946/1946 1947/1947/1947
f 1948/1948/1948 1949/1949/1949 1950/1950/1950
f 1951/1951/1951 1952/1952/1952 1953/1953/1953
f 1954/1954/1954 1955/1955/1955 1956/1956/1956
f 1957/1957/1957 1958/1958/1958 1959/1959/1959
f 1960/1960/1960 1961/1961/1961 1962/1962/1962
f 1963/1963/1963 1964/1964/1964 1965/1965/1965
f 1966/1966/1966 1967/1967/1967 1968/1968/1968
f 1969/1969/1969 1970/1970/1970 1971/1971/1971
f 1972/1972/1972 1973/1973/1973 1974/1974/1974
f 1975/1975/1975 1976/1976/1976 1977/1977/1977
f 1978/1978/1978 1979/1979/1979 1980/1980/1980
f 1981/1981/1981 1982/1982/1982 1983/1983/1983
f 1984/1984/1984 1985/1985/1985 1986/1986/1986
f 1987/1987/1987 1988/1988/1988 1989/1989/1989
f 1990/1990/1990 1991/1991/1991 1992/1992/1992
f 1993/1993/1993 1994/1994/1994 1995/1995/1995
f 1996/1996/1996 1997/1997/1997 1998/1998/1998
f 1999/1999/1999 2000/2000/2000 2001/2001/2001
f 2002/2002/2002 2003/2003/2003 2004/2004/2004
f 2005/2005/2005 2006/2006/2006 2007/2007/2007
f 2008/2008/2008 2009/2009/2009 2010/2010/2010
f 2011/2011/2011 2012/2012/2012 2013/2013/2013
f 2014/2014/2014 2015/2015/2015 2016/2016/2016
f 2017/2017/2017 2018/2018/2018 2019/2019/2019
f 2020/2020/2020 2021/2021/2021 2022/2022/2022
f 2023/2023/2023 2024/2024/2024 2025/2025/2025
f 2026/2026/2026 2027/2027/2027 2028/2028/2028
f 2029/2029/2029 2030/2030/2030 2031/2031/2031
f 2032/2032/2032 2033/2033/2033 2034/2034/2034
f 2035/2035/2035 2036/2036/2036 2037/2037/2037
f 2038/2038/2038 2039/2039/2039 2040/2040/2040
f 2041/2041/2041 2042/2042/2042 2043/2043/2043
f 2044/2044/2044 2045/2045/2045 2046/2046/2046
f 2047/2047/2047 2048/2048/2048 2049/2049/2049
f 2050/2050/2050 2051/2051/2051 2052/2052/2052
f 2053/2053/2053 2054/2054/2054 2055/2055/2055
f 2056/2056/2056 2057/2057/2057 2058/2058/2058
f 2059/2059/2059 2060/2060/2060 2061/2061/2061
f 2062/2062/2062 2063/2063/2063 2064/2064/2064
f 2065/2065/2065 2066/2066/2066 2067/2067/2067
f 2068/2068/2068 2069/2069/2069 2070/2070/2070
f 2071/2071/2071 2072/2072/2072 2073/2073/2073
f 2074/2074/2074 2075/2075/2075 2076/2076/2076
f 2077/2077/2077 2078/2078/2078 2079/2079/2079
f 2080/2080/2080 2081/2081/2081 2082/2082/2082
f 2083/2083/2083 2084/2084/2084 2085/2085/2085
f 2086/2086/2086 2087/2087/2087 2088/2088/2088
f 2089/2089/2089 2090/2090/2090 2091/2091/2091
f 2092/2092/2092 2093/2093/2093 2094/2094/2094
f 2095/2095/2095 2096/2096/2096 2097/2097/2097
f 2098/2098/2098 2099/2099/2099 2100/2100/2100
f 2101/2101/2101 2102/2102/2102 2103/2103/2103
f 2104/2104/2104 2105/2105/2105 2106/2106/2106
f 2107/2107/2107 2108/2108/2108 2109/2109/2109
f 2110/2110/2110 2111/2111/2111 2112/2112/2112
f 2113/2113/2113 2114/2114/2114 2115/2115/2115
f 2116/2116/2116 2117/2117/2117 2118/2118/2118
f 2119/2119/2119 2120/2120/2120 2121/2121/2121
f 2122/2122/2122 2123/2123/2123 2124/2124/2124
f 2125/2125/2125 2126/2126/2126 2127/2127/2127
f 2128/2128/2128 2129/2129/2129 2130/2130/2130
f 2131/2131/2131 2132/2132/2132 2133/2133/2133
f 2134/2134/2134 2135/2135/2135 2136/2136/2136
f 2137/2137/2137 2138/2138/2138 2139/2139/2139
f 2140/2140/2140 2141/2141/2141 2142/2142/2142
f 2143/2143/2143 2144/2144/2144 2145/2145/2145
f 2146/2146/2146 2147/2147/2147 2148/2148/2148
f 2149/2149/2149 2150/2150/2150 2151/2151/2151
f 2152/2152/2152 2153/2153/2153 2154/2154/2154
f 2155/2155/2155 2156/2156/2156 2157/2157/2157
f 2158/2158/2158 2159/2159/2159 2160/2160/2160
f 2161/2161/2161 2162/2162/2162 2163/2163/2163
f 2164/2164/2164 2165/2165/2165 2166/2166/2166
f 2167/2167/2167 2168/2168/2168 2169/2169/2169
f 2170/2170/2170 2171/2171/2171 2172/2172/2172
f 2173/2173/2173 2174/2174/2174 2175/2175/2175
f 2176/2176/2176 2177/2177/2177 2178/2178/2178
f 2179/2179/2179 2180/2180/2180 2181/2181/2181
f 2182/2182/2182 2183/2183/2183 2184/2184/2184
f 2185/2185/2185 2186/2186/2186 2187/2187/2187
f 2188/2188/2188 2189/2189/2189 2190/2190/2190
f 2191/2191/2191 2192/2192/2192 2193/2193/2193
f 2194/2194/2194 2195/2195/2195 2196/2196/2196
f 2197/2197/2197 2198/2198/2198 2199/2199/2199
f 2200/2200/2200 2201/2201/2201 2202/2202/2202
f 2203/2203/2203 2204/2204/2204 2205/2205/2205
f 2206/2206/2206 2207/2207/2207 2208/2208/2208
f 2209/2209/2209 2210/2210/2210 2211/2211/2211
f 2212/2212/2212 2213/2213/2213 2214/2214/2214
f 2215/2215/2215 2216/2216/2216 2217/2217/2217
f 2218/2218/2218 2219/2219/2219 2220/2220/2220
f 2221/2221/2221 2222/2222/2222 2223/2223/2223
f 2224/2224/2224 2225/2225/2225 2226/2226/2226
f 2227/2227/2227 2228/2228/2228 2229/2229/2229
f 2230/2230/2230 2231/2231/2231 2232/2232/2232
f 2233/2233/2233 2234/2234/2234 2235/2235/2235
f 2236/2236/2236 2237/2237/2237 2238/2238/2238
f 2239/2239/2239 2240/2240/2240 2241/2241/2241
f 2242/2242/2242 2243/2243/2243 2244/2244/2244
f 2245/2245/2245 2246/2246/2246 2247/2247/2247
f 2248/2248/2248 2249/2249/2249 2250/2250/2250
f 2251/2251/2251 2252/2252/2252 2253/2253/2253
f 2254/2254/2254 2255/2255/2255 2256/2256/2256
f 2257/2257/2257 2258/2258/2258 2259/2259/2259
f 2260/2260/2260 2261/2261/2261 2262/2262/2262
f 2263/2263/2263 2264/2264/2264 2265/2265/2265
f 2266/2266/2266 2267/2267/2267 2268/2268/2268
f 2269/2269/2269 2270/2270/2270 2271/2271/2271
f 2272/2272/2272 2273/2273/2273 2274/2274/2274
f 2275/2275/2275 2276/2276/2276 2277/2277/2277
f 2278/2278/2278 2279/2279/2279 2280/2280/2280
f 2281/2281/2281 2282/2282/2282 2283/2283/2283
f 2284/2284/2284 2285/2285/2285 2286/2286/2286
f 2287/2287/2287 2288/2288/2288 2289/2289/2289
f 2290/2290/2290 2291/2291/2291 2292/2292/2292
f 2293/2293/2293 2294/2294/2294 2295/2295/2295
f 2296/2296/2296 2297/2297/2297 2298/2298/2298
f 2299/2299/2299 2300/2300/2300 2301/2301/2301
f 2302/2302/2302 2303/2303/2303 2304/2304/2304
f 2305/2305/2305 2306/2306/2306 2307/2307/2307
f 2308/2308/2308 2309/2309/2309 2310/2310/2310
f 2311/2311/2311 2312/2312/2312 2313/2313/2313
f 2314/2314/2314 2315/2315/2315 2316/2316/2316
f 2317/2317/2317 2318/2318/2318 2319/2319/2319
f 2320/2320/2320 2321/2321/2321 2322/2322/2322
f 2323/2323/2323 2324/2324/2324 2325/2325/2325
f 2326/2326/2326 2327/2327/2327 2328/2328/2328
f 2329/2329/2329 2330/2330/2330 2331/2331/2331
f 2332/2332/2332 2333/2333/2333 2334/2334/2334
f 2335/2335/2335 2336/2336/2336 2337/2337/2337
f 2338/2338/2338 2339/2339/2339 2340/2340/2340
f 2341/2341/2341 2342/2342/2342 2343/2343/2343
f 2344/2344/2344 2345/2345/2345 2346/2346/2346
f 2347/2347/2347 2348/2348/2348 2349/2349/2349
f 2350/2350/2350 2351/2351/2351 2352/2352/2352
f 2353/2353/2353 2354/2354/2354 2355/2355/2355
f 2356/2356/2356 2357/2357/2357 2358/2358/2358
f 2359/2359/2359 2360/2360/2360 2361/2361/2361
f 2362/2362/2362 2363/2363/2363 2364/2364/2364
f 2365/2365/2365 2366/2366/2366 2367/2367/2367
f 2368/2368/2368 2369/2369/2369 2370/2370/2370
f 2371/2371/2371 2372/2372/2372 2373/2373/2373
f 2374/2374/2374 2375/2375/2375 2376/2376/2376
f 2377/2377/2377 2378/2378/2378 2379/2379/2379
f 2380/2380/2380 2381/2381/2381 2382/2382/2382
f 2383/2383/2383 2384/2384/2384 2385/2385/2385
f 2386/2386/2386 2387/2387/2387 2388/2388/2388
f 2389/2389/2389 2390/2390/2390 2391/2391/2391
f 2392/2392/2392 2393/2393/2393 2394/2394/2394
f 2395/2395/2395 2396/2396/2396 2397/2397/2397
f 2398/2398/2398 2399/2399/2399 2400/2400/2400
f 2401/2401/2401 2402/2402/2402 2403/2403/2403
f 2404/2404/2404 2405/2405/2405 2406/2406/2406
f 2407/2407/2407 2408/2408/2408 2409/2409/2409
f 2410/2410/2410 2411/2411/2411 2412/2412/2412
f 2413/2413/2413 2414/2414/2414 2415/2415/2415
f 2416/2416/2416 2417/2417/2417 2418/2418/2418
f 2419/2419/2419 2420/2420/2420 2421/2421/2421
f 2422/2422/2422 2423/2423/2423 2424/2424/2424
f 2425/2425/2425 2426/2426/2426 2427/2427/2427
f 2428/2428/2428 2429/2429/2429 2430/2430/2430
f 2431/2431/2431 2432/2432/2432 2433/2433/2433
f 2434/2434/2434 2435/2435/2435 2436/2436/2436
f 2437/2437/2437 2438/2438/2438 2439/2439/2439
f 2440/2440/2440 2441/2441/2441 2442/2442/2442
f 2443/2443/2443 2444/2444/2444 2445/2445/2445
f 2446/2446/2446 2447/2447/2447 2448/2448/2448
f 2449/2449/2449 2450/2450/2450 2451/2451/2451
f 2452/2452/2452 2453/2453/2453 2454/2454/2454
f 2455/2455/2455 2456/2456/2456 2457/2457/2457
f 2458/2458/2458 2459/2459/2459 2460/2460/2460
f 2461/2461/2461 2462/2462/2462 2463/2463/2463
f 2464/2464/2464 2465/2465/2465 2466/2466/2466
f 2467/2467/2467 2468/2468/2468 2469/2469/2469
f 2470/2470/2470 2471/2471/2471 2472/2472/2472
f 2473/2473/2473 2474/2474/2474 2475/2475/2475
f 2476/2476/2476 2477/2477/2477 2478/2478/2478
f 2479/2479/2479 2480/2480/2480 2481/2481/2481
f 2482/2482/2482 2483/2483/2483 2484/2484/2484
f 2485/2485/2485 2486/2486/2486 2487/2487/2487
f 2488/2488/2488 2489/2489/2489 2490/2490/2490
f 2491/2491/2491 2492/2492/2492 2493/2493/2493
f 2494/2494/2494 2495/2495/2495 2496/2496/2496