# BigFishB (Khronos Aquarium)
# textures: {"normalMap":"BigFishB_NM.png","diffuse":"BigFishB_DM.jpg"}
v 0.063287 -0.758280 8.943690
v 0.039858 -0.713605 8.974430
v 0.028901 -0.765738 8.947610
v 0.071834 -0.688948 9.016400
v 0.092851 -0.733714 8.967420
v 0.107390 -0.683642 9.020170
v 0.107176 -0.672619 8.936310
v 0.076145 -0.713562 8.907140
v 0.043066 -0.682403 8.944560
v 0.273308 -0.774720 8.814130
v 0.299276 -0.702598 8.851640
v 0.251903 -0.762635 8.841030
v 0.233848 -0.761040 8.851790
v 0.201697 -0.754682 8.861010
v 0.228861 -0.702640 8.902050
v 0.175781 -0.755956 8.881410
v 0.228861 -0.702640 8.902050
v 0.201697 -0.754682 8.861010
v 0.202659 -0.774769 8.864710
v 0.228861 -0.702640 8.902050
v 0.175781 -0.755956 8.881410
v 0.128658 -0.751561 8.925630
v 0.175032 -0.716528 8.934970
v 0.155213 -0.751221 8.904340
v 0.185987 -0.758647 8.895020
v 0.155213 -0.751221 8.904340
v 0.175032 -0.716528 8.934970
v 0.155757 -0.767669 8.911080
v 0.175032 -0.716528 8.934970
v 0.128658 -0.751561 8.925630
v 0.127850 -0.755735 8.922850
v 0.094136 -0.751224 8.924150
v 0.106002 -0.705176 8.964490
v 0.064232 -0.754050 8.937830
v 0.106002 -0.705176 8.964490
v 0.094136 -0.751224 8.924150
v 0.095705 -0.769666 8.929330
v 0.106002 -0.705176 8.964490
v 0.064232 -0.754050 8.937830
v 0.172844 -0.675011 8.913620
v 0.131455 -0.721696 8.884040
v 0.110439 -0.676930 8.933020
v 0.231962 -0.671682 8.880280
v 0.191591 -0.712864 8.867470
v 0.175533 -0.678595 8.912560
v 0.028901 -0.765738 8.947610
v 0.039858 -0.713605 8.974430
v -0.001002 -0.748270 8.950060
v 0.279636 -0.669343 8.838090
v 0.232937 -0.725785 8.813710
v 0.223926 -0.674623 8.871910
v 0.344140 -0.676362 8.774580
v 0.283351 -0.725257 8.774640
v 0.301183 -0.667878 8.823130
v 0.295932 -0.678007 8.891950
v 0.244747 -0.737275 8.858030
v 0.305536 -0.688380 8.857960
v 0.000000 -0.707018 8.883320
v 0.037063 -0.672354 8.907690
v 0.060492 -0.717028 8.876950
v 0.102836 -0.742032 8.854450
v 0.144606 -0.693158 8.881110
v 0.166455 -0.743717 8.839470
v 0.220851 -0.677734 8.951600
v 0.194333 -0.737803 8.897090
v 0.241031 -0.681361 8.921470
v 0.167263 -0.739543 8.842250
v 0.213637 -0.704510 8.851580
v 0.224592 -0.746629 8.811640
v 0.214385 -0.743938 8.798030
v 0.267465 -0.690622 8.818660
v 0.272452 -0.749022 8.768410
v 0.170695 -0.684342 8.990850
v 0.152986 -0.724882 8.950850
v 0.193357 -0.683700 8.963660
v 0.290508 -0.750617 8.757650
v 0.337880 -0.690580 8.768260
v 0.334497 -0.742342 8.709990
v 0.076011 -0.675298 8.952890
v 0.076145 -0.713562 8.907140
v 0.107176 -0.672619 8.936310
v 0.107390 -0.683642 9.020170
v 0.092851 -0.733714 8.967420
v 0.134239 -0.687029 8.997000
v 0.068571 -0.684637 9.019690
v 0.037540 -0.725580 8.990520
v 0.004462 -0.694421 9.027940
v 0.134239 -0.687029 8.997000
v 0.092851 -0.733714 8.967420
v 0.071834 -0.688948 9.016400
v 0.037407 -0.687316 9.036270
v 0.037540 -0.725580 8.990520
v 0.068571 -0.684637 9.019690
v 0.136929 -0.690613 8.995940
v 0.152986 -0.724882 8.950850
v 0.170695 -0.684342 8.990850
v 0.193357 -0.683700 8.963660
v 0.152986 -0.724882 8.950850
v 0.136929 -0.690613 8.995940
v 0.241031 -0.681361 8.921470
v 0.194333 -0.737803 8.897090
v 0.185321 -0.686641 8.955290
v 0.185321 -0.686641 8.955290
v 0.194333 -0.737803 8.897090
v 0.220851 -0.677734 8.951600
v 0.305536 -0.688380 8.857960
v 0.244747 -0.737275 8.858030
v 0.262579 -0.679896 8.906510
v -0.001002 -0.748270 8.950060
v 0.039858 -0.713605 8.974430
v 0.063287 -0.758280 8.943690
v 0.311912 -0.762702 8.730750
v 0.337880 -0.690580 8.768260
v 0.290508 -0.750617 8.757650
v 0.251903 -0.762635 8.841030
v 0.299276 -0.702598 8.851640
v 0.295893 -0.754360 8.793370
v 0.110439 -0.676930 8.933020
v 0.131455 -0.721696 8.884040
v 0.145994 -0.671624 8.936790
v 0.241263 -0.762751 8.781330
v 0.267465 -0.690622 8.818660
v 0.214385 -0.743938 8.798030
v 0.043066 -0.682403 8.944560
v 0.076145 -0.713562 8.907140
v 0.076011 -0.675298 8.952890
v 0.127850 -0.755735 8.922850
v 0.106002 -0.705176 8.964490
v 0.095705 -0.769666 8.929330
v 0.194362 -0.755651 8.827700
v 0.213637 -0.704510 8.851580
v 0.167263 -0.739543 8.842250
v 0.060492 -0.717028 8.876950
v 0.037063 -0.672354 8.907690
v 0.000000 -0.724487 8.880870
v 0.166455 -0.743717 8.839470
v 0.144606 -0.693158 8.881110
v 0.134309 -0.757648 8.845950
v 0.134309 -0.757648 8.845950
v 0.144606 -0.693158 8.881110
v 0.102836 -0.742032 8.854450
v 0.175533 -0.678595 8.912560
v 0.191591 -0.712864 8.867470
v 0.209299 -0.672324 8.907470
v 0.224592 -0.746629 8.811640
v 0.213637 -0.704510 8.851580
v 0.194362 -0.755651 8.827700
v 0.000000 -0.724487 8.880870
v 0.037063 -0.672354 8.907690
v 0.000000 -0.707018 8.883320
v 0.185987 -0.758647 8.895020
v 0.175032 -0.716528 8.934970
v 0.155757 -0.767669 8.911080
v 0.233848 -0.761040 8.851790
v 0.228861 -0.702640 8.902050
v 0.202659 -0.774769 8.864710
v 0.334537 -0.665989 8.808570
v 0.283351 -0.725257 8.774640
v 0.344140 -0.676362 8.774580
v 0.223926 -0.674623 8.871910
v 0.232937 -0.725785 8.813710
v 0.259455 -0.665716 8.868220
v 0.272452 -0.749022 8.768410
v 0.267465 -0.690622 8.818660
v 0.241263 -0.762751 8.781330
v 0.259455 -0.665716 8.868220
v 0.232937 -0.725785 8.813710
v 0.279636 -0.669343 8.838090
v 0.295893 -0.754360 8.793370
v 0.299276 -0.702598 8.851640
v 0.273308 -0.774720 8.814130
v 0.334497 -0.742342 8.709990
v 0.337880 -0.690580 8.768260
v 0.311912 -0.762702 8.730750
v 0.209299 -0.672324 8.907470
v 0.191591 -0.712864 8.867470
v 0.231962 -0.671682 8.880280
v 0.004462 -0.694421 9.027940
v 0.037540 -0.725580 8.990520
v 0.037407 -0.687316 9.036270
v 0.145994 -0.671624 8.936790
v 0.131455 -0.721696 8.884040
v 0.172844 -0.675011 8.913620
v 0.301183 -0.667878 8.823130
v 0.283351 -0.725257 8.774640
v 0.334537 -0.665989 8.808570
v 0.262579 -0.679896 8.906510
v 0.244747 -0.737275 8.858030
v 0.295932 -0.678007 8.891950
v -0.028901 -0.765738 8.947610
v -0.039858 -0.713605 8.974430
v -0.063287 -0.758280 8.943690
v -0.107390 -0.683642 9.020170
v -0.092851 -0.733714 8.967420
v -0.071834 -0.688948 9.016400
v -0.043066 -0.682403 8.944560
v -0.076145 -0.713562 8.907140
v -0.107176 -0.672619 8.936310
v -0.251903 -0.762635 8.841030
v -0.299276 -0.702598 8.851640
v -0.273308 -0.774720 8.814130
v -0.228861 -0.702640 8.902050
v -0.201697 -0.754682 8.861010
v -0.233848 -0.761040 8.851790
v -0.201697 -0.754682 8.861010
v -0.228861 -0.702640 8.902050
v -0.175781 -0.755956 8.881410
v -0.175781 -0.755956 8.881410
v -0.228861 -0.702640 8.902050
v -0.202659 -0.774769 8.864710
v -0.155213 -0.751221 8.904340
v -0.175032 -0.716528 8.934970
v -0.128658 -0.751561 8.925630
v -0.175032 -0.716528 8.934970
v -0.155213 -0.751221 8.904340
v -0.185987 -0.758647 8.895020
v -0.128658 -0.751561 8.925630
v -0.175032 -0.716528 8.934970
v -0.155757 -0.767669 8.911080
v -0.106002 -0.705176 8.964490
v -0.094136 -0.751224 8.924150
v -0.127850 -0.755735 8.922850
v -0.094136 -0.751224 8.924150
v -0.106002 -0.705176 8.964490
v -0.064232 -0.754050 8.937830
v -0.064232 -0.754050 8.937830
v -0.106002 -0.705176 8.964490
v -0.095705 -0.769666 8.929330
v -0.110439 -0.676930 8.933020
v -0.131455 -0.721696 8.884040
v -0.172844 -0.675011 8.913620
v -0.175533 -0.678595 8.912560
v -0.191591 -0.712864 8.867470
v -0.231962 -0.671682 8.880280
v 0.001002 -0.748270 8.950060
v -0.039858 -0.713605 8.974430
v -0.028901 -0.765738 8.947610
v -0.223926 -0.674623 8.871910
v -0.232937 -0.725785 8.813710
v -0.279636 -0.669343 8.838090
v -0.301183 -0.667878 8.823130
v -0.283351 -0.725257 8.774640
v -0.344140 -0.676362 8.774580
v -0.305536 -0.688380 8.857960
v -0.244747 -0.737275 8.858030
v -0.295932 -0.678007 8.891950
v -0.060492 -0.717028 8.876950
v -0.037063 -0.672354 8.907690
v 0.000000 -0.707018 8.883320
v -0.166455 -0.743717 8.839470
v -0.144606 -0.693158 8.881110
v -0.102836 -0.742032 8.854450
v -0.241031 -0.681361 8.921470
v -0.194333 -0.737803 8.897090
v -0.220851 -0.677734 8.951600
v -0.224592 -0.746629 8.811640
v -0.213637 -0.704510 8.851580
v -0.167263 -0.739543 8.842250
v -0.272452 -0.749022 8.768410
v -0.267465 -0.690622 8.818660
v -0.214385 -0.743938 8.798030
v -0.193357 -0.683700 8.963660
v -0.152986 -0.724882 8.950850
v -0.170695 -0.684342 8.990850
v -0.334497 -0.742342 8.709990
v -0.337880 -0.690580 8.768260
v -0.290508 -0.750617 8.757650
v -0.107176 -0.672619 8.936310
v -0.076145 -0.713562 8.907140
v -0.076011 -0.675298 8.952890
v -0.134239 -0.687029 8.997000
v -0.092851 -0.733714 8.967420
v -0.107390 -0.683642 9.020170
v -0.004462 -0.694421 9.027940
v -0.037540 -0.725580 8.990520
v -0.068571 -0.684637 9.019690
v -0.071834 -0.688948 9.016400
v -0.092851 -0.733714 8.967420
v -0.134239 -0.687029 8.997000
v -0.068571 -0.684637 9.019690
v -0.037540 -0.725580 8.990520
v -0.037407 -0.687316 9.036270
v -0.170695 -0.684342 8.990850
v -0.152986 -0.724882 8.950850
v -0.136929 -0.690613 8.995940
v -0.136929 -0.690613 8.995940
v -0.152986 -0.724882 8.950850
v -0.193357 -0.683700 8.963660
v -0.185321 -0.686641 8.955290
v -0.194333 -0.737803 8.897090
v -0.241031 -0.681361 8.921470
v -0.220851 -0.677734 8.951600
v -0.194333 -0.737803 8.897090
v -0.185321 -0.686641 8.955290
v -0.262579 -0.679896 8.906510
v -0.244747 -0.737275 8.858030
v -0.305536 -0.688380 8.857960
v -0.063287 -0.758280 8.943690
v -0.039858 -0.713605 8.974430
v 0.001002 -0.748270 8.950060
v -0.290508 -0.750617 8.757650
v -0.337880 -0.690580 8.768260
v -0.311912 -0.762702 8.730750
v -0.295893 -0.754360 8.793370
v -0.299276 -0.702598 8.851640
v -0.251903 -0.762635 8.841030
v -0.145994 -0.671624 8.936790
v -0.131455 -0.721696 8.884040
v -0.110439 -0.676930 8.933020
v -0.214385 -0.743938 8.798030
v -0.267465 -0.690622 8.818660
v -0.241263 -0.762751 8.781330
v -0.076011 -0.675298 8.952890
v -0.076145 -0.713562 8.907140
v -0.043066 -0.682403 8.944560
v -0.095705 -0.769666 8.929330
v -0.106002 -0.705176 8.964490
v -0.127850 -0.755735 8.922850
v -0.167263 -0.739543 8.842250
v -0.213637 -0.704510 8.851580
v -0.194362 -0.755651 8.827700
v 0.000000 -0.724487 8.880870
v -0.037063 -0.672354 8.907690
v -0.060492 -0.717028 8.876950
v -0.134309 -0.757648 8.845950
v -0.144606 -0.693158 8.881110
v -0.166455 -0.743717 8.839470
v -0.102836 -0.742032 8.854450
v -0.144606 -0.693158 8.881110
v -0.134309 -0.757648 8.845950
v -0.209299 -0.672324 8.907470
v -0.191591 -0.712864 8.867470
v -0.175533 -0.678595 8.912560
v -0.194362 -0.755651 8.827700
v -0.213637 -0.704510 8.851580
v -0.224592 -0.746629 8.811640
v 0.000000 -0.707018 8.883320
v -0.037063 -0.672354 8.907690
v 0.000000 -0.724487 8.880870
v -0.155757 -0.767669 8.911080
v -0.175032 -0.716528 8.934970
v -0.185987 -0.758647 8.895020
v -0.202659 -0.774769 8.864710
v -0.228861 -0.702640 8.902050
v -0.233848 -0.761040 8.851790
v -0.344140 -0.676362 8.774580
v -0.283351 -0.725257 8.774640
v -0.334537 -0.665989 8.808570
v -0.259455 -0.665716 8.868220
v -0.232937 -0.725785 8.813710
v -0.223926 -0.674623 8.871910
v -0.241263 -0.762751 8.781330
v -0.267465 -0.690622 8.818660
v -0.272452 -0.749022 8.768410
v -0.279636 -0.669343 8.838090
v -0.232937 -0.725785 8.813710
v -0.259455 -0.665716 8.868220
v -0.273308 -0.774720 8.814130
v -0.299276 -0.702598 8.851640
v -0.295893 -0.754360 8.793370
v -0.311912 -0.762702 8.730750
v -0.337880 -0.690580 8.768260
v -0.334497 -0.742342 8.709990
v -0.231962 -0.671682 8.880280
v -0.191591 -0.712864 8.867470
v -0.209299 -0.672324 8.907470
v -0.037407 -0.687316 9.036270
v -0.037540 -0.725580 8.990520
v -0.004462 -0.694421 9.027940
v -0.172844 -0.675011 8.913620
v -0.131455 -0.721696 8.884040
v -0.145994 -0.671624 8.936790
v -0.334537 -0.665989 8.808570
v -0.283351 -0.725257 8.774640
v -0.301183 -0.667878 8.823130
v -0.295932 -0.678007 8.891950
v -0.244747 -0.737275 8.858030
v -0.262579 -0.679896 8.906510
v 0.297983 -1.188940 5.275420
v 0.000000 -1.324520 2.860390
v 0.273982 -1.307790 2.860390
v 0.568241 -1.127830 4.327130
v 0.273982 -1.307790 2.860390
v 0.667902 -1.020760 2.860390
v 0.000000 1.986640 -11.553200
v 0.090463 0.854894 -8.600610
v 0.000000 0.504223 -8.783740
v 0.129678 -0.636725 -3.755860
v 0.395346 -0.217861 -3.244520
v 0.343801 -0.580588 -3.175660
v 0.667902 -1.020760 2.860390
v 0.727276 -0.785836 5.038350
v 0.667902 -0.976786 4.327130
v 0.018541 2.299540 -11.684500
v 0.000000 2.683260 -12.494000
v 0.000000 2.725900 -12.138400
v 0.274939 0.752971 -2.392760
v 0.000000 1.165260 -0.946258
v 0.330418 0.951855 -0.946723
v 0.000000 1.141140 -4.052120
v 0.067916 0.923707 -4.062210
v 0.000000 0.673984 -4.997250
v 0.000000 1.211900 -2.846880
v 0.055794 1.745060 -3.943750
v 0.000000 1.828510 -3.714840
v 0.263802 0.620657 -3.271290
v 0.395346 -0.217861 -3.244520
v 0.185485 -0.279413 -5.448740
v 0.185485 -0.279413 -5.448740
v 0.000000 0.798058 -6.058120
v 0.000000 0.514790 -5.523670
v 0.067916 0.923707 -4.062210
v 0.000000 0.723672 -3.781740
v 0.000000 0.673984 -4.997250
v 0.000000 1.661610 -4.171130
v 0.102143 1.138660 -3.464960
v 0.000000 1.141140 -4.052120
v 0.090463 0.854894 -8.600610
v 0.000000 0.798058 -6.058120
v 0.131673 0.026489 -6.747190
v 0.000000 -1.003610 -5.563840
v 0.185485 -0.279413 -5.448740
v 0.000000 -0.637696 -5.295510
v 0.000000 2.683260 -12.494000
v 0.018541 2.299540 -11.684500
v 0.000000 2.309360 -11.978000
v 0.059580 -1.163790 -6.474640
v 0.098159 -0.769718 -6.032080
v 0.000000 -1.448400 -6.024290
v 0.098159 -0.769718 -6.032080
v 0.131673 0.026489 -6.747190
v 0.171589 -0.222354 -6.090980
v 0.059580 -1.163790 -6.474640
v 0.000000 -2.231490 -7.104780
v 0.041946 -2.044240 -7.274370
v 0.000000 0.504223 -8.783740
v 0.131673 0.026489 -6.747190
v 0.000000 -0.380107 -7.184150
v 0.059580 -1.163790 -6.474640
v 0.000000 -1.856990 -7.459300
v 0.000000 -0.835848 -6.932810
v 0.000000 2.336140 -10.726000
v 0.018541 2.299540 -11.684500
v 0.000000 2.725900 -12.138400
v 0.055794 1.745060 -3.943750
v 0.000000 1.896500 -4.213040
v 0.000000 1.828510 -3.714840
v 0.000000 -2.299080 -7.750440
v 0.041946 -2.232890 -7.576210
v 0.000000 -2.344780 -7.526470
v 0.000000 1.576510 -8.223760
v 0.034452 2.016000 -11.178600
v 0.000000 2.336140 -10.726000
v 0.102143 1.138660 -3.464960
v 0.146647 0.933768 -2.508960
v 0.123833 0.827576 -3.291180
v 0.000000 -1.856990 -7.459300
v 0.041946 -2.232890 -7.576210
v 0.000000 -2.132200 -7.641290
v 0.131673 0.026489 -6.747190
v 0.000000 0.798058 -6.058120
v 0.171589 -0.222354 -6.090980
v 0.000000 -2.344780 -7.526470
v 0.041946 -2.044240 -7.274370
v 0.000000 -2.231490 -7.104780
v 0.000000 5.127640 1.270130
v 0.030045 4.879980 1.544350
v 0.000000 5.070240 1.253620
v 0.614890 -0.921363 7.918240
v 0.690546 -0.531710 8.712280
v 0.505889 -0.766760 8.613180
v 1.340750 -0.470172 8.979820
v 2.017660 -0.413656 8.350060
v 1.973200 -0.469220 8.974880
v 0.027354 2.140720 -11.751600
v 0.018541 2.299540 -11.684500
v 0.000000 1.986640 -11.553200
v 0.555762 -0.368068 9.620180
v 1.340750 -0.470172 8.979820
v 1.285060 -0.368068 9.447650
v 0.064773 1.561430 1.462440
v 0.000000 1.608240 1.389370
v 0.000000 1.971280 1.863420
v 0.000000 1.971280 1.863420
v 0.165606 1.679090 3.122660
v 0.064773 1.561430 1.462440
v 0.000000 2.453090 3.568390
v 0.034645 3.902800 2.565780
v 0.000000 3.911430 2.626510
v 0.034645 3.902800 2.565780
v 0.139821 2.254170 3.025480
v 0.078368 3.756910 2.334830
v 3.390330 -3.248150 4.125950
v 3.290160 -3.349410 4.306840
v 3.476740 -3.424350 4.006650
v 3.476740 -3.424350 4.006650
v 3.375340 -3.259650 3.917120
v 3.390330 -3.248150 4.125950
v 0.059580 -1.163790 -6.474640
v 0.000000 -0.835848 -6.932810
v 0.098159 -0.769718 -6.032080
v 0.000000 1.926680 -11.853100
v 0.027354 2.140720 -11.751600
v 0.000000 1.986640 -11.553200
v 1.017270 -1.457290 0.001686
v 1.398540 -1.833090 -0.622219
v 0.995135 -1.279260 -0.402795
v 0.579784 -0.725986 -0.965930
v 0.529570 -1.072240 0.248643
v 0.572456 -0.817455 -1.028040
v 0.572456 -0.817455 -1.028040
v 0.529570 -1.072240 0.248643
v 0.995135 -1.279260 -0.402795
v 0.790219 -0.442715 1.442820
v 0.624381 -0.895461 0.434757
v 0.731018 -0.391701 0.338918
v 0.458202 -1.439750 -3.567850
v 0.349670 -1.133780 -3.547280
v 0.417153 -0.985510 -3.459940
v 0.417153 -0.985510 -3.459940
v 0.491817 -1.456330 -3.500350
v 0.458202 -1.439750 -3.567850
v 0.322474 -0.518185 9.429120
v 0.000000 -0.705562 9.066660
v 0.241924 -0.714485 8.992810
v 1.909540 -0.368068 9.340110
v 2.122470 -0.431863 9.398810
v 2.109690 -0.276026 9.340770
v 0.000000 -1.284990 0.304044
v 0.273982 -1.306300 1.442820
v 0.000000 -1.323030 1.442820
v 0.000000 -0.806540 -3.134040
v 0.257974 -0.875275 -2.205190
v 0.000000 -0.944678 -2.394010
v 0.129678 -0.636725 -3.755860
v 0.000000 -0.806540 -3.134040
v 0.000000 -0.710435 -3.771690
v 0.123833 0.827576 -3.291180
v 0.263802 0.620657 -3.271290
v 0.000000 0.723672 -3.781740
v 0.458202 -1.439750 -3.567850
v 0.000000 -0.806540 -3.134040
v 0.349670 -1.133780 -3.547280
v 0.349670 -1.133780 -3.547280
v 0.129678 -0.636725 -3.755860
v 0.213654 -0.774138 -4.771240
v 0.646047 0.060335 6.815670
v 0.846969 -0.356734 6.767410
v 0.747929 -0.467941 5.038350
v 2.109690 -0.276026 9.340770
v 2.184330 -0.357572 8.989980
v 2.144240 -0.259079 8.987930
v 0.213654 -0.774138 -4.771240
v 0.129678 -0.636725 -3.755860
v 0.417153 -0.985510 -3.459940
v 0.000000 -1.105620 -0.946909
v 0.257974 -0.875275 -2.205190
v 0.257695 -1.021380 -0.944626
v 0.488824 -1.545220 -3.331690
v 0.000000 -0.806540 -3.134040
v 0.442543 -1.473800 -3.500350
v 0.301716 -0.351317 9.734110
v 0.428025 -0.230365 9.066660
v 0.230883 -0.036623 8.632160
v 1.286190 -0.310264 9.073880
v 1.285060 -0.368068 9.447650
v 1.972110 -0.272292 9.020240
v 0.213654 -0.774138 -4.771240
v 0.417153 -0.985510 -3.459940
v 0.349670 -1.133780 -3.547280
v 1.973200 -0.469220 8.974880
v 1.285060 -0.368068 9.447650
v 1.340750 -0.470172 8.979820
v 0.488824 -1.545220 -3.331690
v 0.442543 -1.473800 -3.500350
v 0.506276 -1.575280 -3.696120
v 2.017660 -0.413656 8.350060
v 1.972110 -0.272292 9.020240
v 2.112320 -0.384771 8.416130
v 0.129678 -0.636725 -3.755860
v 0.343801 -0.580588 -3.175660
v 0.417153 -0.985510 -3.459940
v 0.458202 -1.439750 -3.567850
v 0.506276 -1.575280 -3.696120
v 0.442543 -1.473800 -3.500350
v 0.450809 1.166880 2.987090
v 0.064773 1.561430 1.462440
v 0.165606 1.679090 3.122660
v 2.132640 -0.463575 8.309160
v 2.112320 -0.384771 8.416130
v 2.184330 -0.357572 8.989980
v 0.301716 -0.351317 9.734110
v 0.000000 -0.479197 9.566410
v 0.322474 -0.518185 9.429120
v 0.995135 -1.279260 -0.402795
v 1.398540 -1.833090 -0.622219
v 0.813588 -1.293150 -0.795251
v 0.301716 -0.351317 9.734110
v 0.581611 -0.471293 9.287190
v 0.555762 -0.368068 9.620180
v 0.344769 -1.026270 -1.012980
v 0.813588 -1.293150 -0.795251
v 0.323235 -1.062370 -0.278173
v 0.727276 -0.785836 5.038350
v 1.137580 -1.437270 5.467510
v 1.304080 -1.286660 4.534100
v 3.375340 -3.259650 3.917120
v 2.557700 -2.698600 4.305270
v 2.654940 -2.570420 3.923490
v 1.137580 -1.437270 5.467510
v 2.557700 -2.698600 4.305270
v 2.551200 -2.741860 4.789530
v 2.162130 -0.464741 8.983160
v 2.132640 -0.463575 8.309160
v 2.184330 -0.357572 8.989980
v 0.488824 -1.545220 -3.331690
v 0.506276 -1.575280 -3.696120
v 0.491817 -1.456330 -3.500350
v 0.098159 -0.769718 -6.032080
v 0.171589 -0.222354 -6.090980
v 0.185485 -0.279413 -5.448740
v 0.488824 -1.545220 -3.331690
v 0.373086 -0.775368 -2.429910
v 0.257974 -0.875275 -2.205190
v 0.529570 -1.072240 0.248643
v 0.323235 -1.062370 -0.278173
v 1.017270 -1.457290 0.001686
v 0.000000 -1.017200 7.918240
v 0.262048 -0.839005 8.613180
v 0.000000 -0.851703 8.613180
v 1.285060 -0.368068 9.447650
v 1.286190 -0.310264 9.073880
v 0.555762 -0.368068 9.620180
v 1.320530 -1.367280 3.830370
v 2.673900 -2.547190 4.373120
v 2.654940 -2.570420 3.923490
v 0.000000 0.514790 -5.523670
v 0.263802 0.620657 -3.271290
v 0.185485 -0.279413 -5.448740
v 1.972110 -0.272292 9.020240
v 2.017660 -0.413656 8.350060
v 1.286190 -0.310264 9.073880
v 0.132550 1.816250 3.913190
v 0.139821 2.254170 3.025480
v 0.081783 2.404930 3.507660
v 0.646047 0.060335 6.815670
v 0.264147 0.588610 6.771360
v 0.230883 0.194427 7.918240
v 0.343801 -0.580588 -3.175660
v 0.373086 -0.775368 -2.429910
v 0.417153 -0.985510 -3.459940
v 0.458202 -1.439750 -3.567850
v 0.491817 -1.456330 -3.500350
v 0.506276 -1.575280 -3.696120
v 0.000000 3.911430 2.626510
v 0.034645 3.902800 2.565780
v 0.000000 4.969370 1.647920
v 0.499157 -0.259212 -2.423730
v 0.343801 -0.580588 -3.175660
v 0.395346 -0.217861 -3.244520
v 2.162130 -0.464741 8.983160
v 2.184330 -0.357572 8.989980
v 2.122470 -0.431863 9.398810
v 0.667902 -0.976786 4.327130
v 0.909116 -0.910300 3.494190
v 0.905938 -0.937475 3.295960
v 1.017270 -1.457290 0.001686
v 0.823483 -1.458720 -0.388725
v 1.408680 -1.919610 -0.491211
v 0.000000 1.886070 3.998390
v 0.081783 2.404930 3.507660
v 0.000000 2.453090 3.568390
v 0.000000 1.330710 5.103180
v 0.132550 1.816250 3.913190
v 0.000000 1.886070 3.998390
v 1.320530 -1.367280 3.830370
v 0.909116 -0.910300 3.494190
v 1.304080 -1.286660 4.534100
v 0.581611 -0.471293 9.287190
v 0.690546 -0.531710 8.712280
v 1.340750 -0.470172 8.979820
v 0.000000 -1.203510 -0.283480
v 0.257695 -1.021380 -0.944626
v 0.323235 -1.062370 -0.278173
v 0.000000 -1.284990 0.304044
v 0.323235 -1.062370 -0.278173
v 0.235381 -1.238790 0.355569
v 0.801193 -0.732363 7.918240
v 0.671724 -0.414566 8.621970
v 0.690546 -0.531710 8.712280
v 0.529570 -1.072240 0.248643
v 0.624381 -0.895461 0.434757
v 0.386383 -1.101860 0.363970
v 0.646047 0.060335 6.815670
v 0.230883 0.194427 7.918240
v 0.605332 -0.096558 7.918240
v 0.386383 -1.101860 0.363970
v 0.323235 -1.062370 -0.278173
v 0.529570 -1.072240 0.248643
v 1.017270 -1.457290 0.001686
v 0.323235 -1.062370 -0.278173
v 0.823483 -1.458720 -0.388725
v 0.823483 -1.458720 -0.388725
v 0.323235 -1.062370 -0.278173
v 0.813588 -1.293150 -0.795251
v 1.408680 -1.919610 -0.491211
v 0.823483 -1.458720 -0.388725
v 1.314150 -1.910490 -0.616637
v 3.375340 -3.259650 3.917120
v 3.476740 -3.424350 4.006650
v 3.290160 -3.349410 4.306840
v 1.493050 -2.031430 -0.766026
v 1.408680 -1.919610 -0.491211
v 1.314150 -1.910490 -0.616637
v 1.318030 -1.839210 -0.746929
v 1.314150 -1.910490 -0.616637
v 0.813588 -1.293150 -0.795251
v 0.479920 -0.981056 -1.519120
v 0.813588 -1.293150 -0.795251
v 0.344769 -1.026270 -1.012980
v 0.479920 -0.981056 -1.519120
v 0.344769 -1.026270 -1.012980
v 0.572456 -0.817455 -1.028040
v 1.318030 -1.839210 -0.746929
v 1.493050 -2.031430 -0.766026
v 1.314150 -1.910490 -0.616637
v 0.123833 0.827576 -3.291180
v 0.067916 0.923707 -4.062210
v 0.102143 1.138660 -3.464960
v 0.479920 -0.981056 -1.519120
v 0.572456 -0.817455 -1.028040
v 0.578207 -1.078800 -1.388470
v 0.572456 -0.817455 -1.028040
v 0.995135 -1.279260 -0.402795
v 0.813588 -1.293150 -0.795251
v 0.146647 0.933768 -2.508960
v 0.000000 1.052120 -2.534270
v 0.000000 1.165260 -0.946258
v 1.137580 -1.437270 5.467510
v 0.568241 -1.127830 4.327130
v 1.203140 -1.467960 4.430760
v 0.568241 -1.127830 4.327130
v 0.667902 -0.976786 4.327130
v 0.905938 -0.937475 3.295960
v 0.727276 -0.785836 5.038350
v 1.304080 -1.286660 4.534100
v 0.909116 -0.910300 3.494190
v 0.823483 -1.458720 -0.388725
v 0.813588 -1.293150 -0.795251
v 1.314150 -1.910490 -0.616637
v 0.452417 -0.603087 -2.423730
v 0.373086 -0.775368 -2.429910
v 0.343801 -0.580588 -3.175660
v 0.578207 -1.078800 -1.388470
v 0.572456 -0.817455 -1.028040
v 0.813588 -1.293150 -0.795251
v 0.572456 -0.817455 -1.028040
v 0.257695 -1.021380 -0.944626
v 0.579784 -0.725986 -0.965930
v 0.494684 -0.178910 8.632160
v 0.230883 -0.036623 8.632160
v 0.428025 -0.230365 9.066660
v 0.000000 1.329990 0.272125
v 0.330418 0.951855 -0.946723
v 0.000000 1.165260 -0.946258
v 0.529570 -1.072240 0.248643
v 1.017270 -1.457290 0.001686
v 0.995135 -1.279260 -0.402795
v 0.813588 -1.293150 -0.795251
v 1.398540 -1.833090 -0.622219
v 1.318030 -1.839210 -0.746929
v 2.144240 -0.259079 8.987930
v 2.112320 -0.384771 8.416130
v 1.972110 -0.272292 9.020240
v 0.579784 -0.725986 -0.965930
v 0.731018 -0.391701 0.338918
v 0.624381 -0.895461 0.434757
v 0.624381 -0.895461 0.434757
v 0.529570 -1.072240 0.248643
v 0.579784 -0.725986 -0.965930
v 2.184330 -0.357572 8.989980
v 2.112320 -0.384771 8.416130
v 2.144240 -0.259079 8.987930
v 1.318030 -1.839210 -0.746929
v 1.398540 -1.833090 -0.622219
v 1.493050 -2.031430 -0.766026
v 1.493050 -2.031430 -0.766026
v 1.398540 -1.833090 -0.622219
v 1.408680 -1.919610 -0.491211
v 0.000000 5.070240 1.253620
v 0.030045 4.879980 1.544350
v 0.000000 4.799220 1.444300
v 2.109690 -0.276026 9.340770
v 2.144240 -0.259079 8.987930
v 1.909540 -0.368068 9.340110
v 0.398291 1.039960 5.038350
v 0.000000 0.846319 6.771360
v 0.264147 0.588610 6.771360
v 0.373086 -0.775368 -2.429910
v 0.491817 -1.456330 -3.500350
v 0.417153 -0.985510 -3.459940
v 0.000000 1.926680 -11.853100
v 0.000000 2.309360 -11.978000
v 0.027354 2.140720 -11.751600
v 0.000000 -1.236900 5.038350
v 0.342277 -1.134090 6.771360
v 0.000000 -1.180410 6.771360
v 0.330418 0.951855 -0.946723
v 0.731018 -0.391701 0.338918
v 0.645206 -0.326839 -0.946723
v 0.027354 2.140720 -11.751600
v 0.000000 2.309360 -11.978000
v 0.018541 2.299540 -11.684500
v 0.264147 0.588610 6.771360
v 0.000000 0.414933 7.918240
v 0.230883 0.194427 7.918240
v 0.000000 -1.180410 6.771360
v 0.289298 -0.993459 7.918240
v 0.000000 -1.017200 7.918240
v 0.264147 0.588610 6.771360
v 0.646047 0.060335 6.815670
v 0.398291 1.039960 5.038350
v 0.505889 -0.766760 8.613180
v 0.243639 -0.642675 8.709450
v 0.245355 -0.763450 8.932350
v 0.000000 4.799220 1.444300
v 0.078368 3.756910 2.334830
v 0.000000 3.469150 1.862610
v 0.000000 -0.752525 9.007280
v 0.243639 -0.642675 8.709450
v 0.000000 -0.621380 8.760380
v 1.973200 -0.469220 8.974880
v 2.132640 -0.463575 8.309160
v 2.162130 -0.464741 8.983160
v 0.000000 4.969370 1.647920
v 0.000000 5.127640 1.270130
v 0.000000 5.122510 1.396030
v 0.241924 -0.714485 8.992810
v 0.505889 -0.766760 8.613180
v 0.322474 -0.518185 9.429120
v 0.505889 -0.766760 8.613180
v 0.245355 -0.763450 8.932350
v 0.262048 -0.839005 8.613180
v 0.790219 -0.467266 2.860390
v 0.667902 -1.019270 1.442820
v 0.790219 -0.442715 1.442820
v 0.000000 -0.851703 8.613180
v 0.245355 -0.763450 8.932350
v 0.000000 -0.752525 9.007280
v 0.257695 -1.021380 -0.944626
v 0.257974 -0.875275 -2.205190
v 0.373086 -0.775368 -2.429910
v 0.146647 0.933768 -2.508960
v 0.000000 1.165260 -0.946258
v 0.274939 0.752971 -2.392760
v 2.673900 -2.547190 4.373120
v 3.290160 -3.349410 4.306840
v 3.390330 -3.248150 4.125950
v 0.690546 -0.531710 8.712280
v 1.342330 -0.414566 8.655730
v 1.340750 -0.470172 8.979820
v 0.436154 1.147720 1.462440
v 0.450809 1.166880 2.987090
v 0.790219 -0.442715 1.442820
v 0.000000 -0.621380 8.760380
v 0.241924 -0.714485 8.992810
v 0.000000 -0.705562 9.066660
v 0.000000 1.329990 0.272125
v 0.436154 1.147720 1.462440
v 0.376887 1.076250 0.272312
v 0.000000 3.469150 1.862610
v 0.139821 2.254170 3.025480
v 0.000000 1.971280 1.863420
v 2.122470 -0.431863 9.398810
v 1.973200 -0.469220 8.974880
v 2.162130 -0.464741 8.983160
v 0.667902 -1.020760 2.860390
v 0.273982 -1.306300 1.442820
v 0.667902 -1.019270 1.442820
v 2.654940 -2.570420 3.923490
v 3.390330 -3.248150 4.125950
v 3.375340 -3.259650 3.917120
v 0.398291 1.039960 5.038350
v 0.646047 0.060335 6.815670
v 0.419969 0.946469 5.038350
v 0.263802 0.620657 -3.271290
v 0.146647 0.933768 -2.508960
v 0.274939 0.752971 -2.392760
v 1.972110 -0.272292 9.020240
v 1.909540 -0.368068 9.340110
v 2.144240 -0.259079 8.987930
v 0.000000 4.969370 1.647920
v 0.078368 3.756910 2.334830
v 0.030045 4.879980 1.544350
v 0.129678 -0.636725 -3.755860
v 0.000000 -0.637696 -5.295510
v 0.185485 -0.279413 -5.448740
v 0.782371 -0.411771 7.918240
v 0.494684 -0.178910 8.632160
v 0.671724 -0.414566 8.621970
v 1.304080 -1.286660 4.534100
v 2.551200 -2.741860 4.789530
v 2.673900 -2.547190 4.373120
v 0.273982 -1.307790 2.860390
v 0.000000 -1.323030 1.442820
v 0.273982 -1.306300 1.442820
v 0.000000 1.052120 -2.534270
v 0.146647 0.933768 -2.508960
v 0.000000 1.211900 -2.846880
v 0.499157 -0.259212 -2.423730
v 0.263802 0.620657 -3.271290
v 0.274939 0.752971 -2.392760
v 0.330418 0.951855 -0.946723
v 0.499157 -0.259212 -2.423730
v 0.274939 0.752971 -2.392760
v 0.667902 -0.976786 4.327130
v 0.568241 -1.127830 4.327130
v 0.667902 -1.020760 2.860390
v 0.813701 -0.800962 6.764820
v 0.747929 -0.467941 5.038350
v 0.846969 -0.356734 6.767410
v 0.846969 -0.356734 6.767410
v 0.801193 -0.732363 7.918240
v 0.813701 -0.800962 6.764820
v 0.813701 -0.800962 6.764820
v 0.614890 -0.921363 7.918240
v 0.639017 -1.029180 6.822330
v 0.646047 0.060335 6.815670
v 0.782371 -0.411771 7.918240
v 0.846969 -0.356734 6.767410
v 0.491817 -1.456330 -3.500350
v 0.373086 -0.775368 -2.429910
v 0.488824 -1.545220 -3.331690
v 0.000000 1.141140 -4.052120
v 0.102143 1.138660 -3.464960
v 0.067916 0.923707 -4.062210
v 0.790219 -0.467266 2.860390
v 0.419969 0.946469 5.038350
v 0.747929 -0.467941 5.038350
v 0.624381 -0.895461 0.434757
v 0.667902 -1.019270 1.442820
v 0.386383 -1.101860 0.363970
v 0.667902 -1.019270 1.442820
v 0.235381 -1.238790 0.355569
v 0.386383 -1.101860 0.363970
v 0.064773 1.561430 1.462440
v 0.000000 1.329990 0.272125
v 0.000000 1.608240 1.389370
v 0.505889 -0.766760 8.613180
v 0.581611 -0.471293 9.287190
v 0.322474 -0.518185 9.429120
v 3.290160 -3.349410 4.306840
v 2.557700 -2.698600 4.305270
v 3.375340 -3.259650 3.917120
v 0.605332 -0.096558 7.918240
v 0.230883 -0.036623 8.632160
v 0.494684 -0.178910 8.632160
v 0.790219 -0.442715 1.442820
v 0.731018 -0.391701 0.338918
v 0.436154 1.147720 1.462440
v 2.551200 -2.741860 4.789530
v 2.557700 -2.698600 4.305270
v 3.290160 -3.349410 4.306840
v 0.639017 -1.029180 6.822330
v 0.727276 -0.785836 5.038350
v 0.813701 -0.800962 6.764820
v 1.320530 -1.367280 3.830370
v 2.557700 -2.698600 4.305270
v 1.203140 -1.467960 4.430760
v 0.386383 -1.101860 0.363970
v 0.235381 -1.238790 0.355569
v 0.323235 -1.062370 -0.278173
v 0.905938 -0.937475 3.295960
v 1.320530 -1.367280 3.830370
v 0.568241 -1.127830 4.327130
v 1.320530 -1.367280 3.830370
v 1.203140 -1.467960 4.430760
v 0.568241 -1.127830 4.327130
v 0.671724 -0.414566 8.621970
v 0.428025 -0.230365 9.066660
v 0.541612 -0.282923 9.066660
v 0.257695 -1.021380 -0.944626
v 0.344769 -1.026270 -1.012980
v 0.323235 -1.062370 -0.278173
v 0.055794 1.745060 -3.943750
v 0.000000 1.661610 -4.171130
v 0.000000 1.896500 -4.213040
v 0.000000 -0.353946 9.765350
v 0.230883 -0.036623 8.632160
v 0.000000 0.047358 8.632160
v 0.129678 -0.636725 -3.755860
v 0.349670 -1.133780 -3.547280
v 0.000000 -0.806540 -3.134040
v 0.398291 1.039960 5.038350
v 0.450809 1.166880 2.987090
v 0.132550 1.816250 3.913190
v 2.132640 -0.463575 8.309160
v 2.017660 -0.413656 8.350060
v 2.112320 -0.384771 8.416130
v 0.645206 -0.326839 -0.946723
v 0.452417 -0.603087 -2.423730
v 0.499157 -0.259212 -2.423730
v 0.579784 -0.725986 -0.965930
v 0.373086 -0.775368 -2.429910
v 0.452417 -0.603087 -2.423730
v 0.000000 -1.003610 -5.563840
v 0.000000 -1.448400 -6.024290
v 0.098159 -0.769718 -6.032080
v 0.034452 2.016000 -11.178600
v 0.000000 1.986640 -11.553200
v 0.018541 2.299540 -11.684500
v 0.000000 -2.132200 -7.641290
v 0.041946 -2.232890 -7.576210
v 0.000000 -2.299080 -7.750440
v 0.671724 -0.414566 8.621970
v 0.541612 -0.282923 9.066660
v 1.342330 -0.414566 8.655730
v 0.563936 -1.005390 5.878620
v 0.568241 -1.127830 4.327130
v 1.137580 -1.437270 5.467510
v 0.230883 0.194427 7.918240
v 0.000000 0.047358 8.632160
v 0.230883 -0.036623 8.632160
v 0.241924 -0.714485 8.992810
v 0.243639 -0.642675 8.709450
v 0.505889 -0.766760 8.613180
v 0.262048 -0.839005 8.613180
v 0.614890 -0.921363 7.918240
v 0.505889 -0.766760 8.613180
v 0.289298 -0.993459 7.918240
v 0.639017 -1.029180 6.822330
v 0.614890 -0.921363 7.918240
v 0.342277 -1.134090 6.771360
v 0.563936 -1.005390 5.878620
v 0.639017 -1.029180 6.822330
v 0.297983 -1.188940 5.275420
v 0.568241 -1.127830 4.327130
v 0.563936 -1.005390 5.878620
v 0.428025 -0.230365 9.066660
v 0.555762 -0.368068 9.620180
v 0.541612 -0.282923 9.066660
v 0.671724 -0.414566 8.621970
v 1.342330 -0.414566 8.655730
v 0.690546 -0.531710 8.712280
v 1.286190 -0.310264 9.073880
v 1.342330 -0.414566 8.655730
v 0.541612 -0.282923 9.066660
v 1.342330 -0.414566 8.655730
v 1.286190 -0.310264 9.073880
v 2.017660 -0.413656 8.350060
v 1.909540 -0.368068 9.340110
v 1.972110 -0.272292 9.020240
v 1.285060 -0.368068 9.447650
v 0.541612 -0.282923 9.066660
v 0.555762 -0.368068 9.620180
v 1.286190 -0.310264 9.073880
v 1.408680 -1.919610 -0.491211
v 1.398540 -1.833090 -0.622219
v 1.017270 -1.457290 0.001686
v 2.122470 -0.431863 9.398810
v 2.184330 -0.357572 8.989980
v 2.109690 -0.276026 9.340770
v 0.000000 -0.380107 -7.184150
v 0.098159 -0.769718 -6.032080
v 0.000000 -0.835848 -6.932810
v 0.450809 1.166880 2.987090
v 0.419969 0.946469 5.038350
v 0.790219 -0.467266 2.860390
v 0.165606 1.679090 3.122660
v 0.132550 1.816250 3.913190
v 0.450809 1.166880 2.987090
v 0.790219 -0.467266 2.860390
v 0.790219 -0.442715 1.442820
v 0.450809 1.166880 2.987090
v 0.667902 -1.019270 1.442820
v 0.624381 -0.895461 0.434757
v 0.790219 -0.442715 1.442820
v 0.376887 1.076250 0.272312
v 0.436154 1.147720 1.462440
v 0.731018 -0.391701 0.338918
v 0.727276 -0.785836 5.038350
v 0.747929 -0.467941 5.038350
v 0.813701 -0.800962 6.764820
v 0.000000 -1.236900 5.038350
v 0.000000 -1.324520 2.860390
v 0.297983 -1.188940 5.275420
v 0.297983 -1.188940 5.275420
v 0.273982 -1.307790 2.860390
v 0.568241 -1.127830 4.327130
v 0.034452 2.016000 -11.178600
v 0.090463 0.854894 -8.600610
v 0.000000 1.986640 -11.553200
v 0.185485 -0.279413 -5.448740
v 0.395346 -0.217861 -3.244520
v 0.129678 -0.636725 -3.755860
v 0.790219 -0.467266 2.860390
v 0.747929 -0.467941 5.038350
v 0.667902 -1.020760 2.860390
v 0.747929 -0.467941 5.038350
v 0.727276 -0.785836 5.038350
v 0.667902 -1.020760 2.860390
v 0.102143 1.138660 -3.464960
v 0.055794 1.745060 -3.943750
v 0.000000 1.211900 -2.846880
v 0.171589 -0.222354 -6.090980
v 0.000000 0.798058 -6.058120
v 0.185485 -0.279413 -5.448740
v 0.055794 1.745060 -3.943750
v 0.102143 1.138660 -3.464960
v 0.000000 1.661610 -4.171130
v 0.000000 1.576510 -8.223760
v 0.000000 0.798058 -6.058120
v 0.090463 0.854894 -8.600610
v 0.098159 -0.769718 -6.032080
v 0.185485 -0.279413 -5.448740
v 0.000000 -1.003610 -5.563840
v 0.000000 -0.380107 -7.184150
v 0.131673 0.026489 -6.747190
v 0.098159 -0.769718 -6.032080
v 0.000000 -1.448400 -6.024290
v 0.000000 -2.231490 -7.104780
v 0.059580 -1.163790 -6.474640
v 0.090463 0.854894 -8.600610
v 0.131673 0.026489 -6.747190
v 0.000000 0.504223 -8.783740
v 0.041946 -2.044240 -7.274370
v 0.000000 -1.856990 -7.459300
v 0.059580 -1.163790 -6.474640
v 0.034452 2.016000 -11.178600
v 0.018541 2.299540 -11.684500
v 0.000000 2.336140 -10.726000
v 0.090463 0.854894 -8.600610
v 0.034452 2.016000 -11.178600
v 0.000000 1.576510 -8.223760
v 0.000000 1.211900 -2.846880
v 0.146647 0.933768 -2.508960
v 0.102143 1.138660 -3.464960
v 0.041946 -2.044240 -7.274370
v 0.041946 -2.232890 -7.576210
v 0.000000 -1.856990 -7.459300
v 0.041946 -2.232890 -7.576210
v 0.041946 -2.044240 -7.274370
v 0.000000 -2.344780 -7.526470
v 0.801193 -0.732363 7.918240
v 0.690546 -0.531710 8.712280
v 0.614890 -0.921363 7.918240
v 1.342330 -0.414566 8.655730
v 2.017660 -0.413656 8.350060
v 1.340750 -0.470172 8.979820
v 0.581611 -0.471293 9.287190
v 1.340750 -0.470172 8.979820
v 0.555762 -0.368068 9.620180
v 0.139821 2.254170 3.025480
v 0.165606 1.679090 3.122660
v 0.000000 1.971280 1.863420
v 0.081783 2.404930 3.507660
v 0.034645 3.902800 2.565780
v 0.000000 2.453090 3.568390
v 0.081783 2.404930 3.507660
v 0.139821 2.254170 3.025480
v 0.034645 3.902800 2.565780
v 0.000000 -0.479197 9.566410
v 0.000000 -0.705562 9.066660
v 0.322474 -0.518185 9.429120
v 0.235381 -1.238790 0.355569
v 0.273982 -1.306300 1.442820
v 0.000000 -1.284990 0.304044
v 0.442543 -1.473800 -3.500350
v 0.000000 -0.806540 -3.134040
v 0.458202 -1.439750 -3.567850
v 0.000000 -0.944678 -2.394010
v 0.257974 -0.875275 -2.205190
v 0.000000 -1.105620 -0.946909
v 0.257974 -0.875275 -2.205190
v 0.000000 -0.806540 -3.134040
v 0.488824 -1.545220 -3.331690
v 1.909540 -0.368068 9.340110
v 1.285060 -0.368068 9.447650
v 1.973200 -0.469220 8.974880
v 0.436154 1.147720 1.462440
v 0.064773 1.561430 1.462440
v 0.450809 1.166880 2.987090
v 0.000000 -0.353946 9.765350
v 0.000000 -0.479197 9.566410
v 0.301716 -0.351317 9.734110
v 0.322474 -0.518185 9.429120
v 0.581611 -0.471293 9.287190
v 0.301716 -0.351317 9.734110
v 0.563936 -1.005390 5.878620
v 1.137580 -1.437270 5.467510
v 0.727276 -0.785836 5.038350
v 1.203140 -1.467960 4.430760
v 2.557700 -2.698600 4.305270
v 1.137580 -1.437270 5.467510
v 0.289298 -0.993459 7.918240
v 0.262048 -0.839005 8.613180
v 0.000000 -1.017200 7.918240
v 1.304080 -1.286660 4.534100
v 2.673900 -2.547190 4.373120
v 1.320530 -1.367280 3.830370
v 0.000000 0.723672 -3.781740
v 0.263802 0.620657 -3.271290
v 0.000000 0.514790 -5.523670
v 0.165606 1.679090 3.122660
v 0.139821 2.254170 3.025480
v 0.132550 1.816250 3.913190
v 0.452417 -0.603087 -2.423730
v 0.343801 -0.580588 -3.175660
v 0.499157 -0.259212 -2.423730
v 0.727276 -0.785836 5.038350
v 0.909116 -0.910300 3.494190
v 0.667902 -0.976786 4.327130
v 0.132550 1.816250 3.913190
v 0.081783 2.404930 3.507660
v 0.000000 1.886070 3.998390
v 0.398291 1.039960 5.038350
v 0.132550 1.816250 3.913190
v 0.000000 1.330710 5.103180
v 0.905938 -0.937475 3.295960
v 0.909116 -0.910300 3.494190
v 1.320530 -1.367280 3.830370
v 0.000000 -1.105620 -0.946909
v 0.257695 -1.021380 -0.944626
v 0.000000 -1.203510 -0.283480
v 0.000000 -1.203510 -0.283480
v 0.323235 -1.062370 -0.278173
v 0.000000 -1.284990 0.304044
v 0.782371 -0.411771 7.918240
v 0.671724 -0.414566 8.621970
v 0.801193 -0.732363 7.918240
v 0.578207 -1.078800 -1.388470
v 0.813588 -1.293150 -0.795251
v 0.479920 -0.981056 -1.519120
v 0.000000 0.723672 -3.781740
v 0.067916 0.923707 -4.062210
v 0.123833 0.827576 -3.291180
v 0.344769 -1.026270 -1.012980
v 0.257695 -1.021380 -0.944626
v 0.572456 -0.817455 -1.028040
v 0.376887 1.076250 0.272312
v 0.330418 0.951855 -0.946723
v 0.000000 1.329990 0.272125
v 0.645206 -0.326839 -0.946723
v 0.731018 -0.391701 0.338918
v 0.579784 -0.725986 -0.965930
v 0.000000 1.330710 5.103180
v 0.000000 0.846319 6.771360
v 0.398291 1.039960 5.038350
v 0.297983 -1.188940 5.275420
v 0.342277 -1.134090 6.771360
v 0.000000 -1.236900 5.038350
v 0.376887 1.076250 0.272312
v 0.731018 -0.391701 0.338918
v 0.330418 0.951855 -0.946723
v 0.000000 0.846319 6.771360
v 0.000000 0.414933 7.918240
v 0.264147 0.588610 6.771360
v 0.342277 -1.134090 6.771360
v 0.289298 -0.993459 7.918240
v 0.000000 -1.180410 6.771360
v 0.030045 4.879980 1.544350
v 0.078368 3.756910 2.334830
v 0.000000 4.799220 1.444300
v 0.245355 -0.763450 8.932350
v 0.243639 -0.642675 8.709450
v 0.000000 -0.752525 9.007280
v 2.017660 -0.413656 8.350060
v 2.132640 -0.463575 8.309160
v 1.973200 -0.469220 8.974880
v 0.030045 4.879980 1.544350
v 0.000000 5.127640 1.270130
v 0.000000 4.969370 1.647920
v 0.667902 -1.020760 2.860390
v 0.667902 -1.019270 1.442820
v 0.790219 -0.467266 2.860390
v 0.262048 -0.839005 8.613180
v 0.245355 -0.763450 8.932350
v 0.000000 -0.851703 8.613180
v 2.551200 -2.741860 4.789530
v 3.290160 -3.349410 4.306840
v 2.673900 -2.547190 4.373120
v 0.243639 -0.642675 8.709450
v 0.241924 -0.714485 8.992810
v 0.000000 -0.621380 8.760380
v 0.064773 1.561430 1.462440
v 0.436154 1.147720 1.462440
v 0.000000 1.329990 0.272125
v 0.078368 3.756910 2.334830
v 0.139821 2.254170 3.025480
v 0.000000 3.469150 1.862610
v 1.909540 -0.368068 9.340110
v 1.973200 -0.469220 8.974880
v 2.122470 -0.431863 9.398810
v 0.273982 -1.307790 2.860390
v 0.273982 -1.306300 1.442820
v 0.667902 -1.020760 2.860390
v 2.673900 -2.547190 4.373120
v 3.390330 -3.248150 4.125950
v 2.654940 -2.570420 3.923490
v 0.747929 -0.467941 5.038350
v 0.419969 0.946469 5.038350
v 0.646047 0.060335 6.815670
v 0.123833 0.827576 -3.291180
v 0.146647 0.933768 -2.508960
v 0.263802 0.620657 -3.271290
v 0.034645 3.902800 2.565780
v 0.078368 3.756910 2.334830
v 0.000000 4.969370 1.647920
v 0.000000 -0.710435 -3.771690
v 0.000000 -0.637696 -5.295510
v 0.129678 -0.636725 -3.755860
v 0.605332 -0.096558 7.918240
v 0.494684 -0.178910 8.632160
v 0.782371 -0.411771 7.918240
v 1.137580 -1.437270 5.467510
v 2.551200 -2.741860 4.789530
v 1.304080 -1.286660 4.534100
v 0.000000 -1.324520 2.860390
v 0.000000 -1.323030 1.442820
v 0.273982 -1.307790 2.860390
v 0.395346 -0.217861 -3.244520
v 0.263802 0.620657 -3.271290
v 0.499157 -0.259212 -2.423730
v 0.645206 -0.326839 -0.946723
v 0.499157 -0.259212 -2.423730
v 0.330418 0.951855 -0.946723
v 0.782371 -0.411771 7.918240
v 0.801193 -0.732363 7.918240
v 0.846969 -0.356734 6.767410
v 0.801193 -0.732363 7.918240
v 0.614890 -0.921363 7.918240
v 0.813701 -0.800962 6.764820
v 0.605332 -0.096558 7.918240
v 0.782371 -0.411771 7.918240
v 0.646047 0.060335 6.815670
v 0.273982 -1.306300 1.442820
v 0.235381 -1.238790 0.355569
v 0.667902 -1.019270 1.442820
v 0.690546 -0.531710 8.712280
v 0.581611 -0.471293 9.287190
v 0.505889 -0.766760 8.613180
v 0.230883 0.194427 7.918240
v 0.230883 -0.036623 8.632160
v 0.605332 -0.096558 7.918240
v 0.563936 -1.005390 5.878620
v 0.727276 -0.785836 5.038350
v 0.639017 -1.029180 6.822330
v 2.654940 -2.570420 3.923490
v 2.557700 -2.698600 4.305270
v 1.320530 -1.367280 3.830370
v 0.494684 -0.178910 8.632160
v 0.428025 -0.230365 9.066660
v 0.671724 -0.414566 8.621970
v 0.301716 -0.351317 9.734110
v 0.230883 -0.036623 8.632160
v 0.000000 -0.353946 9.765350
v 0.579784 -0.725986 -0.965930
v 0.452417 -0.603087 -2.423730
v 0.645206 -0.326839 -0.946723
v 0.257695 -1.021380 -0.944626
v 0.373086 -0.775368 -2.429910
v 0.579784 -0.725986 -0.965930
v 0.000000 0.414933 7.918240
v 0.000000 0.047358 8.632160
v 0.230883 0.194427 7.918240
v 0.289298 -0.993459 7.918240
v 0.614890 -0.921363 7.918240
v 0.262048 -0.839005 8.613180
v 0.342277 -1.134090 6.771360
v 0.639017 -1.029180 6.822330
v 0.289298 -0.993459 7.918240
v 0.297983 -1.188940 5.275420
v 0.563936 -1.005390 5.878620
v 0.342277 -1.134090 6.771360
v 0.301716 -0.351317 9.734110
v 0.555762 -0.368068 9.620180
v 0.428025 -0.230365 9.066660
v 0.398291 1.039960 5.038350
v 0.419969 0.946469 5.038350
v 0.450809 1.166880 2.987090
v -0.273982 -1.307790 2.860390
v 0.000000 -1.324520 2.860390
v -0.297983 -1.188940 5.275420
v -0.667902 -1.020760 2.860390
v -0.273982 -1.307790 2.860390
v -0.568241 -1.127830 4.327130
v 0.000000 0.504223 -8.783740
v -0.090463 0.854894 -8.600610
v 0.000000 1.986640 -11.553200
v -0.343801 -0.580588 -3.175660
v -0.395346 -0.217861 -3.244520
v -0.129678 -0.636725 -3.755860
v -0.667902 -0.976786 4.327130
v -0.727276 -0.785836 5.038350
v -0.667902 -1.020760 2.860390
v 0.000000 2.725900 -12.138400
v 0.000000 2.683260 -12.494000
v -0.018541 2.299540 -11.684500
v -0.330418 0.951855 -0.946723
v 0.000000 1.165260 -0.946258
v -0.274939 0.752971 -2.392760
v 0.000000 0.673984 -4.997250
v -0.067916 0.923707 -4.062210
v 0.000000 1.141140 -4.052120
v 0.000000 1.828510 -3.714840
v -0.055794 1.745060 -3.943750
v 0.000000 1.211900 -2.846880
v -0.185485 -0.279413 -5.448740
v -0.395346 -0.217861 -3.244520
v -0.263802 0.620657 -3.271290
v 0.000000 0.514790 -5.523670
v 0.000000 0.798058 -6.058120
v -0.185485 -0.279413 -5.448740
v 0.000000 0.673984 -4.997250
v 0.000000 0.723672 -3.781740
v -0.067916 0.923707 -4.062210
v 0.000000 1.141140 -4.052120
v -0.102143 1.138660 -3.464960
v 0.000000 1.661610 -4.171130
v -0.131673 0.026489 -6.747190
v 0.000000 0.798058 -6.058120
v -0.090463 0.854894 -8.600610
v 0.000000 -0.637696 -5.295510
v -0.185485 -0.279413 -5.448740
v 0.000000 -1.003610 -5.563840
v 0.000000 2.309360 -11.978000
v -0.018541 2.299540 -11.684500
v 0.000000 2.683260 -12.494000
v 0.000000 -1.448400 -6.024290
v -0.098159 -0.769718 -6.032080
v -0.059580 -1.163790 -6.474640
v -0.171589 -0.222354 -6.090980
v -0.131673 0.026489 -6.747190
v -0.098159 -0.769718 -6.032080
v -0.041946 -2.044240 -7.274370
v 0.000000 -2.231490 -7.104780
v -0.059580 -1.163790 -6.474640
v 0.000000 -0.380107 -7.184150
v -0.131673 0.026489 -6.747190
v 0.000000 0.504223 -8.783740
v 0.000000 -0.835848 -6.932810
v 0.000000 -1.856990 -7.459300
v -0.059580 -1.163790 -6.474640
v 0.000000 2.725900 -12.138400
v -0.018541 2.299540 -11.684500
v 0.000000 2.336140 -10.726000
v 0.000000 1.828510 -3.714840
v 0.000000 1.896500 -4.213040
v -0.055794 1.745060 -3.943750
v 0.000000 -2.344780 -7.526470
v -0.041946 -2.232890 -7.576210
v 0.000000 -2.299080 -7.750440
v 0.000000 2.336140 -10.726000
v -0.034452 2.016000 -11.178600
v 0.000000 1.576510 -8.223760
v -0.123833 0.827576 -3.291180
v -0.146647 0.933768 -2.508960
v -0.102143 1.138660 -3.464960
v 0.000000 -2.132200 -7.641290
v -0.041946 -2.232890 -7.576210
v 0.000000 -1.856990 -7.459300
v -0.171589 -0.222354 -6.090980
v 0.000000 0.798058 -6.058120
v -0.131673 0.026489 -6.747190
v 0.000000 -2.231490 -7.104780
v -0.041946 -2.044240 -7.274370
v 0.000000 -2.344780 -7.526470
v 0.000000 5.070240 1.253620
v -0.030045 4.879980 1.544350
v 0.000000 5.127640 1.270130
v -0.505889 -0.766760 8.613180
v -0.690546 -0.531710 8.712280
v -0.614890 -0.921363 7.918240
v -1.973200 -0.469220 8.974880
v -2.017660 -0.413656 8.350060
v -1.340750 -0.470172 8.979820
v 0.000000 1.986640 -11.553200
v -0.018541 2.299540 -11.684500
v -0.027354 2.140720 -11.751600
v -1.285060 -0.368068 9.447650
v -1.340750 -0.470172 8.979820
v -0.555762 -0.368068 9.620180
v 0.000000 1.971280 1.863420
v 0.000000 1.608240 1.389370
v -0.064773 1.561430 1.462440
v -0.064773 1.561430 1.462440
v -0.165606 1.679090 3.122660
v 0.000000 1.971280 1.863420
v 0.000000 3.911430 2.626510
v -0.034645 3.902800 2.565780
v 0.000000 2.453090 3.568390
v -0.078368 3.756910 2.334830
v -0.139821 2.254170 3.025480
v -0.034645 3.902800 2.565780
v -3.476740 -3.424350 4.006650
v -3.290160 -3.349410 4.306840
v -3.390330 -3.248150 4.125950
v -3.390330 -3.248150 4.125950
v -3.375340 -3.259650 3.917120
v -3.476740 -3.424350 4.006650
v -0.098159 -0.769718 -6.032080
v 0.000000 -0.835848 -6.932810
v -0.059580 -1.163790 -6.474640
v 0.000000 1.986640 -11.553200
v -0.027354 2.140720 -11.751600
v 0.000000 1.926680 -11.853100
v -0.995135 -1.279260 -0.402795
v -1.398540 -1.833090 -0.622219
v -1.017270 -1.457290 0.001686
v -0.572456 -0.817455 -1.028040
v -0.529570 -1.072240 0.248643
v -0.579784 -0.725986 -0.965930
v -0.995135 -1.279260 -0.402795
v -0.529570 -1.072240 0.248643
v -0.572456 -0.817455 -1.028040
v -0.731018 -0.391701 0.338918
v -0.624381 -0.895461 0.434757
v -0.790219 -0.442715 1.442820
v -0.417153 -0.985510 -3.459940
v -0.349670 -1.133780 -3.547280
v -0.458202 -1.439750 -3.567850
v -0.458202 -1.439750 -3.567850
v -0.491817 -1.456330 -3.500350
v -0.417153 -0.985510 -3.459940
v -0.241924 -0.714485 8.992810
v 0.000000 -0.705562 9.066660
v -0.322474 -0.518185 9.429120
v -2.109690 -0.276026 9.340770
v -2.122470 -0.431863 9.398810
v -1.909540 -0.368068 9.340110
v 0.000000 -1.323030 1.442820
v -0.273982 -1.306300 1.442820
v 0.000000 -1.284990 0.304044
v 0.000000 -0.944678 -2.394010
v -0.257974 -0.875275 -2.205190
v 0.000000 -0.806540 -3.134040
v 0.000000 -0.710435 -3.771690
v 0.000000 -0.806540 -3.134040
v -0.129678 -0.636725 -3.755860
v 0.000000 0.723672 -3.781740
v -0.263802 0.620657 -3.271290
v -0.123833 0.827576 -3.291180
v -0.349670 -1.133780 -3.547280
v 0.000000 -0.806540 -3.134040
v -0.458202 -1.439750 -3.567850
v -0.213654 -0.774138 -4.771240
v -0.129678 -0.636725 -3.755860
v -0.349670 -1.133780 -3.547280
v -0.747929 -0.467941 5.038350
v -0.846969 -0.356734 6.767410
v -0.646047 0.060335 6.815670
v -2.144240 -0.259079 8.987930
v -2.184330 -0.357572 8.989980
v -2.109690 -0.276026 9.340770
v -0.417153 -0.985510 -3.459940
v -0.129678 -0.636725 -3.755860
v -0.213654 -0.774138 -4.771240
v -0.257695 -1.021380 -0.944626
v -0.257974 -0.875275 -2.205190
v 0.000000 -1.105620 -0.946909
v -0.442543 -1.473800 -3.500350
v 0.000000 -0.806540 -3.134040
v -0.488824 -1.545220 -3.331690
v -0.230883 -0.036623 8.632160
v -0.428025 -0.230365 9.066660
v -0.301716 -0.351317 9.734110
v -1.972110 -0.272292 9.020240
v -1.285060 -0.368068 9.447650
v -1.286190 -0.310264 9.073880
v -0.349670 -1.133780 -3.547280
v -0.417153 -0.985510 -3.459940
v -0.213654 -0.774138 -4.771240
v -1.340750 -0.470172 8.979820
v -1.285060 -0.368068 9.447650
v -1.973200 -0.469220 8.974880
v -0.506276 -1.575280 -3.696120
v -0.442543 -1.473800 -3.500350
v -0.488824 -1.545220 -3.331690
v -2.112320 -0.384771 8.416130
v -1.972110 -0.272292 9.020240
v -2.017660 -0.413656 8.350060
v -0.417153 -0.985510 -3.459940
v -0.343801 -0.580588 -3.175660
v -0.129678 -0.636725 -3.755860
v -0.442543 -1.473800 -3.500350
v -0.506276 -1.575280 -3.696120
v -0.458202 -1.439750 -3.567850
v -0.165606 1.679090 3.122660
v -0.064773 1.561430 1.462440
v -0.450809 1.166880 2.987090
v -2.184330 -0.357572 8.989980
v -2.112320 -0.384771 8.416130
v -2.132640 -0.463575 8.309160
v -0.322474 -0.518185 9.429120
v 0.000000 -0.479197 9.566410
v -0.301716 -0.351317 9.734110
v -0.813588 -1.293150 -0.795251
v -1.398540 -1.833090 -0.622219
v -0.995135 -1.279260 -0.402795
v -0.555762 -0.368068 9.620180
v -0.581611 -0.471293 9.287190
v -0.301716 -0.351317 9.734110
v -0.323235 -1.062370 -0.278173
v -0.813588 -1.293150 -0.795251
v -0.344769 -1.026270 -1.012980
v -1.304080 -1.286660 4.534100
v -1.137580 -1.437270 5.467510
v -0.727276 -0.785836 5.038350
v -2.654940 -2.570420 3.923490
v -2.557700 -2.698600 4.305270
v -3.375340 -3.259650 3.917120
v -2.551200 -2.741860 4.789530
v -2.557700 -2.698600 4.305270
v -1.137580 -1.437270 5.467510
v -2.184330 -0.357572 8.989980
v -2.132640 -0.463575 8.309160
v -2.162130 -0.464741 8.983160
v -0.491817 -1.456330 -3.500350
v -0.506276 -1.575280 -3.696120
v -0.488824 -1.545220 -3.331690
v -0.185485 -0.279413 -5.448740
v -0.171589 -0.222354 -6.090980
v -0.098159 -0.769718 -6.032080
v -0.257974 -0.875275 -2.205190
v -0.373086 -0.775368 -2.429910
v -0.488824 -1.545220 -3.331690
v -1.017270 -1.457290 0.001686
v -0.323235 -1.062370 -0.278173
v -0.529570 -1.072240 0.248643
v 0.000000 -0.851703 8.613180
v -0.262048 -0.839005 8.613180
v 0.000000 -1.017200 7.918240
v -0.555762 -0.368068 9.620180
v -1.286190 -0.310264 9.073880
v -1.285060 -0.368068 9.447650
v -2.654940 -2.570420 3.923490
v -2.673900 -2.547190 4.373120
v -1.320530 -1.367280 3.830370
v -0.185485 -0.279413 -5.448740
v -0.263802 0.620657 -3.271290
v 0.000000 0.514790 -5.523670
v -1.286190 -0.310264 9.073880
v -2.017660 -0.413656 8.350060
v -1.972110 -0.272292 9.020240
v -0.081783 2.404930 3.507660
v -0.139821 2.254170 3.025480
v -0.132550 1.816250 3.913190
v -0.230883 0.194427 7.918240
v -0.264147 0.588610 6.771360
v -0.646047 0.060335 6.815670
v -0.417153 -0.985510 -3.459940
v -0.373086 -0.775368 -2.429910
v -0.343801 -0.580588 -3.175660
v -0.506276 -1.575280 -3.696120
v -0.491817 -1.456330 -3.500350
v -0.458202 -1.439750 -3.567850
v 0.000000 4.969370 1.647920
v -0.034645 3.902800 2.565780
v 0.000000 3.911430 2.626510
v -0.395346 -0.217861 -3.244520
v -0.343801 -0.580588 -3.175660
v -0.499157 -0.259212 -2.423730
v -2.122470 -0.431863 9.398810
v -2.184330 -0.357572 8.989980
v -2.162130 -0.464741 8.983160
v -0.905938 -0.937475 3.295960
v -0.909116 -0.910300 3.494190
v -0.667902 -0.976786 4.327130
v -1.408680 -1.919610 -0.491211
v -0.823483 -1.458720 -0.388725
v -1.017270 -1.457290 0.001686
v 0.000000 2.453090 3.568390
v -0.081783 2.404930 3.507660
v 0.000000 1.886070 3.998390
v 0.000000 1.886070 3.998390
v -0.132550 1.816250 3.913190
v 0.000000 1.330710 5.103180
v -1.304080 -1.286660 4.534100
v -0.909116 -0.910300 3.494190
v -1.320530 -1.367280 3.830370
v -1.340750 -0.470172 8.979820
v -0.690546 -0.531710 8.712280
v -0.581611 -0.471293 9.287190
v -0.323235 -1.062370 -0.278173
v -0.257695 -1.021380 -0.944626
v 0.000000 -1.203510 -0.283480
v -0.235381 -1.238790 0.355569
v -0.323235 -1.062370 -0.278173
v 0.000000 -1.284990 0.304044
v -0.690546 -0.531710 8.712280
v -0.671724 -0.414566 8.621970
v -0.801193 -0.732363 7.918240
v -0.386383 -1.101860 0.363970
v -0.624381 -0.895461 0.434757
v -0.529570 -1.072240 0.248643
v -0.605332 -0.096558 7.918240
v -0.230883 0.194427 7.918240
v -0.646047 0.060335 6.815670
v -0.529570 -1.072240 0.248643
v -0.323235 -1.062370 -0.278173
v -0.386383 -1.101860 0.363970
v -0.823483 -1.458720 -0.388725
v -0.323235 -1.062370 -0.278173
v -1.017270 -1.457290 0.001686
v -0.813588 -1.293150 -0.795251
v -0.323235 -1.062370 -0.278173
v -0.823483 -1.458720 -0.388725
v -1.314150 -1.910490 -0.616637
v -0.823483 -1.458720 -0.388725
v -1.408680 -1.919610 -0.491211
v -3.290160 -3.349410 4.306840
v -3.476740 -3.424350 4.006650
v -3.375340 -3.259650 3.917120
v -1.314150 -1.910490 -0.616637
v -1.408680 -1.919610 -0.491211
v -1.493050 -2.031430 -0.766026
v -0.813588 -1.293150 -0.795251
v -1.314150 -1.910490 -0.616637
v -1.318030 -1.839210 -0.746929
v -0.344769 -1.026270 -1.012980
v -0.813588 -1.293150 -0.795251
v -0.479920 -0.981056 -1.519120
v -0.572456 -0.817455 -1.028040
v -0.344769 -1.026270 -1.012980
v -0.479920 -0.981056 -1.519120
v -1.314150 -1.910490 -0.616637
v -1.493050 -2.031430 -0.766026
v -1.318030 -1.839210 -0.746929
v -0.102143 1.138660 -3.464960
v -0.067916 0.923707 -4.062210
v -0.123833 0.827576 -3.291180
v -0.578207 -1.078800 -1.388470
v -0.572456 -0.817455 -1.028040
v -0.479920 -0.981056 -1.519120
v -0.813588 -1.293150 -0.795251
v -0.995135 -1.279260 -0.402795
v -0.572456 -0.817455 -1.028040
v 0.000000 1.165260 -0.946258
v 0.000000 1.052120 -2.534270
v -0.146647 0.933768 -2.508960
v -1.203140 -1.467960 4.430760
v -0.568241 -1.127830 4.327130
v -1.137580 -1.437270 5.467510
v -0.905938 -0.937475 3.295960
v -0.667902 -0.976786 4.327130
v -0.568241 -1.127830 4.327130
v -0.909116 -0.910300 3.494190
v -1.304080 -1.286660 4.534100
v -0.727276 -0.785836 5.038350
v -1.314150 -1.910490 -0.616637
v -0.813588 -1.293150 -0.795251
v -0.823483 -1.458720 -0.388725
v -0.343801 -0.580588 -3.175660
v -0.373086 -0.775368 -2.429910
v -0.452417 -0.603087 -2.423730
v -0.813588 -1.293150 -0.795251
v -0.572456 -0.817455 -1.028040
v -0.578207 -1.078800 -1.388470
v -0.579784 -0.725986 -0.965930
v -0.257695 -1.021380 -0.944626
v -0.572456 -0.817455 -1.028040
v -0.428025 -0.230365 9.066660
v -0.230883 -0.036623 8.632160
v -0.494684 -0.178910 8.632160
v 0.000000 1.165260 -0.946258
v -0.330418 0.951855 -0.946723
v 0.000000 1.329990 0.272125
v -0.995135 -1.279260 -0.402795
v -1.017270 -1.457290 0.001686
v -0.529570 -1.072240 0.248643
v -1.318030 -1.839210 -0.746929
v -1.398540 -1.833090 -0.622219
v -0.813588 -1.293150 -0.795251
v -1.972110 -0.272292 9.020240
v -2.112320 -0.384771 8.416130
v -2.144240 -0.259079 8.987930
v -0.624381 -0.895461 0.434757
v -0.731018 -0.391701 0.338918
v -0.579784 -0.725986 -0.965930
v -0.579784 -0.725986 -0.965930
v -0.529570 -1.072240 0.248643
v -0.624381 -0.895461 0.434757
v -2.144240 -0.259079 8.987930
v -2.112320 -0.384771 8.416130
v -2.184330 -0.357572 8.989980
v -1.493050 -2.031430 -0.766026
v -1.398540 -1.833090 -0.622219
v -1.318030 -1.839210 -0.746929
v -1.408680 -1.919610 -0.491211
v -1.398540 -1.833090 -0.622219
v -1.493050 -2.031430 -0.766026
v 0.000000 4.799220 1.444300
v -0.030045 4.879980 1.544350
v 0.000000 5.070240 1.253620
v -1.909540 -0.368068 9.340110
v -2.144240 -0.259079 8.987930
v -2.109690 -0.276026 9.340770
v -0.264147 0.588610 6.771360
v 0.000000 0.846319 6.771360
v -0.398291 1.039960 5.038350
v -0.417153 -0.985510 -3.459940
v -0.491817 -1.456330 -3.500350
v -0.373086 -0.775368 -2.429910
v -0.027354 2.140720 -11.751600
v 0.000000 2.309360 -11.978000
v 0.000000 1.926680 -11.853100
v 0.000000 -1.180410 6.771360
v -0.342277 -1.134090 6.771360
v 0.000000 -1.236900 5.038350
v -0.645206 -0.326839 -0.946723
v -0.731018 -0.391701 0.338918
v -0.330418 0.951855 -0.946723
v -0.018541 2.299540 -11.684500
v 0.000000 2.309360 -11.978000
v -0.027354 2.140720 -11.751600
v -0.230883 0.194427 7.918240
v 0.000000 0.414933 7.918240
v -0.264147 0.588610 6.771360
v 0.000000 -1.017200 7.918240
v -0.289298 -0.993459 7.918240
v 0.000000 -1.180410 6.771360
v -0.398291 1.039960 5.038350
v -0.646047 0.060335 6.815670
v -0.264147 0.588610 6.771360
v -0.245355 -0.763450 8.932350
v -0.243639 -0.642675 8.709450
v -0.505889 -0.766760 8.613180
v 0.000000 3.469150 1.862610
v -0.078368 3.756910 2.334830
v 0.000000 4.799220 1.444300
v 0.000000 -0.621380 8.760380
v -0.243639 -0.642675 8.709450
v 0.000000 -0.752525 9.007280
v -2.162130 -0.464741 8.983160
v -2.132640 -0.463575 8.309160
v -1.973200 -0.469220 8.974880
v 0.000000 5.122510 1.396030
v 0.000000 5.127640 1.270130
v 0.000000 4.969370 1.647920
v -0.322474 -0.518185 9.429120
v -0.505889 -0.766760 8.613180
v -0.241924 -0.714485 8.992810
v -0.262048 -0.839005 8.613180
v -0.245355 -0.763450 8.932350
v -0.505889 -0.766760 8.613180
v -0.790219 -0.442715 1.442820
v -0.667902 -1.019270 1.442820
v -0.790219 -0.467266 2.860390
v 0.000000 -0.752525 9.007280
v -0.245355 -0.763450 8.932350
v 0.000000 -0.851703 8.613180
v -0.373086 -0.775368 -2.429910
v -0.257974 -0.875275 -2.205190
v -0.257695 -1.021380 -0.944626
v -0.274939 0.752971 -2.392760
v 0.000000 1.165260 -0.946258
v -0.146647 0.933768 -2.508960
v -3.390330 -3.248150 4.125950
v -3.290160 -3.349410 4.306840
v -2.673900 -2.547190 4.373120
v -1.340750 -0.470172 8.979820
v -1.342330 -0.414566 8.655730
v -0.690546 -0.531710 8.712280
v -0.790219 -0.442715 1.442820
v -0.450809 1.166880 2.987090
v -0.436154 1.147720 1.462440
v 0.000000 -0.705562 9.066660
v -0.241924 -0.714485 8.992810
v 0.000000 -0.621380 8.760380
v -0.376887 1.076250 0.272312
v -0.436154 1.147720 1.462440
v 0.000000 1.329990 0.272125
v 0.000000 1.971280 1.863420
v -0.139821 2.254170 3.025480
v 0.000000 3.469150 1.862610
v -2.162130 -0.464741 8.983160
v -1.973200 -0.469220 8.974880
v -2.122470 -0.431863 9.398810
v -0.667902 -1.019270 1.442820
v -0.273982 -1.306300 1.442820
v -0.667902 -1.020760 2.860390
v -3.375340 -3.259650 3.917120
v -3.390330 -3.248150 4.125950
v -2.654940 -2.570420 3.923490
v -0.419969 0.946469 5.038350
v -0.646047 0.060335 6.815670
v -0.398291 1.039960 5.038350
v -0.274939 0.752971 -2.392760
v -0.146647 0.933768 -2.508960
v -0.263802 0.620657 -3.271290
v -2.144240 -0.259079 8.987930
v -1.909540 -0.368068 9.340110
v -1.972110 -0.272292 9.020240
v -0.030045 4.879980 1.544350
v -0.078368 3.756910 2.334830
v 0.000000 4.969370 1.647920
v -0.185485 -0.279413 -5.448740
v 0.000000 -0.637696 -5.295510
v -0.129678 -0.636725 -3.755860
v -0.671724 -0.414566 8.621970
v -0.494684 -0.178910 8.632160
v -0.782371 -0.411771 7.918240
v -2.673900 -2.547190 4.373120
v -2.551200 -2.741860 4.789530
v -1.304080 -1.286660 4.534100
v -0.273982 -1.306300 1.442820
v 0.000000 -1.323030 1.442820
v -0.273982 -1.307790 2.860390
v 0.000000 1.211900 -2.846880
v -0.146647 0.933768 -2.508960
v 0.000000 1.052120 -2.534270
v -0.274939 0.752971 -2.392760
v -0.263802 0.620657 -3.271290
v -0.499157 -0.259212 -2.423730
v -0.274939 0.752971 -2.392760
v -0.499157 -0.259212 -2.423730
v -0.330418 0.951855 -0.946723
v -0.667902 -1.020760 2.860390
v -0.568241 -1.127830 4.327130
v -0.667902 -0.976786 4.327130
v -0.846969 -0.356734 6.767410
v -0.747929 -0.467941 5.038350
v -0.813701 -0.800962 6.764820
v -0.813701 -0.800962 6.764820
v -0.801193 -0.732363 7.918240
v -0.846969 -0.356734 6.767410
v -0.639017 -1.029180 6.822330
v -0.614890 -0.921363 7.918240
v -0.813701 -0.800962 6.764820
v -0.846969 -0.356734 6.767410
v -0.782371 -0.411771 7.918240
v -0.646047 0.060335 6.815670
v -0.488824 -1.545220 -3.331690
v -0.373086 -0.775368 -2.429910
v -0.491817 -1.456330 -3.500350
v -0.067916 0.923707 -4.062210
v -0.102143 1.138660 -3.464960
v 0.000000 1.141140 -4.052120
v -0.747929 -0.467941 5.038350
v -0.419969 0.946469 5.038350
v -0.790219 -0.467266 2.860390
v -0.386383 -1.101860 0.363970
v -0.667902 -1.019270 1.442820
v -0.624381 -0.895461 0.434757
v -0.386383 -1.101860 0.363970
v -0.235381 -1.238790 0.355569
v -0.667902 -1.019270 1.442820
v 0.000000 1.608240 1.389370
v 0.000000 1.329990 0.272125
v -0.064773 1.561430 1.462440
v -0.322474 -0.518185 9.429120
v -0.581611 -0.471293 9.287190
v -0.505889 -0.766760 8.613180
v -3.375340 -3.259650 3.917120
v -2.557700 -2.698600 4.305270
v -3.290160 -3.349410 4.306840
v -0.494684 -0.178910 8.632160
v -0.230883 -0.036623 8.632160
v -0.605332 -0.096558 7.918240
v -0.436154 1.147720 1.462440
v -0.731018 -0.391701 0.338918
v -0.790219 -0.442715 1.442820
v -3.290160 -3.349410 4.306840
v -2.557700 -2.698600 4.305270
v -2.551200 -2.741860 4.789530
v -0.813701 -0.800962 6.764820
v -0.727276 -0.785836 5.038350
v -0.639017 -1.029180 6.822330
v -1.203140 -1.467960 4.430760
v -2.557700 -2.698600 4.305270
v -1.320530 -1.367280 3.830370
v -0.323235 -1.062370 -0.278173
v -0.235381 -1.238790 0.355569
v -0.386383 -1.101860 0.363970
v -0.568241 -1.127830 4.327130
v -1.320530 -1.367280 3.830370
v -0.905938 -0.937475 3.295960
v -0.568241 -1.127830 4.327130
v -1.203140 -1.467960 4.430760
v -1.320530 -1.367280 3.830370
v -0.541612 -0.282923 9.066660
v -0.428025 -0.230365 9.066660
v -0.671724 -0.414566 8.621970
v -0.323235 -1.062370 -0.278173
v -0.344769 -1.026270 -1.012980
v -0.257695 -1.021380 -0.944626
v 0.000000 1.896500 -4.213040
v 0.000000 1.661610 -4.171130
v -0.055794 1.745060 -3.943750
v 0.000000 0.047358 8.632160
v -0.230883 -0.036623 8.632160
v 0.000000 -0.353946 9.765350
v 0.000000 -0.806540 -3.134040
v -0.349670 -1.133780 -3.547280
v -0.129678 -0.636725 -3.755860
v -0.132550 1.816250 3.913190
v -0.450809 1.166880 2.987090
v -0.398291 1.039960 5.038350
v -2.112320 -0.384771 8.416130
v -2.017660 -0.413656 8.350060
v -2.132640 -0.463575 8.309160
v -0.499157 -0.259212 -2.423730
v -0.452417 -0.603087 -2.423730
v -0.645206 -0.326839 -0.946723
v -0.452417 -0.603087 -2.423730
v -0.373086 -0.775368 -2.429910
v -0.579784 -0.725986 -0.965930
v -0.098159 -0.769718 -6.032080
v 0.000000 -1.448400 -6.024290
v 0.000000 -1.003610 -5.563840
v -0.018541 2.299540 -11.684500
v 0.000000 1.986640 -11.553200
v -0.034452 2.016000 -11.178600
v 0.000000 -2.299080 -7.750440
v -0.041946 -2.232890 -7.576210
v 0.000000 -2.132200 -7.641290
v -1.342330 -0.414566 8.655730
v -0.541612 -0.282923 9.066660
v -0.671724 -0.414566 8.621970
v -1.137580 -1.437270 5.467510
v -0.568241 -1.127830 4.327130
v -0.563936 -1.005390 5.878620
v -0.230883 -0.036623 8.632160
v 0.000000 0.047358 8.632160
v -0.230883 0.194427 7.918240
v -0.505889 -0.766760 8.613180
v -0.243639 -0.642675 8.709450
v -0.241924 -0.714485 8.992810
v -0.505889 -0.766760 8.613180
v -0.614890 -0.921363 7.918240
v -0.262048 -0.839005 8.613180
v -0.614890 -0.921363 7.918240
v -0.639017 -1.029180 6.822330
v -0.289298 -0.993459 7.918240
v -0.639017 -1.029180 6.822330
v -0.563936 -1.005390 5.878620
v -0.342277 -1.134090 6.771360
v -0.563936 -1.005390 5.878620
v -0.568241 -1.127830 4.327130
v -0.297983 -1.188940 5.275420
v -0.541612 -0.282923 9.066660
v -0.555762 -0.368068 9.620180
v -0.428025 -0.230365 9.066660
v -0.690546 -0.531710 8.712280
v -1.342330 -0.414566 8.655730
v -0.671724 -0.414566 8.621970
v -0.541612 -0.282923 9.066660
v -1.342330 -0.414566 8.655730
v -1.286190 -0.310264 9.073880
v -2.017660 -0.413656 8.350060
v -1.286190 -0.310264 9.073880
v -1.342330 -0.414566 8.655730
v -1.285060 -0.368068 9.447650
v -1.972110 -0.272292 9.020240
v -1.909540 -0.368068 9.340110
v -1.286190 -0.310264 9.073880
v -0.555762 -0.368068 9.620180
v -0.541612 -0.282923 9.066660
v -1.017270 -1.457290 0.001686
v -1.398540 -1.833090 -0.622219
v -1.408680 -1.919610 -0.491211
v -2.109690 -0.276026 9.340770
v -2.184330 -0.357572 8.989980
v -2.122470 -0.431863 9.398810
v 0.000000 -0.835848 -6.932810
v -0.098159 -0.769718 -6.032080
v 0.000000 -0.380107 -7.184150
v -0.790219 -0.467266 2.860390
v -0.419969 0.946469 5.038350
v -0.450809 1.166880 2.987090
v -0.450809 1.166880 2.987090
v -0.132550 1.816250 3.913190
v -0.165606 1.679090 3.122660
v -0.450809 1.166880 2.987090
v -0.790219 -0.442715 1.442820
v -0.790219 -0.467266 2.860390
v -0.790219 -0.442715 1.442820
v -0.624381 -0.895461 0.434757
v -0.667902 -1.019270 1.442820
v -0.731018 -0.391701 0.338918
v -0.436154 1.147720 1.462440
v -0.376887 1.076250 0.272312
v -0.813701 -0.800962 6.764820
v -0.747929 -0.467941 5.038350
v -0.727276 -0.785836 5.038350
v -0.297983 -1.188940 5.275420
v 0.000000 -1.324520 2.860390
v 0.000000 -1.236900 5.038350
v -0.568241 -1.127830 4.327130
v -0.273982 -1.307790 2.860390
v -0.297983 -1.188940 5.275420
v 0.000000 1.986640 -11.553200
v -0.090463 0.854894 -8.600610
v -0.034452 2.016000 -11.178600
v -0.129678 -0.636725 -3.755860
v -0.395346 -0.217861 -3.244520
v -0.185485 -0.279413 -5.448740
v -0.667902 -1.020760 2.860390
v -0.747929 -0.467941 5.038350
v -0.790219 -0.467266 2.860390
v -0.667902 -1.020760 2.860390
v -0.727276 -0.785836 5.038350
v -0.747929 -0.467941 5.038350
v 0.000000 1.211900 -2.846880
v -0.055794 1.745060 -3.943750
v -0.102143 1.138660 -3.464960
v -0.185485 -0.279413 -5.448740
v 0.000000 0.798058 -6.058120
v -0.171589 -0.222354 -6.090980
v 0.000000 1.661610 -4.171130
v -0.102143 1.138660 -3.464960
v -0.055794 1.745060 -3.943750
v -0.090463 0.854894 -8.600610
v 0.000000 0.798058 -6.058120
v 0.000000 1.576510 -8.223760
v 0.000000 -1.003610 -5.563840
v -0.185485 -0.279413 -5.448740
v -0.098159 -0.769718 -6.032080
v -0.098159 -0.769718 -6.032080
v -0.131673 0.026489 -6.747190
v 0.000000 -0.380107 -7.184150
v -0.059580 -1.163790 -6.474640
v 0.000000 -2.231490 -7.104780
v 0.000000 -1.448400 -6.024290
v 0.000000 0.504223 -8.783740
v -0.131673 0.026489 -6.747190
v -0.090463 0.854894 -8.600610
v -0.059580 -1.163790 -6.474640
v 0.000000 -1.856990 -7.459300
v -0.041946 -2.044240 -7.274370
v 0.000000 2.336140 -10.726000
v -0.018541 2.299540 -11.684500
v -0.034452 2.016000 -11.178600
v 0.000000 1.576510 -8.223760
v -0.034452 2.016000 -11.178600
v -0.090463 0.854894 -8.600610
v -0.102143 1.138660 -3.464960
v -0.146647 0.933768 -2.508960
v 0.000000 1.211900 -2.846880
v 0.000000 -1.856990 -7.459300
v -0.041946 -2.232890 -7.576210
v -0.041946 -2.044240 -7.274370
v 0.000000 -2.344780 -7.526470
v -0.041946 -2.044240 -7.274370
v -0.041946 -2.232890 -7.576210
v -0.614890 -0.921363 7.918240
v -0.690546 -0.531710 8.712280
v -0.801193 -0.732363 7.918240
v -1.340750 -0.470172 8.979820
v -2.017660 -0.413656 8.350060
v -1.342330 -0.414566 8.655730
v -0.555762 -0.368068 9.620180
v -1.340750 -0.470172 8.979820
v -0.581611 -0.471293 9.287190
v 0.000000 1.971280 1.863420
v -0.165606 1.679090 3.122660
v -0.139821 2.254170 3.025480
v 0.000000 2.453090 3.568390
v -0.034645 3.902800 2.565780
v -0.081783 2.404930 3.507660
v -0.034645 3.902800 2.565780
v -0.139821 2.254170 3.025480
v -0.081783 2.404930 3.507660
v -0.322474 -0.518185 9.429120
v 0.000000 -0.705562 9.066660
v 0.000000 -0.479197 9.566410
v 0.000000 -1.284990 0.304044
v -0.273982 -1.306300 1.442820
v -0.235381 -1.238790 0.355569
v -0.458202 -1.439750 -3.567850
v 0.000000 -0.806540 -3.134040
v -0.442543 -1.473800 -3.500350
v 0.000000 -1.105620 -0.946909
v -0.257974 -0.875275 -2.205190
v 0.000000 -0.944678 -2.394010
v -0.488824 -1.545220 -3.331690
v 0.000000 -0.806540 -3.134040
v -0.257974 -0.875275 -2.205190
v -1.973200 -0.469220 8.974880
v -1.285060 -0.368068 9.447650
v -1.909540 -0.368068 9.340110
v -0.450809 1.166880 2.987090
v -0.064773 1.561430 1.462440
v -0.436154 1.147720 1.462440
v -0.301716 -0.351317 9.734110
v 0.000000 -0.479197 9.566410
v 0.000000 -0.353946 9.765350
v -0.301716 -0.351317 9.734110
v -0.581611 -0.471293 9.287190
v -0.322474 -0.518185 9.429120
v -0.727276 -0.785836 5.038350
v -1.137580 -1.437270 5.467510
v -0.563936 -1.005390 5.878620
v -1.137580 -1.437270 5.467510
v -2.557700 -2.698600 4.305270
v -1.203140 -1.467960 4.430760
v 0.000000 -1.017200 7.918240
v -0.262048 -0.839005 8.613180
v -0.289298 -0.993459 7.918240
v -1.320530 -1.367280 3.830370
v -2.673900 -2.547190 4.373120
v -1.304080 -1.286660 4.534100
v 0.000000 0.514790 -5.523670
v -0.263802 0.620657 -3.271290
v 0.000000 0.723672 -3.781740
v -0.132550 1.816250 3.913190
v -0.139821 2.254170 3.025480
v -0.165606 1.679090 3.122660
v -0.499157 -0.259212 -2.423730
v -0.343801 -0.580588 -3.175660
v -0.452417 -0.603087 -2.423730
v -0.667902 -0.976786 4.327130
v -0.909116 -0.910300 3.494190
v -0.727276 -0.785836 5.038350
v 0.000000 1.886070 3.998390
v -0.081783 2.404930 3.507660
v -0.132550 1.816250 3.913190
v 0.000000 1.330710 5.103180
v -0.132550 1.816250 3.913190
v -0.398291 1.039960 5.038350
v -1.320530 -1.367280 3.830370
v -0.909116 -0.910300 3.494190
v -0.905938 -0.937475 3.295960
v 0.000000 -1.203510 -0.283480
v -0.257695 -1.021380 -0.944626
v 0.000000 -1.105620 -0.946909
v 0.000000 -1.284990 0.304044
v -0.323235 -1.062370 -0.278173
v 0.000000 -1.203510 -0.283480
v -0.801193 -0.732363 7.918240
v -0.671724 -0.414566 8.621970
v -0.782371 -0.411771 7.918240
v -0.479920 -0.981056 -1.519120
v -0.813588 -1.293150 -0.795251
v -0.578207 -1.078800 -1.388470
v -0.123833 0.827576 -3.291180
v -0.067916 0.923707 -4.062210
v 0.000000 0.723672 -3.781740
v -0.572456 -0.817455 -1.028040
v -0.257695 -1.021380 -0.944626
v -0.344769 -1.026270 -1.012980
v 0.000000 1.329990 0.272125
v -0.330418 0.951855 -0.946723
v -0.376887 1.076250 0.272312
v -0.579784 -0.725986 -0.965930
v -0.731018 -0.391701 0.338918
v -0.645206 -0.326839 -0.946723
v -0.398291 1.039960 5.038350
v 0.000000 0.846319 6.771360
v 0.000000 1.330710 5.103180
v 0.000000 -1.236900 5.038350
v -0.342277 -1.134090 6.771360
v -0.297983 -1.188940 5.275420
v -0.330418 0.951855 -0.946723
v -0.731018 -0.391701 0.338918
v -0.376887 1.076250 0.272312
v -0.264147 0.588610 6.771360
v 0.000000 0.414933 7.918240
v 0.000000 0.846319 6.771360
v 0.000000 -1.180410 6.771360
v -0.289298 -0.993459 7.918240
v -0.342277 -1.134090 6.771360
v 0.000000 4.799220 1.444300
v -0.078368 3.756910 2.334830
v -0.030045 4.879980 1.544350
v 0.000000 -0.752525 9.007280
v -0.243639 -0.642675 8.709450
v -0.245355 -0.763450 8.932350
v -1.973200 -0.469220 8.974880
v -2.132640 -0.463575 8.309160
v -2.017660 -0.413656 8.350060
v 0.000000 4.969370 1.647920
v 0.000000 5.127640 1.270130
v -0.030045 4.879980 1.544350
v -0.790219 -0.467266 2.860390
v -0.667902 -1.019270 1.442820
v -0.667902 -1.020760 2.860390
v 0.000000 -0.851703 8.613180
v -0.245355 -0.763450 8.932350
v -0.262048 -0.839005 8.613180
v -2.673900 -2.547190 4.373120
v -3.290160 -3.349410 4.306840
v -2.551200 -2.741860 4.789530
v 0.000000 -0.621380 8.760380
v -0.241924 -0.714485 8.992810
v -0.243639 -0.642675 8.709450
v 0.000000 1.329990 0.272125
v -0.436154 1.147720 1.462440
v -0.064773 1.561430 1.462440
v 0.000000 3.469150 1.862610
v -0.139821 2.254170 3.025480
v -0.078368 3.756910 2.334830
v -2.122470 -0.431863 9.398810
v -1.973200 -0.469220 8.974880
v -1.909540 -0.368068 9.340110
v -0.667902 -1.020760 2.860390
v -0.273982 -1.306300 1.442820
v -0.273982 -1.307790 2.860390
v -2.654940 -2.570420 3.923490
v -3.390330 -3.248150 4.125950
v -2.673900 -2.547190 4.373120
v -0.646047 0.060335 6.815670
v -0.419969 0.946469 5.038350
v -0.747929 -0.467941 5.038350
v -0.263802 0.620657 -3.271290
v -0.146647 0.933768 -2.508960
v -0.123833 0.827576 -3.291180
v 0.000000 4.969370 1.647920
v -0.078368 3.756910 2.334830
v -0.034645 3.902800 2.565780
v -0.129678 -0.636725 -3.755860
v 0.000000 -0.637696 -5.295510
v 0.000000 -0.710435 -3.771690
v -0.782371 -0.411771 7.918240
v -0.494684 -0.178910 8.632160
v -0.605332 -0.096558 7.918240
v -1.304080 -1.286660 4.534100
v -2.551200 -2.741860 4.789530
v -1.137580 -1.437270 5.467510
v -0.273982 -1.307790 2.860390
v 0.000000 -1.323030 1.442820
v 0.000000 -1.324520 2.860390
v -0.499157 -0.259212 -2.423730
v -0.263802 0.620657 -3.271290
v -0.395346 -0.217861 -3.244520
v -0.330418 0.951855 -0.946723
v -0.499157 -0.259212 -2.423730
v -0.645206 -0.326839 -0.946723
v -0.846969 -0.356734 6.767410
v -0.801193 -0.732363 7.918240
v -0.782371 -0.411771 7.918240
v -0.813701 -0.800962 6.764820
v -0.614890 -0.921363 7.918240
v -0.801193 -0.732363 7.918240
v -0.646047 0.060335 6.815670
v -0.782371 -0.411771 7.918240
v -0.605332 -0.096558 7.918240
v -0.667902 -1.019270 1.442820
v -0.235381 -1.238790 0.355569
v -0.273982 -1.306300 1.442820
v -0.505889 -0.766760 8.613180
v -0.581611 -0.471293 9.287190
v -0.690546 -0.531710 8.712280
v -0.605332 -0.096558 7.918240
v -0.230883 -0.036623 8.632160
v -0.230883 0.194427 7.918240
v -0.639017 -1.029180 6.822330
v -0.727276 -0.785836 5.038350
v -0.563936 -1.005390 5.878620
v -1.320530 -1.367280 3.830370
v -2.557700 -2.698600 4.305270
v -2.654940 -2.570420 3.923490
v -0.671724 -0.414566 8.621970
v -0.428025 -0.230365 9.066660
v -0.494684 -0.178910 8.632160
v 0.000000 -0.353946 9.765350
v -0.230883 -0.036623 8.632160
v -0.301716 -0.351317 9.734110
v -0.645206 -0.326839 -0.946723
v -0.452417 -0.603087 -2.423730
v -0.579784 -0.725986 -0.965930
v -0.579784 -0.725986 -0.965930
v -0.373086 -0.775368 -2.429910
v -0.257695 -1.021380 -0.944626
v -0.230883 0.194427 7.918240
v 0.000000 0.047358 8.632160
v 0.000000 0.414933 7.918240
v -0.262048 -0.839005 8.613180
v -0.614890 -0.921363 7.918240
v -0.289298 -0.993459 7.918240
v -0.289298 -0.993459 7.918240
v -0.639017 -1.029180 6.822330
v -0.342277 -1.134090 6.771360
v -0.342277 -1.134090 6.771360
v -0.563936 -1.005390 5.878620
v -0.297983 -1.188940 5.275420
v -0.428025 -0.230365 9.066660
v -0.555762 -0.368068 9.620180
v -0.301716 -0.351317 9.734110
v -0.450809 1.166880 2.987090
v -0.419969 0.946469 5.038350
v -0.398291 1.039960 5.038350
v 2.190030 -0.350407 9.077850
v 2.188270 -0.288635 9.138930
v 2.210310 -0.360970 9.150920
v 2.141700 -0.347172 9.047580
v 2.116460 -0.259829 9.132800
v 2.188270 -0.288635 9.138930
v 2.190030 -0.350407 9.077850
v 2.116460 -0.259829 9.132800
v 2.140780 -0.314938 9.243780
v 2.189380 -0.327615 9.216580
v 2.188270 -0.288635 9.138930
v 2.188270 -0.288635 9.138930
v 2.189380 -0.327615 9.216580
v 2.210310 -0.360970 9.150920
v 2.192230 -0.427564 9.117750
v 2.190030 -0.350407 9.077850
v 2.210310 -0.360970 9.150920
v 2.144810 -0.456288 9.104010
v 2.141700 -0.347172 9.047580
v 2.190030 -0.350407 9.077850
v 2.192230 -0.427564 9.117750
v 2.140780 -0.314938 9.243780
v 2.144240 -0.436366 9.225260
v 2.191830 -0.413477 9.203490
v 2.189380 -0.327615 9.216580
v 2.189380 -0.327615 9.216580
v 2.191830 -0.413477 9.203490
v 2.210310 -0.360970 9.150920
v 2.191830 -0.413477 9.203490
v 2.192230 -0.427564 9.117750
v 2.210310 -0.360970 9.150920
v 2.144240 -0.436366 9.225260
v 2.144810 -0.456288 9.104010
v 2.192230 -0.427564 9.117750
v 2.191830 -0.413477 9.203490
v -2.210310 -0.360970 9.150920
v -2.188270 -0.288635 9.138930
v -2.190030 -0.350407 9.077850
v -2.190030 -0.350407 9.077850
v -2.188270 -0.288635 9.138930
v -2.116460 -0.259829 9.132800
v -2.141700 -0.347172 9.047580
v -2.188270 -0.288635 9.138930
v -2.189380 -0.327615 9.216580
v -2.140780 -0.314938 9.243780
v -2.116460 -0.259829 9.132800
v -2.210310 -0.360970 9.150920
v -2.189380 -0.327615 9.216580
v -2.188270 -0.288635 9.138930
v -2.210310 -0.360970 9.150920
v -2.190030 -0.350407 9.077850
v -2.192230 -0.427564 9.117750
v -2.192230 -0.427564 9.117750
v -2.190030 -0.350407 9.077850
v -2.141700 -0.347172 9.047580
v -2.144810 -0.456288 9.104010
v -2.189380 -0.327615 9.216580
v -2.191830 -0.413477 9.203490
v -2.144240 -0.436366 9.225260
v -2.140780 -0.314938 9.243780
v -2.210310 -0.360970 9.150920
v -2.191830 -0.413477 9.203490
v -2.189380 -0.327615 9.216580
v -2.210310 -0.360970 9.150920
v -2.192230 -0.427564 9.117750
v -2.191830 -0.413477 9.203490
v -2.191830 -0.413477 9.203490
v -2.192230 -0.427564 9.117750
v -2.144810 -0.456288 9.104010
v -2.144240 -0.436366 9.225260
vn 0.201752 -0.481240 0.853056
vn 0.014477 -0.459804 0.887902
vn 0.014477 -0.459804 0.887902
vn 0.036446 -0.729795 0.682694
vn 0.223056 -0.736965 0.638067
vn 0.223056 -0.736965 0.638067
vn -0.194226 0.662526 -0.723419
vn -0.194226 0.662526 -0.723419
vn -0.194226 0.662526 -0.723419
vn 0.670336 -0.517839 0.531501
vn 0.670336 -0.517839 0.531501
vn 0.528518 -0.533708 0.660170
vn -0.090036 0.645210 -0.758682
vn -0.287506 0.681057 -0.673426
vn -0.287506 0.681057 -0.673426
vn -0.471307 0.684520 -0.556149
vn -0.287506 0.681057 -0.673426
vn -0.287506 0.681057 -0.673426
vn 0.350577 -0.527839 0.773616
vn 0.350577 -0.527839 0.773616
vn 0.174889 -0.502006 0.846997
vn -0.438020 0.722426 -0.535013
vn -0.253958 0.717518 -0.648593
vn -0.253958 0.717518 -0.648593
vn -0.058011 0.679028 -0.731817
vn -0.253958 0.717518 -0.648593
vn -0.253958 0.717518 -0.648593
vn 0.356420 -0.502230 0.787864
vn 0.356420 -0.502230 0.787864
vn 0.182600 -0.471648 0.862674
vn 0.057642 0.649384 -0.758273
vn -0.155625 0.673283 -0.722822
vn -0.155625 0.673283 -0.722822
vn -0.361530 0.665328 -0.653173
vn -0.155625 0.673283 -0.722822
vn -0.155625 0.673283 -0.722822
vn 0.188819 -0.493139 0.849212
vn 0.188819 -0.493139 0.849212
vn -0.000464 -0.478622 0.878021
vn -0.240809 0.662727 -0.709087
vn -0.240809 0.662727 -0.709087
vn -0.240809 0.662727 -0.709087
vn -0.441883 0.631380 -0.637258
vn -0.441883 0.631380 -0.637258
vn -0.441883 0.631380 -0.637258
vn 0.014477 -0.459804 0.887902
vn 0.014477 -0.459804 0.887902
vn -0.173329 -0.421473 0.890122
vn -0.442702 0.638353 -0.629698
vn -0.442702 0.638353 -0.629698
vn -0.442702 0.638353 -0.629698
vn -0.516022 0.640741 -0.568482
vn -0.516022 0.640741 -0.568482
vn -0.516022 0.640741 -0.568482
vn 0.462897 -0.706317 0.535577
vn 0.462897 -0.706317 0.535577
vn 0.579179 -0.719524 0.383193
vn 0.007663 0.569611 -0.821878
vn 0.007663 0.569611 -0.821878
vn 0.007663 0.569611 -0.821878
vn -0.171871 0.580938 -0.795595
vn -0.171871 0.580938 -0.795595
vn -0.171871 0.580938 -0.795595
vn 0.417286 -0.704834 0.573656
vn 0.417286 -0.704834 0.573656
vn 0.572920 -0.674933 0.465003
vn -0.313598 0.609249 -0.728335
vn -0.313598 0.609249 -0.728335
vn -0.313598 0.609249 -0.728335
vn -0.320333 0.602051 -0.731384
vn -0.320333 0.602051 -0.731384
vn -0.320333 0.602051 -0.731384
vn 0.404878 -0.725713 0.556250
vn 0.404878 -0.725713 0.556250
vn 0.562452 -0.692081 0.452406
vn -0.640837 0.592028 -0.488702
vn -0.640837 0.592028 -0.488702
vn -0.640837 0.592028 -0.488702
vn 0.193898 -0.752237 0.629717
vn 0.193898 -0.752237 0.629717
vn 0.377509 -0.709772 0.594736
vn 0.223056 -0.736965 0.638067
vn 0.223056 -0.736965 0.638067
vn 0.401443 -0.716965 0.569917
vn -0.194226 0.662526 -0.723419
vn -0.194226 0.662526 -0.723419
vn -0.194226 0.662526 -0.723419
vn -0.240809 0.662727 -0.709087
vn -0.240809 0.662727 -0.709087
vn -0.240809 0.662727 -0.709087
vn 0.193898 -0.752237 0.629717
vn 0.193898 -0.752237 0.629717
vn 0.377509 -0.709772 0.594736
vn 0.232426 -0.732679 0.639656
vn 0.404878 -0.725713 0.556250
vn 0.404878 -0.725713 0.556250
vn -0.441884 0.631380 -0.637258
vn -0.441884 0.631380 -0.637258
vn -0.441884 0.631380 -0.637258
vn -0.442702 0.638353 -0.629698
vn -0.442702 0.638353 -0.629698
vn -0.442702 0.638353 -0.629698
vn 0.246245 -0.708711 0.661129
vn 0.417286 -0.704834 0.573656
vn 0.417286 -0.704834 0.573656
vn -0.516022 0.640741 -0.568482
vn -0.516022 0.640741 -0.568482
vn -0.516022 0.640741 -0.568482
vn 0.007171 0.569439 -0.822003
vn 0.007171 0.569439 -0.822003
vn 0.007171 0.569439 -0.822003
vn 0.670336 -0.517839 0.531501
vn 0.670336 -0.517839 0.531501
vn 0.528518 -0.533708 0.660170
vn -0.640837 0.592028 -0.488702
vn -0.640837 0.592028 -0.488702
vn -0.640837 0.592028 -0.488702
vn 0.036446 -0.729795 0.682694
vn 0.223056 -0.736964 0.638067
vn 0.223056 -0.736964 0.638067
vn 0.350577 -0.527839 0.773616
vn 0.350577 -0.527839 0.773616
vn 0.174889 -0.502006 0.846997
vn 0.003162 -0.767064 0.641563
vn 0.193898 -0.752237 0.629717
vn 0.193898 -0.752237 0.629717
vn 0.371141 -0.489474 0.789095
vn 0.188819 -0.493139 0.849212
vn 0.188819 -0.493139 0.849212
vn 0.356420 -0.502230 0.787864
vn 0.356420 -0.502230 0.787864
vn 0.182600 -0.471648 0.862673
vn 0.118977 -0.519778 0.845976
vn -0.183404 -0.343447 0.921090
vn 0.000000 -0.349373 0.936984
vn 0.371141 -0.489474 0.789095
vn 0.188819 -0.493139 0.849212
vn 0.188819 -0.493139 0.849212
vn 0.188819 -0.493139 0.849212
vn 0.188819 -0.493139 0.849212
vn -0.000464 -0.478622 0.878021
vn 0.232426 -0.732679 0.639656
vn 0.404878 -0.725713 0.556250
vn 0.404878 -0.725713 0.556250
vn 0.517144 -0.514357 0.684105
vn 0.356420 -0.502230 0.787864
vn 0.356420 -0.502230 0.787864
vn 0.000000 -0.349373 0.936984
vn -0.183404 -0.343447 0.921090
vn 0.000000 -0.138820 0.990318
vn 0.517144 -0.514357 0.684105
vn 0.356420 -0.502230 0.787864
vn 0.356420 -0.502230 0.787864
vn 0.513323 -0.534185 0.671674
vn 0.350577 -0.527839 0.773616
vn 0.350577 -0.527839 0.773616
vn 0.462897 -0.706317 0.535577
vn 0.462897 -0.706317 0.535577
vn 0.579179 -0.719524 0.383193
vn 0.246245 -0.708711 0.661129
vn 0.417286 -0.704834 0.573656
vn 0.417286 -0.704834 0.573656
vn 0.513323 -0.534185 0.671674
vn 0.350577 -0.527839 0.773616
vn 0.350577 -0.527839 0.773616
vn 0.417286 -0.704834 0.573656
vn 0.417286 -0.704834 0.573656
vn 0.572920 -0.674933 0.465003
vn 0.787405 -0.482850 0.383209
vn 0.670336 -0.517839 0.531501
vn 0.670336 -0.517839 0.531501
vn 0.787405 -0.482850 0.383209
vn 0.670336 -0.517839 0.531501
vn 0.670336 -0.517839 0.531501
vn 0.404878 -0.725713 0.556250
vn 0.404878 -0.725713 0.556250
vn 0.562452 -0.692081 0.452406
vn 0.003162 -0.767064 0.641563
vn 0.193898 -0.752237 0.629717
vn 0.193898 -0.752237 0.629717
vn 0.223056 -0.736964 0.638067
vn 0.223056 -0.736964 0.638067
vn 0.401443 -0.716965 0.569917
vn 0.329527 -0.667035 0.668189
vn 0.462897 -0.706317 0.535577
vn 0.462897 -0.706317 0.535577
vn 0.329527 -0.667035 0.668189
vn 0.462897 -0.706317 0.535577
vn 0.462897 -0.706317 0.535577
vn -0.014477 -0.459804 0.887902
vn -0.014477 -0.459804 0.887902
vn -0.201752 -0.481240 0.853056
vn -0.223056 -0.736965 0.638067
vn -0.223056 -0.736965 0.638067
vn -0.036446 -0.729795 0.682694
vn 0.194226 0.662526 -0.723419
vn 0.194226 0.662526 -0.723419
vn 0.194226 0.662526 -0.723419
vn -0.528518 -0.533708 0.660170
vn -0.670336 -0.517839 0.531501
vn -0.670336 -0.517839 0.531501
vn 0.287506 0.681057 -0.673426
vn 0.287506 0.681057 -0.673426
vn 0.090036 0.645210 -0.758682
vn 0.287506 0.681057 -0.673426
vn 0.287506 0.681057 -0.673426
vn 0.471307 0.684520 -0.556149
vn -0.174889 -0.502006 0.846997
vn -0.350577 -0.527839 0.773616
vn -0.350577 -0.527839 0.773616
vn 0.253958 0.717518 -0.648593
vn 0.253958 0.717518 -0.648593
vn 0.438020 0.722426 -0.535013
vn 0.253958 0.717518 -0.648593
vn 0.253958 0.717518 -0.648593
vn 0.058011 0.679028 -0.731817
vn -0.182600 -0.471648 0.862674
vn -0.356420 -0.502230 0.787864
vn -0.356420 -0.502230 0.787864
vn 0.155625 0.673283 -0.722822
vn 0.155625 0.673283 -0.722822
vn -0.057642 0.649384 -0.758273
vn 0.155625 0.673283 -0.722822
vn 0.155625 0.673283 -0.722822
vn 0.361530 0.665328 -0.653173
vn 0.000464 -0.478622 0.878021
vn -0.188819 -0.493139 0.849212
vn -0.188819 -0.493139 0.849212
vn 0.240809 0.662727 -0.709087
vn 0.240809 0.662727 -0.709087
vn 0.240809 0.662727 -0.709087
vn 0.441883 0.631380 -0.637258
vn 0.441883 0.631380 -0.637258
vn 0.441883 0.631380 -0.637258
vn 0.173329 -0.421473 0.890122
vn -0.014477 -0.459804 0.887902
vn -0.014477 -0.459804 0.887902
vn 0.442702 0.638353 -0.629698
vn 0.442702 0.638353 -0.629698
vn 0.442702 0.638353 -0.629698
vn 0.516022 0.640741 -0.568482
vn 0.516022 0.640741 -0.568482
vn 0.516022 0.640741 -0.568482
vn -0.579179 -0.719524 0.383193
vn -0.462897 -0.706317 0.535577
vn -0.462897 -0.706317 0.535577
vn -0.007663 0.569611 -0.821878
vn -0.007663 0.569611 -0.821878
vn -0.007663 0.569611 -0.821878
vn 0.171871 0.580938 -0.795595
vn 0.171871 0.580938 -0.795595
vn 0.171871 0.580938 -0.795595
vn -0.572920 -0.674933 0.465003
vn -0.417286 -0.704834 0.573656
vn -0.417286 -0.704834 0.573656
vn 0.313598 0.609249 -0.728335
vn 0.313598 0.609249 -0.728335
vn 0.313598 0.609249 -0.728335
vn 0.320333 0.602051 -0.731384
vn 0.320333 0.602051 -0.731384
vn 0.320333 0.602051 -0.731384
vn -0.562452 -0.692081 0.452406
vn -0.404878 -0.725713 0.556250
vn -0.404878 -0.725713 0.556250
vn 0.640837 0.592028 -0.488702
vn 0.640837 0.592028 -0.488702
vn 0.640837 0.592028 -0.488702
vn -0.377509 -0.709772 0.594736
vn -0.193898 -0.752237 0.629717
vn -0.193898 -0.752237 0.629717
vn -0.401443 -0.716965 0.569917
vn -0.223056 -0.736965 0.638067
vn -0.223056 -0.736965 0.638067
vn 0.194226 0.662526 -0.723419
vn 0.194226 0.662526 -0.723419
vn 0.194226 0.662526 -0.723419
vn 0.240809 0.662727 -0.709087
vn 0.240809 0.662727 -0.709087
vn 0.240809 0.662727 -0.709087
vn -0.377509 -0.709772 0.594736
vn -0.193898 -0.752237 0.629717
vn -0.193898 -0.752237 0.629717
vn -0.404878 -0.725713 0.556250
vn -0.404878 -0.725713 0.556250
vn -0.232426 -0.732679 0.639656
vn 0.441884 0.631380 -0.637258
vn 0.441884 0.631380 -0.637258
vn 0.441884 0.631380 -0.637258
vn 0.442702 0.638353 -0.629698
vn 0.442702 0.638353 -0.629698
vn 0.442702 0.638353 -0.629698
vn -0.417286 -0.704834 0.573656
vn -0.417286 -0.704834 0.573656
vn -0.246245 -0.708711 0.661129
vn 0.516022 0.640741 -0.568482
vn 0.516022 0.640741 -0.568482
vn 0.516022 0.640741 -0.568482
vn -0.007171 0.569439 -0.822003
vn -0.007171 0.569439 -0.822003
vn -0.007171 0.569439 -0.822003
vn -0.528518 -0.533708 0.660170
vn -0.670336 -0.517839 0.531501
vn -0.670336 -0.517839 0.531501
vn 0.640837 0.592028 -0.488702
vn 0.640837 0.592028 -0.488702
vn 0.640837 0.592028 -0.488702
vn -0.223056 -0.736964 0.638067
vn -0.223056 -0.736964 0.638067
vn -0.036446 -0.729795 0.682694
vn -0.174889 -0.502006 0.846997
vn -0.350577 -0.527839 0.773616
vn -0.350577 -0.527839 0.773616
vn -0.193898 -0.752237 0.629717
vn -0.193898 -0.752237 0.629717
vn -0.003162 -0.767064 0.641563
vn -0.188819 -0.493139 0.849212
vn -0.188819 -0.493139 0.849212
vn -0.371141 -0.489474 0.789095
vn -0.182600 -0.471648 0.862673
vn -0.356420 -0.502230 0.787864
vn -0.356420 -0.502230 0.787864
vn 0.000000 -0.349373 0.936984
vn 0.183404 -0.343447 0.921090
vn -0.118977 -0.519778 0.845976
vn -0.188819 -0.493139 0.849212
vn -0.188819 -0.493139 0.849212
vn -0.371141 -0.489474 0.789095
vn 0.000464 -0.478622 0.878021
vn -0.188819 -0.493139 0.849212
vn -0.188819 -0.493139 0.849212
vn -0.404878 -0.725713 0.556250
vn -0.404878 -0.725713 0.556250
vn -0.232426 -0.732679 0.639656
vn -0.356420 -0.502230 0.787864
vn -0.356420 -0.502230 0.787864
vn -0.517144 -0.514357 0.684105
vn 0.000000 -0.138820 0.990318
vn 0.183404 -0.343447 0.921090
vn 0.000000 -0.349373 0.936984
vn -0.356420 -0.502230 0.787864
vn -0.356420 -0.502230 0.787864
vn -0.517144 -0.514357 0.684105
vn -0.350577 -0.527839 0.773616
vn -0.350577 -0.527839 0.773616
vn -0.513323 -0.534185 0.671674
vn -0.579179 -0.719524 0.383193
vn -0.462897 -0.706317 0.535577
vn -0.462897 -0.706317 0.535577
vn -0.417286 -0.704834 0.573656
vn -0.417286 -0.704834 0.573656
vn -0.246245 -0.708711 0.661129
vn -0.350577 -0.527839 0.773616
vn -0.350577 -0.527839 0.773616
vn -0.513323 -0.534185 0.671674
vn -0.572920 -0.674933 0.465003
vn -0.417286 -0.704834 0.573656
vn -0.417286 -0.704834 0.573656
vn -0.670336 -0.517839 0.531501
vn -0.670336 -0.517839 0.531501
vn -0.787405 -0.482850 0.383209
vn -0.670336 -0.517839 0.531501
vn -0.670336 -0.517839 0.531501
vn -0.787405 -0.482850 0.383209
vn -0.562452 -0.692081 0.452406
vn -0.404878 -0.725713 0.556250
vn -0.404878 -0.725713 0.556250
vn -0.193898 -0.752237 0.629717
vn -0.193898 -0.752237 0.629717
vn -0.003162 -0.767064 0.641563
vn -0.401443 -0.716965 0.569917
vn -0.223056 -0.736964 0.638067
vn -0.223056 -0.736964 0.638067
vn -0.462897 -0.706317 0.535577
vn -0.462897 -0.706317 0.535577
vn -0.329527 -0.667035 0.668189
vn -0.462897 -0.706317 0.535577
vn -0.462897 -0.706317 0.535577
vn -0.329527 -0.667035 0.668189
vn 0.285100 -0.957564 0.042292
vn 0.000000 -0.999573 0.029215
vn 0.296359 -0.955003 0.011863
vn 0.574626 -0.817916 0.028618
vn 0.296359 -0.955003 0.011863
vn 0.863031 -0.505150 0.000557
vn 0.993314 -0.113425 -0.021480
vn 0.999055 -0.029192 -0.032192
vn 0.974588 -0.196379 -0.107769
vn 0.929686 -0.323163 -0.176775
vn 0.982183 -0.108996 -0.153090
vn 0.980170 -0.056965 -0.189792
vn 0.863031 -0.505150 0.000557
vn 0.921986 -0.385435 -0.037164
vn 0.895990 -0.443875 0.013309
vn 0.999915 0.011239 -0.006672
vn 0.999033 -0.026211 -0.035309
vn 0.998730 0.049997 0.006169
vn 0.864909 0.496662 -0.072516
vn 0.640446 0.763938 -0.078917
vn 0.846082 0.524529 -0.094941
vn 0.968131 0.190167 -0.162970
vn 0.994213 -0.029627 -0.103260
vn 0.997416 -0.002423 -0.071799
vn 0.873529 0.444535 0.198332
vn 0.989013 0.146965 -0.015931
vn 0.937720 0.330105 0.108226
vn 0.900855 0.414637 -0.128590
vn 0.982183 -0.108996 -0.153090
vn 0.994590 -0.101627 0.021504
vn 0.994590 -0.101627 0.021504
vn 0.985994 0.162006 0.039635
vn 0.884007 0.466107 -0.035715
vn 0.994213 -0.029627 -0.103260
vn 0.919463 -0.389308 -0.055012
vn 0.997416 -0.002423 -0.071799
vn 0.978022 -0.055971 -0.200847
vn 0.987647 0.143345 -0.063292
vn 0.968131 0.190167 -0.162970
vn 0.999055 -0.029192 -0.032192
vn 0.985994 0.162006 0.039635
vn 0.995017 -0.068064 -0.072859
vn 0.951694 -0.231161 0.202095
vn 0.994590 -0.101627 0.021504
vn 0.000000 -0.986091 0.166207
vn 0.999033 -0.026211 -0.035309
vn 0.999915 0.011239 -0.006672
vn 0.995280 -0.020605 -0.094828
vn 0.999324 -0.031784 -0.018480
vn 0.991218 -0.128354 -0.031802
vn 0.988529 -0.126688 0.082227
vn 0.991218 -0.128354 -0.031802
vn 0.995017 -0.068064 -0.072859
vn 0.999178 0.012957 -0.038426
vn 0.999324 -0.031784 -0.018480
vn 0.988362 -0.131605 0.076299
vn 0.997259 -0.069873 0.024333
vn 0.974588 -0.196379 -0.107769
vn 0.995017 -0.068064 -0.072859
vn 0.983002 -0.140792 -0.117835
vn 0.999324 -0.031784 -0.018480
vn 0.981058 0.120122 -0.151974
vn 0.994664 0.005960 -0.102998
vn 0.997108 0.073686 0.018597
vn 0.999915 0.011239 -0.006672
vn 0.998730 0.049997 0.006169
vn 0.989013 0.146965 -0.015931
vn 0.974659 0.206607 -0.085751
vn 0.937720 0.330105 0.108226
vn 0.975398 -0.096892 -0.198015
vn 0.992015 -0.026909 -0.123213
vn 0.958596 -0.280658 0.048212
vn 0.994882 0.096652 0.029481
vn 0.999767 0.008921 -0.019663
vn 0.997108 0.073686 0.018597
vn 0.987647 0.143345 -0.063292
vn 0.824424 0.565404 0.025376
vn 0.979402 0.147082 -0.138344
vn 0.981058 0.120122 -0.151974
vn 0.992015 -0.026909 -0.123213
vn 0.934055 0.196233 -0.298386
vn 0.995017 -0.068064 -0.072859
vn 0.985994 0.162006 0.039635
vn 0.999178 0.012957 -0.038426
vn 0.958596 -0.280658 0.048212
vn 0.997259 -0.069873 0.024333
vn 0.988362 -0.131605 0.076299
vn 0.996616 0.082183 0.001830
vn 0.998318 0.032515 -0.048003
vn 0.989112 -0.053376 -0.137145
vn 0.539819 -0.821715 0.182704
vn 0.608689 -0.793381 -0.006615
vn 0.340794 -0.913225 0.223336
vn 0.045510 -0.997045 0.061885
vn -0.170915 -0.977327 -0.124985
vn -0.097633 -0.991755 0.083008
vn 0.999502 -0.028401 -0.013798
vn 0.999915 0.011239 -0.006672
vn 0.993314 -0.113425 -0.021480
vn 0.082675 -0.958083 0.274301
vn 0.045510 -0.997045 0.061885
vn 0.034066 -0.971228 0.235703
vn 0.818157 0.554178 -0.153314
vn 0.748918 0.601190 -0.278733
vn 0.964764 0.191923 -0.179992
vn 0.964764 0.191923 -0.179992
vn 0.961824 0.266435 -0.062511
vn 0.818157 0.554178 -0.153314
vn 0.746819 0.378711 0.546662
vn 0.920372 0.239340 0.309243
vn 0.837889 0.335941 0.430216
vn 0.920372 0.239340 0.309243
vn 0.998532 0.053311 -0.009540
vn 0.999276 0.033504 -0.018014
vn 0.821157 0.537101 0.192935
vn 0.762452 0.355410 0.540695
vn 0.926327 0.299891 0.227999
vn 0.926327 0.299891 0.227999
vn 0.787242 0.610021 -0.090142
vn 0.821157 0.537101 0.192935
vn 0.999324 -0.031784 -0.018480
vn 0.994664 0.005960 -0.102998
vn 0.991218 -0.128354 -0.031802
vn 0.993242 -0.096080 -0.065107
vn 0.999502 -0.028401 -0.013798
vn 0.993314 -0.113425 -0.021480
vn 0.791816 0.564551 0.233045
vn 0.818023 0.562770 -0.118866
vn 0.786237 0.617325 -0.027243
vn 0.944750 -0.320216 -0.070065
vn 0.873845 -0.416420 0.250975
vn 0.913269 0.372308 -0.165305
vn 0.913269 0.372308 -0.165305
vn 0.873845 -0.416420 0.250975
vn 0.786237 0.617325 -0.027243
vn 0.999505 0.000942 -0.031444
vn 0.893519 -0.448906 0.010340
vn 0.997053 0.047682 -0.060103
vn 0.783023 0.336208 -0.523296
vn 0.821155 -0.038284 -0.569420
vn 0.933052 0.229460 -0.277059
vn 0.933052 0.229460 -0.277059
vn 0.971431 0.207283 -0.115566
vn 0.783023 0.336208 -0.523296
vn 0.220835 -0.884627 0.410691
vn 0.000000 -0.981413 0.191909
vn -0.072273 -0.997382 0.002296
vn -0.156393 0.333453 0.929705
vn -0.156393 0.333453 0.929705
vn -0.156393 0.333453 0.929705
vn 0.000000 -0.992930 -0.118697
vn 0.361642 -0.931827 -0.030215
vn 0.000000 -0.999930 -0.011830
vn 0.000000 -0.983020 -0.183497
vn 0.531305 -0.846650 -0.029998
vn 0.000000 -0.989164 -0.146815
vn 0.929686 -0.323163 -0.176775
vn 0.501886 -0.855274 -0.128904
vn 0.000000 -0.995146 -0.098411
vn 0.979402 0.147082 -0.138344
vn 0.900855 0.414637 -0.128590
vn 0.683294 0.698647 -0.212135
vn -0.891623 -0.238503 -0.384869
vn -0.860172 -0.465301 -0.208804
vn -0.874110 -0.397036 -0.279811
vn -0.874110 -0.397036 -0.279811
vn -0.874802 -0.455932 -0.163853
vn -0.911184 -0.411530 -0.019665
vn 0.871950 0.482637 0.082248
vn 0.987110 0.160017 0.002722
vn 0.997273 0.069162 -0.025762
vn 0.954378 0.262665 0.142020
vn 0.987603 0.156316 0.014354
vn 0.926229 0.376756 -0.012458
vn 0.975933 0.180511 -0.122356
vn 0.929686 -0.323163 -0.176775
vn 0.933052 0.229460 -0.277059
vn 0.000000 -0.992294 -0.123906
vn 0.531305 -0.846650 -0.029998
vn 0.367374 -0.925011 -0.096910
vn -0.828438 -0.556885 0.059751
vn -0.860172 -0.465301 -0.208804
vn -0.902624 -0.396706 -0.167013
vn 0.183941 0.953265 0.239692
vn 0.450868 0.882243 0.135517
vn 0.373625 0.893773 0.248141
vn -0.020598 0.998910 -0.041892
vn 0.014826 0.979482 0.200986
vn -0.058702 0.998128 0.017150
vn 0.975933 0.180511 -0.122356
vn 0.933052 0.229460 -0.277059
vn 0.821155 -0.038284 -0.569420
vn -0.097633 -0.991755 0.083008
vn 0.034066 -0.971228 0.235703
vn 0.045510 -0.997045 0.061885
vn -0.828438 -0.556885 0.059751
vn -0.902624 -0.396706 -0.167013
vn -0.935988 -0.324487 -0.136510
vn -0.046822 0.946846 -0.318260
vn -0.058702 0.998128 0.017150
vn 0.415250 0.857219 -0.304539
vn 0.929686 -0.323163 -0.176775
vn 0.980170 -0.056965 -0.189792
vn 0.933052 0.229460 -0.277059
vn -0.891623 -0.238503 -0.384869
vn -0.935988 -0.324487 -0.136510
vn -0.902624 -0.396706 -0.167013
vn 0.929481 0.368837 -0.004994
vn 0.818157 0.554178 -0.153314
vn 0.961824 0.266435 -0.062511
vn 0.848853 0.427409 -0.311080
vn 0.415250 0.857219 -0.304539
vn 0.987603 0.156316 0.014354
vn 0.160189 -0.878102 0.450861
vn 0.000000 -0.878562 0.477628
vn 0.220835 -0.884627 0.410691
vn 0.786237 0.617325 -0.027243
vn 0.818023 0.562770 -0.118866
vn 0.805269 0.461696 -0.371993
vn 0.160189 -0.878102 0.450861
vn 0.297498 -0.906229 0.300407
vn 0.082675 -0.958083 0.274301
vn -0.334947 -0.936743 -0.101598
vn -0.620728 -0.761225 -0.187706
vn -0.052389 -0.996645 -0.062880
vn 0.711035 0.677774 0.187221
vn 0.722581 0.641501 0.257592
vn 0.713215 0.686376 0.142171
vn -0.669278 -0.665374 -0.330674
vn -0.660066 -0.719545 -0.215798
vn -0.621030 -0.681578 -0.387006
vn -0.607279 -0.794441 -0.008722
vn -0.660066 -0.719545 -0.215798
vn -0.678843 -0.730507 -0.074372
vn 0.978238 -0.204826 0.033121
vn 0.848853 0.427409 -0.311080
vn 0.987603 0.156316 0.014354
vn 0.987225 -0.046848 0.152293
vn 0.944257 0.307643 -0.117196
vn 0.971431 0.207283 -0.115566
vn 0.991218 -0.128354 -0.031802
vn 0.999178 0.012957 -0.038426
vn 0.994590 -0.101627 0.021504
vn 0.987225 -0.046848 0.152293
vn 0.950326 -0.311256 -0.000444
vn 0.531305 -0.846650 -0.029998
vn 0.873845 -0.416420 0.250975
vn -0.052389 -0.996645 -0.062880
vn -0.555175 -0.792198 0.253383
vn 0.000000 -0.980263 0.197696
vn 0.156847 -0.959856 0.232541
vn 0.000000 -0.971719 0.236141
vn 0.014826 0.979482 0.200986
vn -0.020598 0.998910 -0.041892
vn 0.162884 0.973387 0.161204
vn 0.721543 0.688556 -0.072567
vn 0.707950 0.665850 0.235478
vn 0.681701 0.727881 -0.073982
vn 0.884007 0.466107 -0.035715
vn 0.900855 0.414637 -0.128590
vn 0.994590 -0.101627 0.021504
vn -0.058702 0.998128 0.017150
vn -0.046822 0.946846 -0.318260
vn -0.020598 0.998910 -0.041892
vn 0.861555 0.457498 0.220041
vn 0.998532 0.053311 -0.009540
vn 0.848405 0.327279 0.416049
vn 0.871950 0.482637 0.082248
vn 0.719156 0.652615 0.238555
vn 0.614347 0.746739 0.254871
vn 0.980170 -0.056965 -0.189792
vn 0.950326 -0.311256 -0.000444
vn 0.933052 0.229460 -0.277059
vn 0.783023 0.336208 -0.523296
vn 0.971431 0.207283 -0.115566
vn 0.944257 0.307643 -0.117196
vn 0.837889 0.335941 0.430216
vn 0.920372 0.239340 0.309243
vn 0.971162 0.179443 0.156986
vn 0.993266 0.056973 -0.100881
vn 0.980170 -0.056965 -0.189792
vn 0.982183 -0.108996 -0.153090
vn 0.978238 -0.204826 0.033121
vn 0.987603 0.156316 0.014354
vn 0.989080 -0.032416 0.143774
vn -0.699719 0.700961 -0.138012
vn -0.627314 0.769427 -0.120249
vn -0.711544 0.688959 -0.137987
vn -0.555175 -0.792198 0.253383
vn -0.629278 -0.772966 0.080820
vn -0.503680 -0.813084 0.291892
vn 0.653143 0.548885 0.521660
vn 0.848405 0.327279 0.416049
vn 0.746819 0.378711 0.546662
vn 0.598217 0.736913 0.314795
vn 0.861555 0.457498 0.220041
vn 0.653143 0.548885 0.521660
vn 0.721543 0.688556 -0.072567
vn 0.736480 0.674924 -0.045552
vn 0.713215 0.686376 0.142171
vn 0.297498 -0.906229 0.300407
vn 0.608689 -0.793381 -0.006615
vn 0.045510 -0.997045 0.061885
vn 0.000000 -0.991598 -0.129361
vn 0.367374 -0.925011 -0.096910
vn -0.052389 -0.996645 -0.062880
vn 0.000000 -0.992930 -0.118697
vn -0.052389 -0.996645 -0.062880
vn 0.488594 -0.863737 -0.123429
vn 0.972509 -0.203200 0.113736
vn 0.767984 0.639983 0.024944
vn 0.608689 -0.793381 -0.006615
vn 0.873845 -0.416420 0.250975
vn 0.893519 -0.448906 0.010340
vn 0.561900 -0.827196 0.003899
vn 0.871950 0.482637 0.082248
vn 0.614347 0.746739 0.254871
vn 0.697562 0.695238 0.173352
vn 0.561900 -0.827196 0.003899
vn -0.052389 -0.996645 -0.062880
vn 0.873845 -0.416420 0.250975
vn -0.555175 -0.792198 0.253383
vn -0.052389 -0.996645 -0.062880
vn -0.629278 -0.772966 0.080820
vn -0.629278 -0.772966 0.080820
vn -0.052389 -0.996645 -0.062880
vn -0.620728 -0.761225 -0.187706
vn -0.503680 -0.813084 0.291892
vn -0.629278 -0.772966 0.080820
vn -0.646016 -0.758831 -0.082696
vn -0.669278 -0.665374 -0.330674
vn -0.730365 -0.613224 -0.300869
vn -0.680649 -0.696184 -0.228134
vn -0.594490 -0.801630 -0.063007
vn -0.503680 -0.813084 0.291892
vn -0.646016 -0.758831 -0.082696
vn -0.686895 -0.628765 -0.364458
vn -0.646016 -0.758831 -0.082696
vn -0.620728 -0.761225 -0.187706
vn -0.591560 -0.802905 -0.073490
vn -0.620728 -0.761225 -0.187706
vn -0.334947 -0.936743 -0.101598
vn -0.675530 0.728258 -0.115323
vn -0.626968 0.652981 -0.424885
vn -0.594740 0.610786 -0.522709
vn -0.686895 -0.628765 -0.364458
vn -0.594490 -0.801630 -0.063007
vn -0.646016 -0.758831 -0.082696
vn 0.979402 0.147082 -0.138344
vn 0.994213 -0.029627 -0.103260
vn 0.987647 0.143345 -0.063292
vn 0.844227 0.440228 -0.305745
vn 0.913269 0.372308 -0.165305
vn 0.878330 0.393568 -0.271367
vn 0.913269 0.372308 -0.165305
vn 0.786237 0.617325 -0.027243
vn 0.805269 0.461696 -0.371993
vn 0.824424 0.565404 0.025376
vn 0.601299 0.781069 0.168436
vn 0.640446 0.763938 -0.078917
vn -0.607279 -0.794441 -0.008722
vn -0.491418 -0.862490 -0.120912
vn -0.568699 -0.812563 -0.127759
vn -0.822652 0.542782 -0.169208
vn -0.699719 0.700961 -0.138012
vn -0.711544 0.688959 -0.137987
vn 0.711035 0.677774 0.187221
vn 0.713215 0.686376 0.142171
vn 0.736480 0.674924 -0.045552
vn -0.629278 -0.772966 0.080820
vn -0.620728 -0.761225 -0.187706
vn -0.646016 -0.758831 -0.082696
vn 0.960114 -0.251559 -0.122066
vn 0.950326 -0.311256 -0.000444
vn 0.980170 -0.056965 -0.189792
vn 0.878330 0.393568 -0.271367
vn 0.913269 0.372308 -0.165305
vn 0.805269 0.461696 -0.371993
vn -0.594740 0.610786 -0.522709
vn -0.513292 0.509890 -0.690322
vn -0.513292 0.509889 -0.690322
vn 0.694561 0.697715 0.175437
vn 0.373625 0.893773 0.248141
vn 0.450868 0.882243 0.135517
vn 0.620791 0.773419 -0.128227
vn 0.846082 0.524529 -0.094941
vn 0.640446 0.763938 -0.078917
vn 0.873845 -0.416420 0.250975
vn 0.791816 0.564551 0.233045
vn 0.786237 0.617325 -0.027243
vn 0.805269 0.461696 -0.371993
vn 0.818023 0.562770 -0.118866
vn 0.656094 0.603469 -0.453174
vn -0.190706 0.981272 0.027155
vn 0.415250 0.857219 -0.304539
vn -0.058702 0.998128 0.017150
vn 0.944750 -0.320216 -0.070065
vn 0.997053 0.047682 -0.060103
vn 0.893519 -0.448906 0.010340
vn 0.893519 -0.448906 0.010340
vn 0.873845 -0.416420 0.250975
vn 0.944750 -0.320216 -0.070065
vn 0.987603 0.156316 0.014354
vn 0.415250 0.857219 -0.304539
vn 0.926229 0.376756 -0.012458
vn 0.656094 0.603469 -0.453174
vn 0.818023 0.562770 -0.118866
vn 0.842003 0.515811 -0.158021
vn 0.842003 0.515811 -0.158021
vn 0.818023 0.562770 -0.118866
vn 0.894716 0.401404 0.195853
vn 0.989112 -0.053376 -0.137145
vn 0.998318 0.032515 -0.048003
vn 0.979698 -0.093087 -0.177558
vn -0.417807 0.908532 0.002723
vn -0.190706 0.981272 0.027155
vn -0.133276 0.970682 0.200033
vn 0.825285 0.539943 0.165428
vn 0.651431 0.719939 0.239429
vn 0.719156 0.652615 0.238555
vn 0.950326 -0.311256 -0.000444
vn 0.971431 0.207283 -0.115566
vn 0.933052 0.229460 -0.277059
vn 0.993242 -0.096080 -0.065107
vn 0.995280 -0.020605 -0.094828
vn 0.999502 -0.028401 -0.013798
vn 0.000000 -0.999382 0.035146
vn 0.270289 -0.961571 0.048218
vn 0.000000 -0.994925 0.100622
vn 0.846082 0.524529 -0.094941
vn 0.997053 0.047682 -0.060103
vn 0.996423 0.005863 -0.084307
vn 0.999502 -0.028401 -0.013798
vn 0.995280 -0.020605 -0.094828
vn 0.999915 0.011239 -0.006672
vn 0.719156 0.652615 0.238555
vn 0.663523 0.689782 0.289721
vn 0.614347 0.746739 0.254871
vn 0.000000 -0.994925 0.100622
vn 0.172538 -0.972443 0.156796
vn 0.000000 -0.980263 0.197696
vn 0.719156 0.652615 0.238555
vn 0.871950 0.482637 0.082248
vn 0.825285 0.539943 0.165428
vn 0.508479 0.758715 0.407187
vn 0.291535 0.843094 0.451884
vn 0.350261 0.824658 0.444135
vn 0.979698 -0.093087 -0.177558
vn 0.999276 0.033504 -0.018014
vn 0.990575 -0.023582 -0.134923
vn 0.000000 0.881493 0.472197
vn 0.291535 0.843094 0.451884
vn 0.000000 0.883150 0.469090
vn -0.097633 -0.991755 0.083008
vn -0.208347 -0.976323 -0.058179
vn 0.021973 -0.998997 0.039020
vn 0.971162 0.179443 0.156986
vn 0.996616 0.082183 0.001830
vn 1.000000 0.000000 0.000000
vn -0.072273 -0.997382 0.002296
vn 0.340794 -0.913225 0.223336
vn 0.220835 -0.884627 0.410691
vn 0.340794 -0.913225 0.223336
vn 0.118941 -0.963788 0.238675
vn 0.156847 -0.959856 0.232541
vn 0.999919 -0.001636 0.012592
vn 0.825219 -0.561858 -0.057708
vn 0.999505 0.000942 -0.031444
vn 0.000000 -0.971719 0.236141
vn 0.118941 -0.963788 0.238675
vn 0.000000 -0.969764 0.244043
vn 0.367374 -0.925011 -0.096910
vn 0.531305 -0.846650 -0.029998
vn 0.950326 -0.311256 -0.000444
vn 0.824424 0.565404 0.025376
vn 0.640446 0.763938 -0.078917
vn 0.864909 0.496662 -0.072516
vn 0.707950 0.665850 0.235478
vn 0.762452 0.355410 0.540695
vn 0.821157 0.537101 0.192935
vn 0.608689 -0.793381 -0.006615
vn 0.044705 -0.914078 -0.403066
vn 0.045510 -0.997045 0.061885
vn 0.867277 0.493424 -0.066054
vn 0.929481 0.368837 -0.004994
vn 0.999505 0.000942 -0.031444
vn 0.000000 -0.966743 -0.255750
vn -0.072273 -0.997382 0.002296
vn 0.000000 -0.981413 0.191909
vn 0.620791 0.773419 -0.128227
vn 0.867277 0.493424 -0.066054
vn 0.819370 0.567371 -0.081995
vn 0.990575 -0.023582 -0.134923
vn 0.998532 0.053311 -0.009540
vn 0.964764 0.191923 -0.179992
vn -0.158287 -0.977152 0.141844
vn -0.097633 -0.991755 0.083008
vn 0.021973 -0.998997 0.039020
vn 0.863031 -0.505150 0.000557
vn 0.361642 -0.931827 -0.030215
vn 0.825219 -0.561858 -0.057708
vn 0.681701 0.727881 -0.073982
vn 0.821157 0.537101 0.192935
vn 0.787242 0.610021 -0.090142
vn 0.825285 0.539943 0.165428
vn 0.871950 0.482637 0.082248
vn 0.975209 0.220825 0.014313
vn 0.900855 0.414637 -0.128590
vn 0.824424 0.565404 0.025376
vn 0.864909 0.496662 -0.072516
vn -0.058702 0.998128 0.017150
vn -0.133276 0.970682 0.200033
vn -0.190706 0.981272 0.027155
vn 0.971162 0.179443 0.156986
vn 0.999276 0.033504 -0.018014
vn 0.998318 0.032515 -0.048003
vn 0.929686 -0.323163 -0.176775
vn 0.000000 -0.986091 0.166207
vn 0.994590 -0.101627 0.021504
vn 0.925164 0.360037 0.120189
vn 0.694561 0.697715 0.175437
vn 0.767984 0.639983 0.024944
vn 0.713215 0.686376 0.142171
vn 0.695069 0.603188 0.391208
vn 0.707950 0.665850 0.235478
vn 0.296359 -0.955003 0.011863
vn 0.000000 -0.999930 -0.011830
vn 0.361642 -0.931827 -0.030215
vn 0.601299 0.781069 0.168436
vn 0.824424 0.565404 0.025376
vn 0.873529 0.444535 0.198332
vn 0.993266 0.056973 -0.100881
vn 0.900855 0.414637 -0.128590
vn 0.864909 0.496662 -0.072516
vn 0.846082 0.524529 -0.094941
vn 0.993266 0.056973 -0.100881
vn 0.864909 0.496662 -0.072516
vn 0.895990 -0.443875 0.013309
vn 0.574626 -0.817916 0.028618
vn 0.863031 -0.505150 0.000557
vn 0.928036 -0.372489 -0.001194
vn 0.997273 0.069162 -0.025762
vn 0.987110 0.160017 0.002722
vn 0.987110 0.160017 0.002722
vn 0.972509 -0.203200 0.113736
vn 0.928036 -0.372489 -0.001194
vn 0.928036 -0.372489 -0.001194
vn 0.539819 -0.821715 0.182704
vn 0.541883 -0.840101 0.024377
vn 0.871950 0.482637 0.082248
vn 0.925164 0.360037 0.120189
vn 0.987110 0.160017 0.002722
vn 0.971431 0.207283 -0.115566
vn 0.950326 -0.311256 -0.000444
vn 0.987225 -0.046848 0.152293
vn 0.968131 0.190167 -0.162970
vn 0.987647 0.143345 -0.063292
vn 0.994213 -0.029627 -0.103260
vn 0.999919 -0.001636 0.012592
vn 0.975209 0.220825 0.014313
vn 0.997273 0.069162 -0.025762
vn 0.893519 -0.448906 0.010340
vn 0.825219 -0.561858 -0.057708
vn 0.561900 -0.827196 0.003899
vn 0.825219 -0.561858 -0.057708
vn 0.488594 -0.863737 -0.123429
vn 0.561900 -0.827196 0.003899
vn 0.818157 0.554178 -0.153314
vn 0.620791 0.773419 -0.128227
vn 0.748918 0.601190 -0.278733
vn 0.340794 -0.913225 0.223336
vn 0.297498 -0.906229 0.300407
vn 0.220835 -0.884627 0.410691
vn -0.680649 -0.696184 -0.228134
vn -0.660066 -0.719545 -0.215798
vn -0.669278 -0.665374 -0.330674
vn 0.697562 0.695238 0.173352
vn 0.373625 0.893773 0.248141
vn 0.694561 0.697715 0.175437
vn 0.999505 0.000942 -0.031444
vn 0.997053 0.047682 -0.060103
vn 0.867277 0.493424 -0.066054
vn -0.678843 -0.730507 -0.074372
vn -0.660066 -0.719545 -0.215798
vn -0.680649 -0.696184 -0.228134
vn 0.541883 -0.840101 0.024377
vn 0.921986 -0.385435 -0.037164
vn 0.928036 -0.372489 -0.001194
vn -0.545738 -0.783996 -0.295840
vn -0.660066 -0.719545 -0.215798
vn -0.568699 -0.812563 -0.127759
vn 0.561900 -0.827196 0.003899
vn 0.488594 -0.863737 -0.123429
vn -0.052389 -0.996645 -0.062880
vn -0.466218 -0.830093 -0.305918
vn -0.545738 -0.783996 -0.295840
vn -0.491418 -0.862490 -0.120912
vn -0.545738 -0.783996 -0.295840
vn -0.568699 -0.812563 -0.127759
vn -0.491418 -0.862490 -0.120912
vn 0.767984 0.639983 0.024944
vn 0.450868 0.882243 0.135517
vn 0.190616 0.978453 -0.079339
vn 0.367374 -0.925011 -0.096910
vn -0.334947 -0.936743 -0.101598
vn -0.052389 -0.996645 -0.062880
vn 0.989013 0.146965 -0.015931
vn 0.978022 -0.055971 -0.200847
vn 0.974659 0.206607 -0.085751
vn 0.000000 0.953012 0.302934
vn 0.373625 0.893773 0.248141
vn 0.000000 0.932549 0.361043
vn -0.874802 -0.455932 -0.163853
vn -0.874110 -0.397036 -0.279811
vn -0.860172 -0.465301 -0.208804
vn 0.825285 0.539943 0.165428
vn 0.929481 0.368837 -0.004994
vn 0.861555 0.457498 0.220041
vn 0.848853 0.427409 -0.311080
vn -0.046822 0.946846 -0.318260
vn 0.415250 0.857219 -0.304539
vn 0.996423 0.005863 -0.084307
vn 0.960114 -0.251559 -0.122066
vn 0.993266 0.056973 -0.100881
vn 0.944750 -0.320216 -0.070065
vn 0.950326 -0.311256 -0.000444
vn 0.960114 -0.251559 -0.122066
vn 0.951694 -0.231161 0.202095
vn 0.988529 -0.126688 0.082227
vn 0.991218 -0.128354 -0.031802
vn 0.999767 0.008921 -0.019663
vn 0.993314 -0.113425 -0.021480
vn 0.999915 0.011239 -0.006672
vn 0.934055 0.196233 -0.298386
vn 0.992015 -0.026909 -0.123213
vn 0.975398 -0.096892 -0.198015
vn 0.767984 0.639983 0.024944
vn 0.190616 0.978453 -0.079339
vn -0.021625 0.965894 -0.258032
vn -0.571053 -0.818491 0.063010
vn -0.491418 -0.862490 -0.120912
vn -0.607279 -0.794441 -0.008722
vn 0.614347 0.746739 0.254871
vn 0.000000 0.932549 0.361043
vn 0.373625 0.893773 0.248141
vn -0.072273 -0.997382 0.002296
vn -0.313584 -0.920008 -0.235055
vn 0.340794 -0.913225 0.223336
vn 0.156847 -0.959856 0.232541
vn 0.539819 -0.821715 0.182704
vn 0.340794 -0.913225 0.223336
vn 0.172538 -0.972443 0.156796
vn 0.541883 -0.840101 0.024377
vn 0.539819 -0.821715 0.182704
vn 0.270289 -0.961571 0.048218
vn 0.502485 -0.864539 -0.008995
vn 0.541883 -0.840101 0.024377
vn 0.285100 -0.957564 0.042292
vn 0.574626 -0.817916 0.028618
vn 0.502485 -0.864539 -0.008995
vn 0.450868 0.882243 0.135517
vn 0.162884 0.973387 0.161204
vn 0.190616 0.978453 -0.079339
vn 0.039994 -0.606005 -0.794455
vn 0.044705 -0.914078 -0.403066
vn 0.608689 -0.793381 -0.006615
vn -0.020598 0.998910 -0.041892
vn -0.021625 0.965894 -0.258032
vn 0.190616 0.978453 -0.079339
vn -0.021625 0.965894 -0.258032
vn -0.020598 0.998910 -0.041892
vn -0.046822 0.946846 -0.318260
vn -0.133276 0.970682 0.200033
vn -0.058702 0.998128 0.017150
vn 0.014826 0.979482 0.200986
vn 0.190616 0.978453 -0.079339
vn 0.162884 0.973387 0.161204
vn -0.020598 0.998910 -0.041892
vn 0.894716 0.401404 0.195853
vn 0.818023 0.562770 -0.118866
vn 0.791816 0.564551 0.233045
vn 0.989080 -0.032416 0.143774
vn 0.987603 0.156316 0.014354
vn 0.954378 0.262665 0.142020
vn 0.983002 -0.140792 -0.117835
vn 0.991218 -0.128354 -0.031802
vn 0.994664 0.005960 -0.102998
vn 0.929481 0.368837 -0.004994
vn 0.975209 0.220825 0.014313
vn 0.999919 -0.001636 0.012592
vn 0.961824 0.266435 -0.062511
vn 0.861555 0.457498 0.220041
vn 0.929481 0.368837 -0.004994
vn 0.999919 -0.001636 0.012592
vn 0.999505 0.000942 -0.031444
vn 0.929481 0.368837 -0.004994
vn 0.825219 -0.561858 -0.057708
vn 0.893519 -0.448906 0.010340
vn 0.999505 0.000942 -0.031444
vn 0.819370 0.567371 -0.081995
vn 0.867277 0.493424 -0.066054
vn 0.997053 0.047682 -0.060103
vn 0.921986 -0.385435 -0.037164
vn 0.997273 0.069162 -0.025762
vn 0.928036 -0.372489 -0.001194
vn 0.000000 -0.999382 0.035146
vn 0.000000 -0.999573 0.029215
vn 0.285100 -0.957564 0.042292
vn 0.285100 -0.957564 0.042292
vn 0.296359 -0.955003 0.011863
vn 0.574626 -0.817916 0.028618
vn 0.999767 0.008921 -0.019663
vn 0.999055 -0.029192 -0.032192
vn 0.993314 -0.113425 -0.021480
vn 0.994590 -0.101627 0.021504
vn 0.982183 -0.108996 -0.153090
vn 0.929686 -0.323163 -0.176775
vn 0.999919 -0.001636 0.012592
vn 0.997273 0.069162 -0.025762
vn 0.863031 -0.505150 0.000557
vn 0.997273 0.069162 -0.025762
vn 0.921986 -0.385435 -0.037164
vn 0.863031 -0.505150 0.000557
vn 0.987647 0.143345 -0.063292
vn 0.989013 0.146965 -0.015931
vn 0.873529 0.444535 0.198332
vn 0.999178 0.012957 -0.038426
vn 0.985994 0.162006 0.039635
vn 0.994590 -0.101627 0.021504
vn 0.989013 0.146965 -0.015931
vn 0.987647 0.143345 -0.063292
vn 0.978022 -0.055971 -0.200847
vn 0.994882 0.096652 0.029481
vn 0.985994 0.162006 0.039635
vn 0.999055 -0.029192 -0.032192
vn 0.991218 -0.128354 -0.031802
vn 0.994590 -0.101627 0.021504
vn 0.951694 -0.231161 0.202095
vn 0.983002 -0.140792 -0.117835
vn 0.995017 -0.068064 -0.072859
vn 0.991218 -0.128354 -0.031802
vn 0.988529 -0.126688 0.082227
vn 0.988362 -0.131605 0.076299
vn 0.999324 -0.031784 -0.018480
vn 0.999055 -0.029192 -0.032192
vn 0.995017 -0.068064 -0.072859
vn 0.974588 -0.196379 -0.107769
vn 0.997259 -0.069873 0.024333
vn 0.981058 0.120122 -0.151974
vn 0.999324 -0.031784 -0.018480
vn 0.999767 0.008921 -0.019663
vn 0.999915 0.011239 -0.006672
vn 0.997108 0.073686 0.018597
vn 0.999055 -0.029192 -0.032192
vn 0.999767 0.008921 -0.019663
vn 0.994882 0.096652 0.029481
vn 0.873529 0.444535 0.198332
vn 0.824424 0.565404 0.025376
vn 0.987647 0.143345 -0.063292
vn 0.997259 -0.069873 0.024333
vn 0.992015 -0.026909 -0.123213
vn 0.981058 0.120122 -0.151974
vn 0.992015 -0.026909 -0.123213
vn 0.997259 -0.069873 0.024333
vn 0.958596 -0.280658 0.048212
vn 0.972509 -0.203200 0.113736
vn 0.608689 -0.793381 -0.006615
vn 0.539819 -0.821715 0.182704
vn 0.044705 -0.914078 -0.403066
vn -0.170915 -0.977327 -0.124985
vn 0.045510 -0.997045 0.061885
vn 0.297498 -0.906229 0.300407
vn 0.045510 -0.997045 0.061885
vn 0.082675 -0.958083 0.274301
vn 0.998532 0.053311 -0.009540
vn 0.961824 0.266435 -0.062511
vn 0.964764 0.191923 -0.179992
vn 0.848405 0.327279 0.416049
vn 0.920372 0.239340 0.309243
vn 0.746819 0.378711 0.546662
vn 0.848405 0.327279 0.416049
vn 0.998532 0.053311 -0.009540
vn 0.920372 0.239340 0.309243
vn 0.000000 -0.878562 0.477628
vn 0.000000 -0.981413 0.191909
vn 0.220835 -0.884627 0.410691
vn 0.488594 -0.863737 -0.123429
vn 0.361642 -0.931827 -0.030215
vn 0.000000 -0.992930 -0.118697
vn -0.902624 -0.396706 -0.167013
vn -0.860172 -0.465301 -0.208804
vn -0.891623 -0.238503 -0.384869
vn 0.000000 -0.989164 -0.146815
vn 0.531305 -0.846650 -0.029998
vn 0.000000 -0.992294 -0.123906
vn -0.797760 -0.575807 0.178957
vn -0.860172 -0.465301 -0.208804
vn -0.828438 -0.556885 0.059751
vn -0.144615 -0.959788 0.240612
vn 0.034066 -0.971228 0.235703
vn -0.097633 -0.991755 0.083008
vn 0.867277 0.493424 -0.066054
vn 0.818157 0.554178 -0.153314
vn 0.929481 0.368837 -0.004994
vn 0.000000 -0.846255 0.532778
vn 0.000000 -0.878562 0.477628
vn 0.160189 -0.878102 0.450861
vn 0.220835 -0.884627 0.410691
vn 0.297498 -0.906229 0.300407
vn 0.160189 -0.878102 0.450861
vn 0.702523 0.643170 0.304619
vn 0.722581 0.641501 0.257592
vn 0.711035 0.677774 0.187221
vn -0.568699 -0.812563 -0.127759
vn -0.660066 -0.719545 -0.215798
vn -0.607279 -0.794441 -0.008722
vn 0.172538 -0.972443 0.156796
vn 0.156847 -0.959856 0.232541
vn 0.000000 -0.980263 0.197696
vn 0.713215 0.686376 0.142171
vn 0.707950 0.665850 0.235478
vn 0.721543 0.688556 -0.072567
vn 0.683294 0.698647 -0.212135
vn 0.900855 0.414637 -0.128590
vn 0.884007 0.466107 -0.035715
vn 0.961824 0.266435 -0.062511
vn 0.998532 0.053311 -0.009540
vn 0.861555 0.457498 0.220041
vn 0.960114 -0.251559 -0.122066
vn 0.980170 -0.056965 -0.189792
vn 0.993266 0.056973 -0.100881
vn -0.675899 0.723969 -0.137947
vn -0.627314 0.769427 -0.120249
vn -0.699719 0.700961 -0.138012
vn 0.861555 0.457498 0.220041
vn 0.848405 0.327279 0.416049
vn 0.653143 0.548885 0.521660
vn 0.825285 0.539943 0.165428
vn 0.861555 0.457498 0.220041
vn 0.598217 0.736913 0.314795
vn 0.774410 0.625032 -0.098099
vn 0.736480 0.674924 -0.045552
vn 0.721543 0.688556 -0.072567
vn 0.000000 -0.992294 -0.123906
vn 0.367374 -0.925011 -0.096910
vn 0.000000 -0.991598 -0.129361
vn 0.000000 -0.991598 -0.129361
vn -0.052389 -0.996645 -0.062880
vn 0.000000 -0.992930 -0.118697
vn 0.925164 0.360037 0.120189
vn 0.767984 0.639983 0.024944
vn 0.972509 -0.203200 0.113736
vn -0.735450 -0.675906 0.047592
vn -0.620728 -0.761225 -0.187706
vn -0.591560 -0.802905 -0.073490
vn 0.919463 -0.389308 -0.055012
vn 0.994213 -0.029627 -0.103260
vn 0.979402 0.147082 -0.138344
vn -0.626968 0.652981 -0.424885
vn -0.513292 0.509890 -0.690322
vn -0.594740 0.610786 -0.522709
vn 0.819370 0.567371 -0.081995
vn 0.846082 0.524529 -0.094941
vn 0.620791 0.773419 -0.128227
vn 0.996423 0.005863 -0.084307
vn 0.997053 0.047682 -0.060103
vn 0.944750 -0.320216 -0.070065
vn 0.598217 0.736913 0.314795
vn 0.651431 0.719939 0.239429
vn 0.825285 0.539943 0.165428
vn 0.285100 -0.957564 0.042292
vn 0.270289 -0.961571 0.048218
vn 0.000000 -0.999382 0.035146
vn 0.819370 0.567371 -0.081995
vn 0.997053 0.047682 -0.060103
vn 0.846082 0.524529 -0.094941
vn 0.651431 0.719939 0.239429
vn 0.663523 0.689782 0.289721
vn 0.719156 0.652615 0.238555
vn 0.270289 -0.961571 0.048218
vn 0.172538 -0.972443 0.156796
vn 0.000000 -0.994925 0.100622
vn 0.998318 0.032515 -0.048003
vn 0.999276 0.033504 -0.018014
vn 0.979698 -0.093087 -0.177558
vn 0.350261 0.824658 0.444135
vn 0.291535 0.843094 0.451884
vn 0.000000 0.881493 0.472197
vn -0.170915 -0.977327 -0.124985
vn -0.208347 -0.976323 -0.058179
vn -0.097633 -0.991755 0.083008
vn 0.998318 0.032515 -0.048003
vn 0.996616 0.082183 0.001830
vn 0.971162 0.179443 0.156986
vn 0.863031 -0.505150 0.000557
vn 0.825219 -0.561858 -0.057708
vn 0.999919 -0.001636 0.012592
vn 0.156847 -0.959856 0.232541
vn 0.118941 -0.963788 0.238675
vn 0.000000 -0.971719 0.236141
vn 0.695069 0.603188 0.391208
vn 0.762452 0.355410 0.540695
vn 0.707950 0.665850 0.235478
vn -0.313584 -0.920008 -0.235055
vn -0.072273 -0.997382 0.002296
vn 0.000000 -0.966743 -0.255750
vn 0.818157 0.554178 -0.153314
vn 0.867277 0.493424 -0.066054
vn 0.620791 0.773419 -0.128227
vn 0.999276 0.033504 -0.018014
vn 0.998532 0.053311 -0.009540
vn 0.990575 -0.023582 -0.134923
vn -0.144615 -0.959788 0.240612
vn -0.097633 -0.991755 0.083008
vn -0.158287 -0.977152 0.141844
vn 0.296359 -0.955003 0.011863
vn 0.361642 -0.931827 -0.030215
vn 0.863031 -0.505150 0.000557
vn 0.707950 0.665850 0.235478
vn 0.821157 0.537101 0.192935
vn 0.681701 0.727881 -0.073982
vn 0.997273 0.069162 -0.025762
vn 0.975209 0.220825 0.014313
vn 0.871950 0.482637 0.082248
vn 0.979402 0.147082 -0.138344
vn 0.824424 0.565404 0.025376
vn 0.900855 0.414637 -0.128590
vn 0.920372 0.239340 0.309243
vn 0.999276 0.033504 -0.018014
vn 0.971162 0.179443 0.156986
vn 0.000000 -0.995146 -0.098411
vn 0.000000 -0.986091 0.166207
vn 0.929686 -0.323163 -0.176775
vn 0.697562 0.695238 0.173352
vn 0.694561 0.697715 0.175437
vn 0.925164 0.360037 0.120189
vn 0.722581 0.641501 0.257592
vn 0.695069 0.603188 0.391208
vn 0.713215 0.686376 0.142171
vn 0.000000 -0.999573 0.029215
vn 0.000000 -0.999930 -0.011830
vn 0.296359 -0.955003 0.011863
vn 0.982183 -0.108996 -0.153090
vn 0.900855 0.414637 -0.128590
vn 0.993266 0.056973 -0.100881
vn 0.996423 0.005863 -0.084307
vn 0.993266 0.056973 -0.100881
vn 0.846082 0.524529 -0.094941
vn 0.925164 0.360037 0.120189
vn 0.972509 -0.203200 0.113736
vn 0.987110 0.160017 0.002722
vn 0.972509 -0.203200 0.113736
vn 0.539819 -0.821715 0.182704
vn 0.928036 -0.372489 -0.001194
vn 0.697562 0.695238 0.173352
vn 0.925164 0.360037 0.120189
vn 0.871950 0.482637 0.082248
vn 0.361642 -0.931827 -0.030215
vn 0.488594 -0.863737 -0.123429
vn 0.825219 -0.561858 -0.057708
vn 0.608689 -0.793381 -0.006615
vn 0.297498 -0.906229 0.300407
vn 0.340794 -0.913225 0.223336
vn 0.614347 0.746739 0.254871
vn 0.373625 0.893773 0.248141
vn 0.697562 0.695238 0.173352
vn 0.502485 -0.864539 -0.008995
vn 0.921986 -0.385435 -0.037164
vn 0.541883 -0.840101 0.024377
vn -0.621030 -0.681578 -0.387006
vn -0.660066 -0.719545 -0.215798
vn -0.545738 -0.783996 -0.295840
vn 0.694561 0.697715 0.175437
vn 0.450868 0.882243 0.135517
vn 0.767984 0.639983 0.024944
vn 0.183941 0.953265 0.239692
vn 0.373625 0.893773 0.248141
vn 0.000000 0.953012 0.302934
vn 0.944750 -0.320216 -0.070065
vn 0.960114 -0.251559 -0.122066
vn 0.996423 0.005863 -0.084307
vn 0.367374 -0.925011 -0.096910
vn 0.950326 -0.311256 -0.000444
vn 0.944750 -0.320216 -0.070065
vn 0.663523 0.689782 0.289721
vn 0.000000 0.932549 0.361043
vn 0.614347 0.746739 0.254871
vn 0.172538 -0.972443 0.156796
vn 0.539819 -0.821715 0.182704
vn 0.156847 -0.959856 0.232541
vn 0.270289 -0.961571 0.048218
vn 0.541883 -0.840101 0.024377
vn 0.172538 -0.972443 0.156796
vn 0.285100 -0.957564 0.042292
vn 0.502485 -0.864539 -0.008995
vn 0.270289 -0.961571 0.048218
vn 0.183941 0.953265 0.239692
vn 0.162884 0.973387 0.161204
vn 0.450868 0.882243 0.135517
vn 0.825285 0.539943 0.165428
vn 0.975209 0.220825 0.014313
vn 0.929481 0.368837 -0.004994
vn -0.296359 -0.955003 0.011863
vn 0.000000 -0.999573 0.029215
vn -0.285100 -0.957564 0.042292
vn -0.863031 -0.505150 0.000557
vn -0.296359 -0.955003 0.011863
vn -0.574626 -0.817916 0.028618
vn -0.974588 -0.196379 -0.107769
vn -0.999055 -0.029192 -0.032192
vn -0.993314 -0.113425 -0.021480
vn -0.980170 -0.056965 -0.189792
vn -0.982183 -0.108996 -0.153090
vn -0.929686 -0.323163 -0.176775
vn -0.895990 -0.443875 0.013309
vn -0.921986 -0.385435 -0.037164
vn -0.863031 -0.505150 0.000557
vn -0.998730 0.049997 0.006169
vn -0.999033 -0.026211 -0.035309
vn -0.999915 0.011239 -0.006672
vn -0.846082 0.524529 -0.094941
vn -0.640446 0.763938 -0.078917
vn -0.864909 0.496662 -0.072516
vn -0.997416 -0.002423 -0.071799
vn -0.994213 -0.029627 -0.103260
vn -0.968131 0.190167 -0.162970
vn -0.937720 0.330105 0.108226
vn -0.989013 0.146965 -0.015931
vn -0.873529 0.444535 0.198332
vn -0.994590 -0.101627 0.021504
vn -0.982183 -0.108996 -0.153090
vn -0.900855 0.414637 -0.128590
vn -0.884007 0.466107 -0.035715
vn -0.985994 0.162006 0.039635
vn -0.994590 -0.101627 0.021504
vn -0.997416 -0.002423 -0.071799
vn -0.919463 -0.389308 -0.055012
vn -0.994213 -0.029627 -0.103260
vn -0.968131 0.190167 -0.162970
vn -0.987647 0.143345 -0.063292
vn -0.978022 -0.055971 -0.200847
vn -0.995017 -0.068064 -0.072859
vn -0.985994 0.162006 0.039635
vn -0.999055 -0.029192 -0.032192
vn 0.000000 -0.986091 0.166207
vn -0.994590 -0.101627 0.021504
vn -0.951694 -0.231161 0.202095
vn -0.995280 -0.020605 -0.094828
vn -0.999915 0.011239 -0.006672
vn -0.999033 -0.026211 -0.035309
vn -0.988529 -0.126688 0.082227
vn -0.991218 -0.128354 -0.031802
vn -0.999324 -0.031784 -0.018480
vn -0.999178 0.012957 -0.038426
vn -0.995017 -0.068064 -0.072859
vn -0.991218 -0.128354 -0.031802
vn -0.997259 -0.069873 0.024333
vn -0.988362 -0.131605 0.076299
vn -0.999324 -0.031784 -0.018480
vn -0.983002 -0.140792 -0.117835
vn -0.995017 -0.068064 -0.072859
vn -0.974588 -0.196379 -0.107769
vn -0.994664 0.005960 -0.102998
vn -0.981058 0.120122 -0.151974
vn -0.999324 -0.031784 -0.018480
vn -0.998730 0.049997 0.006169
vn -0.999915 0.011239 -0.006672
vn -0.997108 0.073686 0.018597
vn -0.937720 0.330105 0.108226
vn -0.974659 0.206607 -0.085751
vn -0.989013 0.146965 -0.015931
vn -0.958596 -0.280658 0.048212
vn -0.992015 -0.026909 -0.123213
vn -0.975398 -0.096892 -0.198015
vn -0.997108 0.073686 0.018597
vn -0.999767 0.008921 -0.019663
vn -0.994882 0.096652 0.029481
vn -0.979402 0.147082 -0.138344
vn -0.824424 0.565404 0.025376
vn -0.987647 0.143345 -0.063292
vn -0.934055 0.196233 -0.298386
vn -0.992015 -0.026909 -0.123213
vn -0.981058 0.120122 -0.151974
vn -0.999178 0.012957 -0.038426
vn -0.985994 0.162006 0.039635
vn -0.995017 -0.068064 -0.072859
vn -0.988362 -0.131605 0.076299
vn -0.997259 -0.069873 0.024333
vn -0.958596 -0.280658 0.048212
vn -0.989112 -0.053376 -0.137145
vn -0.998318 0.032515 -0.048003
vn -0.996616 0.082183 0.001830
vn -0.340794 -0.913225 0.223336
vn -0.608689 -0.793381 -0.006615
vn -0.539819 -0.821715 0.182704
vn 0.097633 -0.991755 0.083008
vn 0.170915 -0.977327 -0.124985
vn -0.045510 -0.997045 0.061885
vn -0.993314 -0.113425 -0.021480
vn -0.999915 0.011239 -0.006672
vn -0.999502 -0.028401 -0.013798
vn -0.034066 -0.971228 0.235703
vn -0.045510 -0.997045 0.061885
vn -0.082675 -0.958084 0.274300
vn -0.964764 0.191923 -0.179992
vn -0.748918 0.601190 -0.278733
vn -0.818157 0.554178 -0.153314
vn -0.818157 0.554178 -0.153314
vn -0.961824 0.266435 -0.062511
vn -0.964764 0.191923 -0.179992
vn -0.837889 0.335941 0.430216
vn -0.920372 0.239340 0.309243
vn -0.746819 0.378711 0.546662
vn -0.999276 0.033504 -0.018014
vn -0.998532 0.053311 -0.009540
vn -0.920372 0.239340 0.309243
vn -0.926327 0.299891 0.227999
vn -0.762452 0.355410 0.540695
vn -0.821157 0.537101 0.192935
vn -0.821157 0.537101 0.192935
vn -0.787242 0.610021 -0.090142
vn -0.926327 0.299891 0.227999
vn -0.991218 -0.128354 -0.031802
vn -0.994664 0.005960 -0.102998
vn -0.999324 -0.031784 -0.018480
vn -0.993314 -0.113425 -0.021480
vn -0.999502 -0.028401 -0.013798
vn -0.993242 -0.096080 -0.065107
vn -0.786237 0.617325 -0.027243
vn -0.818023 0.562770 -0.118866
vn -0.791816 0.564551 0.233045
vn -0.913269 0.372308 -0.165305
vn -0.873845 -0.416420 0.250975
vn -0.944750 -0.320216 -0.070065
vn -0.786237 0.617325 -0.027243
vn -0.873845 -0.416420 0.250975
vn -0.913269 0.372308 -0.165305
vn -0.997053 0.047682 -0.060103
vn -0.893519 -0.448906 0.010340
vn -0.999505 0.000942 -0.031444
vn -0.933052 0.229460 -0.277059
vn -0.821155 -0.038284 -0.569420
vn -0.783023 0.336208 -0.523296
vn -0.783023 0.336208 -0.523296
vn -0.971431 0.207283 -0.115566
vn -0.933052 0.229460 -0.277059
vn 0.072273 -0.997382 0.002296
vn 0.000000 -0.981413 0.191909
vn -0.220835 -0.884627 0.410691
vn 0.156393 0.333453 0.929705
vn 0.156393 0.333453 0.929705
vn 0.156393 0.333453 0.929705
vn 0.000000 -0.999930 -0.011830
vn -0.361642 -0.931827 -0.030215
vn 0.000000 -0.992930 -0.118697
vn 0.000000 -0.989164 -0.146815
vn -0.531305 -0.846650 -0.029998
vn 0.000000 -0.983020 -0.183497
vn 0.000000 -0.995146 -0.098411
vn -0.501886 -0.855274 -0.128904
vn -0.929686 -0.323163 -0.176775
vn -0.683294 0.698647 -0.212135
vn -0.900855 0.414637 -0.128590
vn -0.979402 0.147082 -0.138344
vn 0.874110 -0.397036 -0.279811
vn 0.860172 -0.465302 -0.208804
vn 0.891623 -0.238503 -0.384869
vn 0.911184 -0.411530 -0.019665
vn 0.874802 -0.455932 -0.163853
vn 0.874110 -0.397036 -0.279811
vn -0.997273 0.069162 -0.025762
vn -0.987110 0.160017 0.002722
vn -0.871950 0.482637 0.082248
vn -0.926229 0.376756 -0.012458
vn -0.987603 0.156316 0.014354
vn -0.954378 0.262665 0.142020
vn -0.933052 0.229460 -0.277059
vn -0.929686 -0.323163 -0.176775
vn -0.975933 0.180511 -0.122356
vn -0.367374 -0.925011 -0.096910
vn -0.531305 -0.846650 -0.029998
vn 0.000000 -0.992294 -0.123906
vn 0.902624 -0.396706 -0.167013
vn 0.860172 -0.465302 -0.208804
vn 0.828438 -0.556885 0.059751
vn -0.373625 0.893773 0.248141
vn -0.450868 0.882243 0.135517
vn -0.183941 0.953265 0.239692
vn 0.058702 0.998128 0.017150
vn -0.014826 0.979482 0.200986
vn 0.020598 0.998910 -0.041892
vn -0.821155 -0.038284 -0.569420
vn -0.933052 0.229460 -0.277059
vn -0.975933 0.180511 -0.122356
vn -0.045510 -0.997045 0.061885
vn -0.034066 -0.971228 0.235703
vn 0.097633 -0.991755 0.083008
vn 0.935988 -0.324487 -0.136510
vn 0.902624 -0.396706 -0.167013
vn 0.828438 -0.556885 0.059751
vn -0.415250 0.857219 -0.304539
vn 0.058702 0.998128 0.017150
vn 0.046822 0.946846 -0.318260
vn -0.933052 0.229460 -0.277059
vn -0.980170 -0.056965 -0.189792
vn -0.929686 -0.323163 -0.176775
vn 0.902624 -0.396706 -0.167013
vn 0.935988 -0.324487 -0.136510
vn 0.891623 -0.238503 -0.384869
vn -0.961824 0.266435 -0.062511
vn -0.818157 0.554178 -0.153314
vn -0.929481 0.368837 -0.004994
vn -0.987603 0.156316 0.014354
vn -0.415250 0.857219 -0.304539
vn -0.848853 0.427409 -0.311080
vn -0.220835 -0.884627 0.410691
vn 0.000000 -0.878562 0.477628
vn -0.160189 -0.878102 0.450861
vn -0.805269 0.461696 -0.371993
vn -0.818023 0.562770 -0.118866
vn -0.786237 0.617325 -0.027243
vn -0.082675 -0.958084 0.274300
vn -0.297498 -0.906229 0.300407
vn -0.160189 -0.878102 0.450861
vn 0.052389 -0.996645 -0.062880
vn 0.620728 -0.761225 -0.187706
vn 0.334947 -0.936743 -0.101598
vn -0.713215 0.686376 0.142171
vn -0.722581 0.641501 0.257592
vn -0.711035 0.677774 0.187221
vn 0.621030 -0.681578 -0.387006
vn 0.660066 -0.719545 -0.215798
vn 0.669278 -0.665374 -0.330674
vn 0.678843 -0.730507 -0.074372
vn 0.660066 -0.719545 -0.215798
vn 0.607279 -0.794441 -0.008722
vn -0.987603 0.156316 0.014354
vn -0.848853 0.427409 -0.311080
vn -0.978238 -0.204826 0.033121
vn -0.971431 0.207283 -0.115566
vn -0.944257 0.307643 -0.117196
vn -0.987225 -0.046848 0.152293
vn -0.994590 -0.101627 0.021504
vn -0.999178 0.012957 -0.038426
vn -0.991218 -0.128354 -0.031802
vn -0.531305 -0.846650 -0.029998
vn -0.950326 -0.311256 -0.000444
vn -0.987225 -0.046848 0.152293
vn 0.555175 -0.792198 0.253383
vn 0.052389 -0.996645 -0.062880
vn -0.873845 -0.416420 0.250975
vn 0.000000 -0.971719 0.236141
vn -0.156847 -0.959856 0.232541
vn 0.000000 -0.980263 0.197696
vn -0.162884 0.973387 0.161204
vn 0.020598 0.998910 -0.041892
vn -0.014826 0.979482 0.200986
vn -0.681701 0.727881 -0.073982
vn -0.707950 0.665850 0.235478
vn -0.721543 0.688556 -0.072567
vn -0.994590 -0.101627 0.021504
vn -0.900855 0.414637 -0.128590
vn -0.884007 0.466107 -0.035715
vn 0.020598 0.998910 -0.041892
vn 0.046822 0.946846 -0.318260
vn 0.058702 0.998128 0.017150
vn -0.848405 0.327279 0.416049
vn -0.998532 0.053311 -0.009540
vn -0.861555 0.457498 0.220041
vn -0.614347 0.746739 0.254871
vn -0.719156 0.652615 0.238555
vn -0.871950 0.482637 0.082248
vn -0.933052 0.229460 -0.277059
vn -0.950326 -0.311256 -0.000444
vn -0.980170 -0.056965 -0.189792
vn -0.944257 0.307643 -0.117196
vn -0.971431 0.207283 -0.115566
vn -0.783023 0.336208 -0.523296
vn -0.971162 0.179443 0.156986
vn -0.920372 0.239340 0.309243
vn -0.837889 0.335941 0.430216
vn -0.982183 -0.108996 -0.153090
vn -0.980170 -0.056965 -0.189792
vn -0.993266 0.056973 -0.100881
vn -0.989080 -0.032416 0.143774
vn -0.987603 0.156316 0.014354
vn -0.978238 -0.204826 0.033121
vn 0.711544 0.688959 -0.137987
vn 0.627314 0.769427 -0.120249
vn 0.699719 0.700961 -0.138012
vn 0.503680 -0.813084 0.291892
vn 0.629278 -0.772966 0.080820
vn 0.555175 -0.792198 0.253383
vn -0.746819 0.378711 0.546662
vn -0.848405 0.327279 0.416049
vn -0.653143 0.548885 0.521660
vn -0.653143 0.548885 0.521660
vn -0.861555 0.457498 0.220041
vn -0.598217 0.736913 0.314795
vn -0.713215 0.686376 0.142171
vn -0.736480 0.674924 -0.045552
vn -0.721543 0.688556 -0.072567
vn -0.045510 -0.997045 0.061885
vn -0.608689 -0.793381 -0.006615
vn -0.297498 -0.906229 0.300407
vn 0.052389 -0.996645 -0.062880
vn -0.367374 -0.925011 -0.096910
vn 0.000000 -0.991598 -0.129361
vn -0.488594 -0.863737 -0.123429
vn 0.052389 -0.996645 -0.062880
vn 0.000000 -0.992930 -0.118697
vn -0.608689 -0.793381 -0.006615
vn -0.767984 0.639983 0.024944
vn -0.972509 -0.203200 0.113736
vn -0.561900 -0.827196 0.003899
vn -0.893519 -0.448906 0.010340
vn -0.873845 -0.416420 0.250975
vn -0.697562 0.695238 0.173352
vn -0.614347 0.746739 0.254871
vn -0.871950 0.482637 0.082248
vn -0.873845 -0.416420 0.250975
vn 0.052389 -0.996645 -0.062880
vn -0.561900 -0.827196 0.003899
vn 0.629278 -0.772966 0.080820
vn 0.052389 -0.996645 -0.062880
vn 0.555175 -0.792198 0.253383
vn 0.620728 -0.761225 -0.187706
vn 0.052389 -0.996645 -0.062880
vn 0.629278 -0.772966 0.080820
vn 0.646016 -0.758831 -0.082696
vn 0.629278 -0.772966 0.080820
vn 0.503680 -0.813084 0.291892
vn 0.680649 -0.696184 -0.228134
vn 0.730365 -0.613224 -0.300869
vn 0.669278 -0.665374 -0.330674
vn 0.646016 -0.758831 -0.082696
vn 0.503680 -0.813084 0.291892
vn 0.594490 -0.801630 -0.063007
vn 0.620728 -0.761225 -0.187706
vn 0.646016 -0.758831 -0.082696
vn 0.686895 -0.628765 -0.364458
vn 0.334947 -0.936743 -0.101598
vn 0.620728 -0.761225 -0.187706
vn 0.591560 -0.802905 -0.073490
vn 0.594740 0.610786 -0.522709
vn 0.626968 0.652981 -0.424885
vn 0.675530 0.728258 -0.115323
vn 0.646016 -0.758831 -0.082696
vn 0.594490 -0.801630 -0.063007
vn 0.686895 -0.628765 -0.364458
vn -0.987647 0.143345 -0.063292
vn -0.994213 -0.029627 -0.103260
vn -0.979402 0.147082 -0.138344
vn -0.878330 0.393568 -0.271367
vn -0.913269 0.372308 -0.165305
vn -0.844227 0.440228 -0.305745
vn -0.805269 0.461696 -0.371993
vn -0.786237 0.617325 -0.027243
vn -0.913269 0.372308 -0.165305
vn -0.640446 0.763938 -0.078917
vn -0.601299 0.781069 0.168436
vn -0.824424 0.565404 0.025376
vn 0.568699 -0.812563 -0.127759
vn 0.491418 -0.862490 -0.120912
vn 0.607279 -0.794441 -0.008722
vn 0.711544 0.688959 -0.137987
vn 0.699719 0.700961 -0.138012
vn 0.822652 0.542782 -0.169208
vn -0.736480 0.674924 -0.045552
vn -0.713215 0.686376 0.142171
vn -0.711035 0.677774 0.187221
vn 0.646016 -0.758831 -0.082696
vn 0.620728 -0.761225 -0.187706
vn 0.629278 -0.772966 0.080820
vn -0.980170 -0.056965 -0.189792
vn -0.950326 -0.311256 -0.000444
vn -0.960114 -0.251559 -0.122066
vn -0.805269 0.461696 -0.371993
vn -0.913269 0.372308 -0.165305
vn -0.878330 0.393568 -0.271367
vn 0.513292 0.509889 -0.690322
vn 0.513292 0.509890 -0.690322
vn 0.594740 0.610786 -0.522709
vn -0.450868 0.882243 0.135517
vn -0.373625 0.893773 0.248141
vn -0.694561 0.697715 0.175437
vn -0.640446 0.763938 -0.078917
vn -0.846082 0.524529 -0.094941
vn -0.620791 0.773419 -0.128227
vn -0.786237 0.617325 -0.027243
vn -0.791816 0.564551 0.233045
vn -0.873845 -0.416420 0.250975
vn -0.656094 0.603469 -0.453174
vn -0.818023 0.562770 -0.118866
vn -0.805269 0.461696 -0.371993
vn 0.058702 0.998128 0.017150
vn -0.415250 0.857219 -0.304539
vn 0.190706 0.981272 0.027155
vn -0.893519 -0.448906 0.010340
vn -0.997053 0.047682 -0.060103
vn -0.944750 -0.320216 -0.070065
vn -0.944750 -0.320216 -0.070065
vn -0.873845 -0.416420 0.250975
vn -0.893519 -0.448906 0.010340
vn -0.926229 0.376756 -0.012458
vn -0.415250 0.857219 -0.304539
vn -0.987603 0.156316 0.014354
vn -0.842003 0.515811 -0.158021
vn -0.818023 0.562770 -0.118866
vn -0.656094 0.603469 -0.453174
vn -0.894716 0.401404 0.195853
vn -0.818023 0.562770 -0.118866
vn -0.842003 0.515811 -0.158021
vn -0.979698 -0.093087 -0.177558
vn -0.998318 0.032515 -0.048003
vn -0.989112 -0.053376 -0.137145
vn 0.133276 0.970682 0.200033
vn 0.190706 0.981272 0.027155
vn 0.417807 0.908532 0.002723
vn -0.719156 0.652615 0.238555
vn -0.651431 0.719939 0.239429
vn -0.825285 0.539943 0.165428
vn -0.933052 0.229460 -0.277059
vn -0.971431 0.207283 -0.115566
vn -0.950326 -0.311256 -0.000444
vn -0.999502 -0.028401 -0.013798
vn -0.995280 -0.020605 -0.094828
vn -0.993242 -0.096080 -0.065107
vn 0.000000 -0.994925 0.100622
vn -0.270289 -0.961571 0.048218
vn 0.000000 -0.999382 0.035146
vn -0.996423 0.005863 -0.084307
vn -0.997053 0.047682 -0.060103
vn -0.846082 0.524529 -0.094941
vn -0.999915 0.011239 -0.006672
vn -0.995280 -0.020605 -0.094828
vn -0.999502 -0.028401 -0.013798
vn -0.614347 0.746739 0.254871
vn -0.663523 0.689782 0.289721
vn -0.719156 0.652615 0.238555
vn 0.000000 -0.980263 0.197696
vn -0.172538 -0.972443 0.156796
vn 0.000000 -0.994925 0.100622
vn -0.825285 0.539943 0.165428
vn -0.871950 0.482637 0.082248
vn -0.719156 0.652615 0.238555
vn -0.350261 0.824658 0.444135
vn -0.291535 0.843094 0.451884
vn -0.508479 0.758715 0.407187
vn -0.990575 -0.023582 -0.134923
vn -0.999276 0.033504 -0.018014
vn -0.979698 -0.093087 -0.177558
vn 0.000000 0.883150 0.469090
vn -0.291535 0.843094 0.451884
vn 0.000000 0.881493 0.472197
vn -0.021973 -0.998997 0.039020
vn 0.208347 -0.976323 -0.058179
vn 0.097633 -0.991755 0.083008
vn -1.000000 0.000000 0.000000
vn -0.996616 0.082183 0.001830
vn -0.971162 0.179443 0.156986
vn -0.220835 -0.884627 0.410691
vn -0.340794 -0.913225 0.223336
vn 0.072273 -0.997382 0.002296
vn -0.156847 -0.959856 0.232541
vn -0.118941 -0.963788 0.238675
vn -0.340794 -0.913225 0.223336
vn -0.999505 0.000942 -0.031444
vn -0.825219 -0.561858 -0.057708
vn -0.999919 -0.001636 0.012592
vn 0.000000 -0.969764 0.244043
vn -0.118941 -0.963788 0.238675
vn 0.000000 -0.971719 0.236141
vn -0.950326 -0.311256 -0.000444
vn -0.531305 -0.846650 -0.029998
vn -0.367374 -0.925011 -0.096910
vn -0.864909 0.496662 -0.072516
vn -0.640446 0.763938 -0.078917
vn -0.824424 0.565404 0.025376
vn -0.821157 0.537101 0.192935
vn -0.762452 0.355410 0.540695
vn -0.707950 0.665850 0.235478
vn -0.045510 -0.997045 0.061885
vn -0.044705 -0.914078 -0.403066
vn -0.608689 -0.793381 -0.006615
vn -0.999505 0.000942 -0.031444
vn -0.929481 0.368837 -0.004994
vn -0.867277 0.493424 -0.066054
vn 0.000000 -0.981413 0.191909
vn 0.072273 -0.997382 0.002296
vn 0.000000 -0.966743 -0.255750
vn -0.819370 0.567371 -0.081995
vn -0.867277 0.493424 -0.066054
vn -0.620791 0.773419 -0.128227
vn -0.964764 0.191923 -0.179992
vn -0.998532 0.053311 -0.009540
vn -0.990575 -0.023582 -0.134923
vn -0.021973 -0.998997 0.039020
vn 0.097633 -0.991755 0.083008
vn 0.158287 -0.977152 0.141844
vn -0.825219 -0.561858 -0.057708
vn -0.361642 -0.931827 -0.030215
vn -0.863031 -0.505150 0.000557
vn -0.787242 0.610021 -0.090142
vn -0.821157 0.537101 0.192935
vn -0.681701 0.727881 -0.073982
vn -0.975209 0.220825 0.014313
vn -0.871950 0.482637 0.082248
vn -0.825285 0.539943 0.165428
vn -0.864909 0.496662 -0.072516
vn -0.824424 0.565404 0.025376
vn -0.900855 0.414637 -0.128590
vn 0.190706 0.981272 0.027155
vn 0.133276 0.970682 0.200033
vn 0.058702 0.998128 0.017150
vn -0.998318 0.032515 -0.048003
vn -0.999276 0.033504 -0.018014
vn -0.971162 0.179443 0.156986
vn -0.994590 -0.101627 0.021504
vn 0.000000 -0.986091 0.166207
vn -0.929686 -0.323163 -0.176775
vn -0.767984 0.639983 0.024944
vn -0.694561 0.697715 0.175437
vn -0.925164 0.360037 0.120189
vn -0.707950 0.665850 0.235478
vn -0.695069 0.603188 0.391208
vn -0.713215 0.686376 0.142171
vn -0.361642 -0.931827 -0.030215
vn 0.000000 -0.999930 -0.011830
vn -0.296359 -0.955003 0.011863
vn -0.873529 0.444535 0.198332
vn -0.824424 0.565404 0.025376
vn -0.601299 0.781069 0.168436
vn -0.864909 0.496662 -0.072516
vn -0.900855 0.414637 -0.128590
vn -0.993266 0.056973 -0.100881
vn -0.864909 0.496662 -0.072516
vn -0.993266 0.056973 -0.100881
vn -0.846082 0.524529 -0.094941
vn -0.863031 -0.505150 0.000557
vn -0.574626 -0.817916 0.028618
vn -0.895990 -0.443875 0.013309
vn -0.987110 0.160017 0.002722
vn -0.997273 0.069162 -0.025762
vn -0.928036 -0.372489 -0.001194
vn -0.928036 -0.372489 -0.001194
vn -0.972509 -0.203200 0.113736
vn -0.987110 0.160017 0.002722
vn -0.541883 -0.840101 0.024377
vn -0.539819 -0.821715 0.182704
vn -0.928036 -0.372489 -0.001194
vn -0.987110 0.160017 0.002722
vn -0.925164 0.360037 0.120189
vn -0.871950 0.482637 0.082248
vn -0.987225 -0.046848 0.152293
vn -0.950326 -0.311256 -0.000444
vn -0.971431 0.207283 -0.115566
vn -0.994213 -0.029627 -0.103260
vn -0.987647 0.143345 -0.063292
vn -0.968131 0.190167 -0.162970
vn -0.997273 0.069162 -0.025762
vn -0.975209 0.220825 0.014313
vn -0.999919 -0.001636 0.012592
vn -0.561900 -0.827196 0.003899
vn -0.825219 -0.561858 -0.057708
vn -0.893519 -0.448906 0.010340
vn -0.561900 -0.827196 0.003899
vn -0.488594 -0.863737 -0.123429
vn -0.825219 -0.561858 -0.057708
vn -0.748918 0.601190 -0.278733
vn -0.620791 0.773419 -0.128227
vn -0.818157 0.554178 -0.153314
vn -0.220835 -0.884627 0.410691
vn -0.297498 -0.906229 0.300407
vn -0.340794 -0.913225 0.223336
vn 0.669278 -0.665374 -0.330674
vn 0.660066 -0.719545 -0.215798
vn 0.680649 -0.696184 -0.228134
vn -0.694561 0.697715 0.175437
vn -0.373625 0.893773 0.248141
vn -0.697562 0.695238 0.173352
vn -0.867277 0.493424 -0.066054
vn -0.997053 0.047682 -0.060103
vn -0.999505 0.000942 -0.031444
vn 0.680649 -0.696184 -0.228134
vn 0.660066 -0.719545 -0.215798
vn 0.678843 -0.730507 -0.074372
vn -0.928036 -0.372489 -0.001194
vn -0.921986 -0.385435 -0.037164
vn -0.541883 -0.840101 0.024377
vn 0.568699 -0.812563 -0.127759
vn 0.660066 -0.719545 -0.215798
vn 0.545738 -0.783996 -0.295840
vn 0.052389 -0.996645 -0.062880
vn -0.488594 -0.863737 -0.123429
vn -0.561900 -0.827196 0.003899
vn 0.491418 -0.862490 -0.120912
vn 0.545738 -0.783996 -0.295840
vn 0.466218 -0.830093 -0.305918
vn 0.491418 -0.862490 -0.120912
vn 0.568699 -0.812563 -0.127759
vn 0.545738 -0.783996 -0.295840
vn -0.190616 0.978453 -0.079339
vn -0.450868 0.882243 0.135517
vn -0.767984 0.639983 0.024944
vn 0.052389 -0.996645 -0.062880
vn 0.334947 -0.936743 -0.101598
vn -0.367374 -0.925011 -0.096910
vn -0.974659 0.206607 -0.085751
vn -0.978022 -0.055971 -0.200847
vn -0.989013 0.146965 -0.015931
vn 0.000000 0.932549 0.361043
vn -0.373625 0.893773 0.248141
vn 0.000000 0.953012 0.302934
vn 0.860172 -0.465302 -0.208804
vn 0.874110 -0.397036 -0.279811
vn 0.874802 -0.455932 -0.163853
vn -0.861555 0.457498 0.220041
vn -0.929481 0.368837 -0.004994
vn -0.825285 0.539943 0.165428
vn -0.415250 0.857219 -0.304539
vn 0.046822 0.946846 -0.318260
vn -0.848853 0.427409 -0.311080
vn -0.993266 0.056973 -0.100881
vn -0.960114 -0.251559 -0.122066
vn -0.996423 0.005863 -0.084307
vn -0.960114 -0.251559 -0.122066
vn -0.950326 -0.311256 -0.000444
vn -0.944750 -0.320216 -0.070065
vn -0.991218 -0.128354 -0.031802
vn -0.988529 -0.126688 0.082227
vn -0.951694 -0.231161 0.202095
vn -0.999915 0.011239 -0.006672
vn -0.993314 -0.113425 -0.021480
vn -0.999767 0.008921 -0.019663
vn -0.975398 -0.096892 -0.198015
vn -0.992015 -0.026909 -0.123213
vn -0.934055 0.196233 -0.298386
vn 0.021625 0.965894 -0.258032
vn -0.190616 0.978453 -0.079339
vn -0.767984 0.639983 0.024944
vn 0.607279 -0.794441 -0.008722
vn 0.491418 -0.862490 -0.120912
vn 0.571053 -0.818491 0.063010
vn -0.373625 0.893773 0.248141
vn 0.000000 0.932549 0.361043
vn -0.614347 0.746739 0.254871
vn -0.340794 -0.913225 0.223336
vn 0.313584 -0.920008 -0.235055
vn 0.072273 -0.997382 0.002296
vn -0.340794 -0.913225 0.223336
vn -0.539819 -0.821715 0.182704
vn -0.156847 -0.959856 0.232541
vn -0.539819 -0.821715 0.182704
vn -0.541883 -0.840101 0.024377
vn -0.172538 -0.972443 0.156796
vn -0.541883 -0.840101 0.024377
vn -0.502485 -0.864539 -0.008995
vn -0.270289 -0.961571 0.048218
vn -0.502485 -0.864539 -0.008995
vn -0.574626 -0.817916 0.028618
vn -0.285100 -0.957564 0.042292
vn -0.190616 0.978453 -0.079339
vn -0.162884 0.973387 0.161204
vn -0.450868 0.882243 0.135517
vn -0.608689 -0.793381 -0.006615
vn -0.044705 -0.914078 -0.403066
vn -0.039994 -0.606005 -0.794455
vn -0.190616 0.978453 -0.079339
vn 0.021625 0.965894 -0.258032
vn 0.020598 0.998910 -0.041892
vn 0.046822 0.946846 -0.318260
vn 0.020598 0.998910 -0.041892
vn 0.021625 0.965894 -0.258032
vn -0.014826 0.979482 0.200986
vn 0.058702 0.998128 0.017150
vn 0.133276 0.970682 0.200033
vn 0.020598 0.998910 -0.041892
vn -0.162884 0.973387 0.161204
vn -0.190616 0.978453 -0.079339
vn -0.791816 0.564551 0.233045
vn -0.818023 0.562770 -0.118866
vn -0.894716 0.401404 0.195853
vn -0.954378 0.262665 0.142020
vn -0.987603 0.156316 0.014354
vn -0.989080 -0.032416 0.143774
vn -0.994664 0.005960 -0.102998
vn -0.991218 -0.128354 -0.031802
vn -0.983002 -0.140792 -0.117835
vn -0.999919 -0.001636 0.012592
vn -0.975209 0.220825 0.014313
vn -0.929481 0.368837 -0.004994
vn -0.929481 0.368837 -0.004994
vn -0.861555 0.457498 0.220041
vn -0.961824 0.266435 -0.062511
vn -0.929481 0.368837 -0.004994
vn -0.999505 0.000942 -0.031444
vn -0.999919 -0.001636 0.012592
vn -0.999505 0.000942 -0.031444
vn -0.893519 -0.448906 0.010340
vn -0.825219 -0.561858 -0.057708
vn -0.997053 0.047682 -0.060103
vn -0.867277 0.493424 -0.066054
vn -0.819370 0.567371 -0.081995
vn -0.928036 -0.372489 -0.001194
vn -0.997273 0.069162 -0.025762
vn -0.921986 -0.385435 -0.037164
vn -0.285100 -0.957564 0.042292
vn 0.000000 -0.999573 0.029215
vn 0.000000 -0.999382 0.035146
vn -0.574626 -0.817916 0.028618
vn -0.296359 -0.955003 0.011863
vn -0.285100 -0.957564 0.042292
vn -0.993314 -0.113425 -0.021480
vn -0.999055 -0.029192 -0.032192
vn -0.999767 0.008921 -0.019663
vn -0.929686 -0.323163 -0.176775
vn -0.982183 -0.108996 -0.153090
vn -0.994590 -0.101627 0.021504
vn -0.863031 -0.505150 0.000557
vn -0.997273 0.069162 -0.025762
vn -0.999919 -0.001636 0.012592
vn -0.863031 -0.505150 0.000557
vn -0.921986 -0.385435 -0.037164
vn -0.997273 0.069162 -0.025762
vn -0.873529 0.444535 0.198332
vn -0.989013 0.146965 -0.015931
vn -0.987647 0.143345 -0.063292
vn -0.994590 -0.101627 0.021504
vn -0.985994 0.162006 0.039635
vn -0.999178 0.012957 -0.038426
vn -0.978022 -0.055971 -0.200847
vn -0.987647 0.143345 -0.063292
vn -0.989013 0.146965 -0.015931
vn -0.999055 -0.029192 -0.032192
vn -0.985994 0.162006 0.039635
vn -0.994882 0.096652 0.029481
vn -0.951694 -0.231161 0.202095
vn -0.994590 -0.101627 0.021504
vn -0.991218 -0.128354 -0.031802
vn -0.991218 -0.128354 -0.031802
vn -0.995017 -0.068064 -0.072859
vn -0.983002 -0.140792 -0.117835
vn -0.999324 -0.031784 -0.018480
vn -0.988362 -0.131605 0.076299
vn -0.988529 -0.126688 0.082227
vn -0.974588 -0.196379 -0.107769
vn -0.995017 -0.068064 -0.072859
vn -0.999055 -0.029192 -0.032192
vn -0.999324 -0.031784 -0.018480
vn -0.981058 0.120122 -0.151974
vn -0.997259 -0.069873 0.024333
vn -0.997108 0.073686 0.018597
vn -0.999915 0.011239 -0.006672
vn -0.999767 0.008921 -0.019663
vn -0.994882 0.096652 0.029481
vn -0.999767 0.008921 -0.019663
vn -0.999055 -0.029192 -0.032192
vn -0.987647 0.143345 -0.063292
vn -0.824424 0.565404 0.025376
vn -0.873529 0.444535 0.198332
vn -0.981058 0.120122 -0.151974
vn -0.992015 -0.026909 -0.123213
vn -0.997259 -0.069873 0.024333
vn -0.958596 -0.280658 0.048212
vn -0.997259 -0.069873 0.024333
vn -0.992015 -0.026909 -0.123213
vn -0.539819 -0.821715 0.182704
vn -0.608689 -0.793381 -0.006615
vn -0.972509 -0.203200 0.113736
vn -0.045510 -0.997045 0.061885
vn 0.170915 -0.977327 -0.124985
vn -0.044705 -0.914078 -0.403066
vn -0.082675 -0.958084 0.274300
vn -0.045510 -0.997045 0.061885
vn -0.297498 -0.906229 0.300407
vn -0.964764 0.191923 -0.179992
vn -0.961824 0.266435 -0.062511
vn -0.998532 0.053311 -0.009540
vn -0.746819 0.378711 0.546662
vn -0.920372 0.239340 0.309243
vn -0.848405 0.327279 0.416049
vn -0.920372 0.239340 0.309243
vn -0.998532 0.053311 -0.009540
vn -0.848405 0.327279 0.416049
vn -0.220835 -0.884627 0.410691
vn 0.000000 -0.981413 0.191909
vn 0.000000 -0.878562 0.477628
vn 0.000000 -0.992930 -0.118697
vn -0.361642 -0.931827 -0.030215
vn -0.488594 -0.863737 -0.123429
vn 0.891623 -0.238503 -0.384869
vn 0.860172 -0.465302 -0.208804
vn 0.902624 -0.396706 -0.167013
vn 0.000000 -0.992294 -0.123906
vn -0.531305 -0.846650 -0.029998
vn 0.000000 -0.989164 -0.146815
vn 0.828438 -0.556885 0.059751
vn 0.860172 -0.465302 -0.208804
vn 0.797760 -0.575807 0.178957
vn 0.097633 -0.991755 0.083008
vn -0.034066 -0.971228 0.235703
vn 0.144615 -0.959788 0.240612
vn -0.929481 0.368837 -0.004994
vn -0.818157 0.554178 -0.153314
vn -0.867277 0.493424 -0.066054
vn -0.160189 -0.878102 0.450861
vn 0.000000 -0.878562 0.477628
vn 0.000000 -0.846255 0.532778
vn -0.160189 -0.878102 0.450861
vn -0.297498 -0.906229 0.300407
vn -0.220835 -0.884627 0.410691
vn -0.711035 0.677774 0.187221
vn -0.722581 0.641501 0.257592
vn -0.702523 0.643170 0.304619
vn 0.607279 -0.794441 -0.008722
vn 0.660066 -0.719545 -0.215798
vn 0.568699 -0.812563 -0.127759
vn 0.000000 -0.980263 0.197696
vn -0.156847 -0.959856 0.232541
vn -0.172538 -0.972443 0.156796
vn -0.721543 0.688556 -0.072567
vn -0.707950 0.665850 0.235478
vn -0.713215 0.686376 0.142171
vn -0.884007 0.466107 -0.035715
vn -0.900855 0.414637 -0.128590
vn -0.683294 0.698647 -0.212135
vn -0.861555 0.457498 0.220041
vn -0.998532 0.053311 -0.009540
vn -0.961824 0.266435 -0.062511
vn -0.993266 0.056973 -0.100881
vn -0.980170 -0.056965 -0.189792
vn -0.960114 -0.251559 -0.122066
vn 0.699719 0.700961 -0.138012
vn 0.627314 0.769427 -0.120249
vn 0.675899 0.723969 -0.137947
vn -0.653143 0.548885 0.521660
vn -0.848405 0.327279 0.416049
vn -0.861555 0.457498 0.220041
vn -0.598217 0.736913 0.314795
vn -0.861555 0.457498 0.220041
vn -0.825285 0.539943 0.165428
vn -0.721543 0.688556 -0.072567
vn -0.736480 0.674924 -0.045552
vn -0.774410 0.625032 -0.098099
vn 0.000000 -0.991598 -0.129361
vn -0.367374 -0.925011 -0.096910
vn 0.000000 -0.992294 -0.123906
vn 0.000000 -0.992930 -0.118697
vn 0.052389 -0.996645 -0.062880
vn 0.000000 -0.991598 -0.129361
vn -0.972509 -0.203200 0.113736
vn -0.767984 0.639983 0.024944
vn -0.925164 0.360037 0.120189
vn 0.591560 -0.802905 -0.073490
vn 0.620728 -0.761225 -0.187706
vn 0.735450 -0.675906 0.047592
vn -0.979402 0.147082 -0.138344
vn -0.994213 -0.029627 -0.103260
vn -0.919463 -0.389308 -0.055012
vn 0.594740 0.610786 -0.522709
vn 0.513292 0.509890 -0.690322
vn 0.626968 0.652981 -0.424885
vn -0.620791 0.773419 -0.128227
vn -0.846082 0.524529 -0.094941
vn -0.819370 0.567371 -0.081995
vn -0.944750 -0.320216 -0.070065
vn -0.997053 0.047682 -0.060103
vn -0.996423 0.005863 -0.084307
vn -0.825285 0.539943 0.165428
vn -0.651431 0.719939 0.239429
vn -0.598217 0.736913 0.314795
vn 0.000000 -0.999382 0.035146
vn -0.270289 -0.961571 0.048218
vn -0.285100 -0.957564 0.042292
vn -0.846082 0.524529 -0.094941
vn -0.997053 0.047682 -0.060103
vn -0.819370 0.567371 -0.081995
vn -0.719156 0.652615 0.238555
vn -0.663523 0.689782 0.289721
vn -0.651431 0.719939 0.239429
vn 0.000000 -0.994925 0.100622
vn -0.172538 -0.972443 0.156796
vn -0.270289 -0.961571 0.048218
vn -0.979698 -0.093087 -0.177558
vn -0.999276 0.033504 -0.018014
vn -0.998318 0.032515 -0.048003
vn 0.000000 0.881493 0.472197
vn -0.291535 0.843094 0.451884
vn -0.350261 0.824658 0.444135
vn 0.097633 -0.991755 0.083008
vn 0.208347 -0.976323 -0.058179
vn 0.170915 -0.977327 -0.124985
vn -0.971162 0.179443 0.156986
vn -0.996616 0.082183 0.001830
vn -0.998318 0.032515 -0.048003
vn -0.999919 -0.001636 0.012592
vn -0.825219 -0.561858 -0.057708
vn -0.863031 -0.505150 0.000557
vn 0.000000 -0.971719 0.236141
vn -0.118941 -0.963788 0.238675
vn -0.156847 -0.959856 0.232541
vn -0.707950 0.665850 0.235478
vn -0.762452 0.355410 0.540695
vn -0.695069 0.603188 0.391208
vn 0.000000 -0.966743 -0.255750
vn 0.072273 -0.997382 0.002296
vn 0.313584 -0.920008 -0.235055
vn -0.620791 0.773419 -0.128227
vn -0.867277 0.493424 -0.066054
vn -0.818157 0.554178 -0.153314
vn -0.990575 -0.023582 -0.134923
vn -0.998532 0.053311 -0.009540
vn -0.999276 0.033504 -0.018014
vn 0.158287 -0.977152 0.141844
vn 0.097633 -0.991755 0.083008
vn 0.144615 -0.959788 0.240612
vn -0.863031 -0.505150 0.000557
vn -0.361642 -0.931827 -0.030215
vn -0.296359 -0.955003 0.011863
vn -0.681701 0.727881 -0.073982
vn -0.821157 0.537101 0.192935
vn -0.707950 0.665850 0.235478
vn -0.871950 0.482637 0.082248
vn -0.975209 0.220825 0.014313
vn -0.997273 0.069162 -0.025762
vn -0.900855 0.414637 -0.128590
vn -0.824424 0.565404 0.025376
vn -0.979402 0.147082 -0.138344
vn -0.971162 0.179443 0.156986
vn -0.999276 0.033504 -0.018014
vn -0.920372 0.239340 0.309243
vn -0.929686 -0.323163 -0.176775
vn 0.000000 -0.986091 0.166207
vn 0.000000 -0.995146 -0.098411
vn -0.925164 0.360037 0.120189
vn -0.694561 0.697715 0.175437
vn -0.697562 0.695238 0.173352
vn -0.713215 0.686376 0.142171
vn -0.695069 0.603188 0.391208
vn -0.722581 0.641501 0.257592
vn -0.296359 -0.955003 0.011863
vn 0.000000 -0.999930 -0.011830
vn 0.000000 -0.999573 0.029215
vn -0.993266 0.056973 -0.100881
vn -0.900855 0.414637 -0.128590
vn -0.982183 -0.108996 -0.153090
vn -0.846082 0.524529 -0.094941
vn -0.993266 0.056973 -0.100881
vn -0.996423 0.005863 -0.084307
vn -0.987110 0.160017 0.002722
vn -0.972509 -0.203200 0.113736
vn -0.925164 0.360037 0.120189
vn -0.928036 -0.372489 -0.001194
vn -0.539819 -0.821715 0.182704
vn -0.972509 -0.203200 0.113736
vn -0.871950 0.482637 0.082248
vn -0.925164 0.360037 0.120189
vn -0.697562 0.695238 0.173352
vn -0.825219 -0.561858 -0.057708
vn -0.488594 -0.863737 -0.123429
vn -0.361642 -0.931827 -0.030215
vn -0.340794 -0.913225 0.223336
vn -0.297498 -0.906229 0.300407
vn -0.608689 -0.793381 -0.006615
vn -0.697562 0.695238 0.173352
vn -0.373625 0.893773 0.248141
vn -0.614347 0.746739 0.254871
vn -0.541883 -0.840101 0.024377
vn -0.921986 -0.385435 -0.037164
vn -0.502485 -0.864539 -0.008995
vn 0.545738 -0.783996 -0.295840
vn 0.660066 -0.719545 -0.215798
vn 0.621030 -0.681578 -0.387006
vn -0.767984 0.639983 0.024944
vn -0.450868 0.882243 0.135517
vn -0.694561 0.697715 0.175437
vn 0.000000 0.953012 0.302934
vn -0.373625 0.893773 0.248141
vn -0.183941 0.953265 0.239692
vn -0.996423 0.005863 -0.084307
vn -0.960114 -0.251559 -0.122066
vn -0.944750 -0.320216 -0.070065
vn -0.944750 -0.320216 -0.070065
vn -0.950326 -0.311256 -0.000444
vn -0.367374 -0.925011 -0.096910
vn -0.614347 0.746739 0.254871
vn 0.000000 0.932549 0.361043
vn -0.663523 0.689782 0.289721
vn -0.156847 -0.959856 0.232541
vn -0.539819 -0.821715 0.182704
vn -0.172538 -0.972443 0.156796
vn -0.172538 -0.972443 0.156796
vn -0.541883 -0.840101 0.024377
vn -0.270289 -0.961571 0.048218
vn -0.270289 -0.961571 0.048218
vn -0.502485 -0.864539 -0.008995
vn -0.285100 -0.957564 0.042292
vn -0.450868 0.882243 0.135517
vn -0.162884 0.973387 0.161204
vn -0.183941 0.953265 0.239692
vn -0.929481 0.368837 -0.004994
vn -0.975209 0.220825 0.014313
vn -0.825285 0.539943 0.165428
vn 0.811405 0.124468 -0.571077
vn 0.776272 0.622554 -0.099137
vn 0.999593 0.028528 0.000000
vn 0.372465 0.683436 -0.627841
vn 0.372465 0.683436 -0.627841
vn 0.776272 0.622554 -0.099137
vn 0.811405 0.124468 -0.571077
vn 0.359960 0.853349 0.377126
vn 0.359960 0.853349 0.377126
vn 0.805508 0.303721 0.508832
vn 0.776272 0.622554 -0.099137
vn 0.776272 0.622554 -0.099137
vn 0.805508 0.303721 0.508832
vn 0.999593 0.028528 0.000000
vn 0.835582 -0.486080 -0.255985
vn 0.811405 0.124468 -0.571077
vn 0.999593 0.028528 0.000000
vn 0.468369 -0.395243 -0.790198
vn 0.468369 -0.395243 -0.790198
vn 0.811405 0.124468 -0.571077
vn 0.835582 -0.486080 -0.255985
vn 0.460540 -0.120939 0.879361
vn 0.460540 -0.120939 0.879361
vn 0.832480 -0.377372 0.405669
vn 0.805508 0.303721 0.508832
vn 0.805508 0.303721 0.508832
vn 0.832480 -0.377372 0.405669
vn 0.999593 0.028528 0.000000
vn 0.832480 -0.377372 0.405669
vn 0.835582 -0.486080 -0.255985
vn 0.999593 0.028528 0.000000
vn 0.481757 -0.864348 0.144269
vn 0.481757 -0.864348 0.144269
vn 0.835582 -0.486080 -0.255985
vn 0.832480 -0.377372 0.405669
vn -0.999593 0.028528 0.000000
vn -0.776272 0.622554 -0.099137
vn -0.811405 0.124468 -0.571077
vn -0.811405 0.124468 -0.571077
vn -0.776272 0.622554 -0.099137
vn -0.372465 0.683436 -0.627841
vn -0.372465 0.683436 -0.627841
vn -0.776272 0.622554 -0.099137
vn -0.805508 0.303721 0.508832
vn -0.359960 0.853349 0.377126
vn -0.359960 0.853349 0.377126
vn -0.999593 0.028528 0.000000
vn -0.805508 0.303721 0.508832
vn -0.776272 0.622554 -0.099137
vn -0.999593 0.028528 0.000000
vn -0.811405 0.124468 -0.571077
vn -0.835582 -0.486080 -0.255985
vn -0.835582 -0.486080 -0.255985
vn -0.811405 0.124468 -0.571077
vn -0.468369 -0.395243 -0.790198
vn -0.468369 -0.395243 -0.790198
vn -0.805508 0.303721 0.508832
vn -0.832480 -0.377372 0.405669
vn -0.460540 -0.120939 0.879361
vn -0.460540 -0.120939 0.879361
vn -0.999593 0.028528 0.000000
vn -0.832480 -0.377372 0.405669
vn -0.805508 0.303721 0.508832
vn -0.999593 0.028528 0.000000
vn -0.835582 -0.486080 -0.255985
vn -0.832480 -0.377372 0.405669
vn -0.832480 -0.377372 0.405669
vn -0.835582 -0.486080 -0.255985
vn -0.481757 -0.864348 0.144269
vn -0.481757 -0.864348 0.144269
vt 0.483868 0.936600
vt 0.497380 0.982499
vt 0.497826 0.927511
vt 0.483868 0.936600
vt 0.497380 0.982499
vt 0.497826 0.927511
vt 0.483868 0.936600
vt 0.497380 0.982499
vt 0.511338 0.937493
vt 0.497826 0.927511
vt 0.497380 0.982499
vt 0.511338 0.937493
vt 0.511338 0.937493
vt 0.497380 0.936600
vt 0.497380 0.982499
vt 0.483868 0.936600
vt 0.497380 0.982499
vt 0.497380 0.936600
vt 0.497826 0.927511
vt 0.497380 0.982499
vt 0.483868 0.936600
vt 0.511338 0.937493
vt 0.497380 0.982499
vt 0.497380 0.936600
vt 0.483868 0.936600
vt 0.497380 0.936600
vt 0.497380 0.982499
vt 0.497826 0.927511
vt 0.497380 0.982499
vt 0.511338 0.937493
vt 0.511338 0.937493
vt 0.497380 0.936600
vt 0.497380 0.982499
vt 0.483868 0.936600
vt 0.497380 0.982499
vt 0.497380 0.936600
vt 0.497826 0.927511
vt 0.497380 0.982499
vt 0.483868 0.936600
vt 0.511338 0.937493
vt 0.497380 0.982499
vt 0.483868 0.936600
vt 0.483868 0.936600
vt 0.497380 0.982499
vt 0.511338 0.937493
vt 0.497826 0.927511
vt 0.497380 0.982499
vt 0.511338 0.937493
vt 0.511338 0.937493
vt 0.497380 0.982499
vt 0.483868 0.936600
vt 0.483868 0.936600
vt 0.497380 0.982499
vt 0.511338 0.937493
vt 0.497826 0.927511
vt 0.497380 0.982499
vt 0.483868 0.936600
vt 0.511338 0.937493
vt 0.497380 0.982499
vt 0.483868 0.936600
vt 0.483868 0.936600
vt 0.497380 0.982499
vt 0.511338 0.937493
vt 0.497826 0.927511
vt 0.497380 0.982499
vt 0.511338 0.937493
vt 0.511338 0.937493
vt 0.497380 0.982499
vt 0.483868 0.936600
vt 0.483868 0.936600
vt 0.497380 0.982499
vt 0.511338 0.937493
vt 0.497826 0.927511
vt 0.497380 0.982499
vt 0.483868 0.936600
vt 0.511338 0.937493
vt 0.497380 0.982499
vt 0.483868 0.936600
vt 0.497826 0.927511
vt 0.497380 0.982499
vt 0.483868 0.936600
vt 0.497826 0.927511
vt 0.497380 0.982499
vt 0.511338 0.937493
vt 0.483868 0.936600
vt 0.497380 0.982499
vt 0.511338 0.937493
vt 0.511338 0.937493
vt 0.497380 0.982499
vt 0.483868 0.936600
vt 0.497826 0.927511
vt 0.497380 0.982499
vt 0.483868 0.936600
vt 0.511338 0.937493
vt 0.497380 0.982499
vt 0.497826 0.927511
vt 0.483868 0.936600
vt 0.497380 0.982499
vt 0.511338 0.937493
vt 0.511338 0.937493
vt 0.497380 0.982499
vt 0.483868 0.936600
vt 0.483868 0.936600
vt 0.497380 0.982499
vt 0.497826 0.927511
vt 0.483868 0.936600
vt 0.497380 0.982499
vt 0.511338 0.937493
vt 0.511338 0.937493
vt 0.497380 0.982499
vt 0.483868 0.936600
vt 0.497826 0.927511
vt 0.497380 0.982499
vt 0.511338 0.937493
vt 0.511338 0.937493
vt 0.497380 0.982499
vt 0.483868 0.936600
vt 0.483868 0.936600
vt 0.497380 0.982499
vt 0.497826 0.927511
vt 0.497826 0.927511
vt 0.497380 0.982499
vt 0.483868 0.936600
vt 0.511338 0.937493
vt 0.497380 0.982499
vt 0.497826 0.927511
vt 0.511338 0.937493
vt 0.497380 0.982499
vt 0.497826 0.927511
vt 0.497826 0.927511
vt 0.497380 0.982499
vt 0.511338 0.937493
vt 0.483868 0.936600
vt 0.497380 0.982499
vt 0.497826 0.927511
vt 0.511338 0.937493
vt 0.497380 0.982499
vt 0.497826 0.927511
vt 0.497826 0.927511
vt 0.497380 0.982499
vt 0.483868 0.936600
vt 0.511338 0.937493
vt 0.497380 0.982499
vt 0.497826 0.927511
vt 0.483868 0.936600
vt 0.497380 0.982499
vt 0.497826 0.927511
vt 0.497826 0.927511
vt 0.497380 0.982499
vt 0.511338 0.937493
vt 0.483868 0.936600
vt 0.497380 0.982499
vt 0.497826 0.927511
vt 0.511338 0.937493
vt 0.497380 0.982499
vt 0.497826 0.927511
vt 0.497826 0.927511
vt 0.497380 0.982499
vt 0.483868 0.936600
vt 0.483868 0.936600
vt 0.497380 0.982499
vt 0.497826 0.927511
vt 0.511338 0.937493
vt 0.497380 0.982499
vt 0.497826 0.927511
vt 0.497826 0.927511
vt 0.497380 0.982499
vt 0.511338 0.937493
vt 0.483868 0.936600
vt 0.497380 0.982499
vt 0.497826 0.927511
vt 0.483868 0.936600
vt 0.497380 0.982499
vt 0.497826 0.927511
vt 0.497826 0.927511
vt 0.497380 0.982499
vt 0.483868 0.936600
vt 0.511338 0.937493
vt 0.497380 0.982499
vt 0.497826 0.927511
vt 0.497826 0.927511
vt 0.497380 0.982499
vt 0.511338 0.937493
vt 0.511338 0.937493
vt 0.497380 0.982499
vt 0.497826 0.927511
vt 0.511338 0.937493
vt 0.497380 0.982499
vt 0.497826 0.927511
vt 0.497826 0.927511
vt 0.497380 0.982499
vt 0.483868 0.936600
vt 0.497826 0.927511
vt 0.497380 0.982499
vt 0.483868 0.936600
vt 0.511338 0.937493
vt 0.497380 0.982499
vt 0.483868 0.936600
vt 0.511338 0.937493
vt 0.497380 0.982499
vt 0.497826 0.927511
vt 0.497380 0.982499
vt 0.497380 0.936600
vt 0.511338 0.937493
vt 0.497380 0.936600
vt 0.497380 0.982499
vt 0.483868 0.936600
vt 0.483868 0.936600
vt 0.497380 0.982499
vt 0.497826 0.927511
vt 0.497380 0.936600
vt 0.497380 0.982499
vt 0.511338 0.937493
vt 0.497380 0.982499
vt 0.497380 0.936600
vt 0.483868 0.936600
vt 0.511338 0.937493
vt 0.497380 0.982499
vt 0.497826 0.927511
vt 0.497380 0.982499
vt 0.497380 0.936600
vt 0.511338 0.937493
vt 0.497380 0.936600
vt 0.497380 0.982499
vt 0.483868 0.936600
vt 0.483868 0.936600
vt 0.497380 0.982499
vt 0.497826 0.927511
vt 0.483868 0.936600
vt 0.497380 0.982499
vt 0.511338 0.937493
vt 0.511338 0.937493
vt 0.497380 0.982499
vt 0.483868 0.936600
vt 0.511338 0.937493
vt 0.497380 0.982499
vt 0.497826 0.927511
vt 0.483868 0.936600
vt 0.497380 0.982499
vt 0.511338 0.937493
vt 0.511338 0.937493
vt 0.497380 0.982499
vt 0.483868 0.936600
vt 0.483868 0.936600
vt 0.497380 0.982499
vt 0.497826 0.927511
vt 0.483868 0.936600
vt 0.497380 0.982499
vt 0.511338 0.937493
vt 0.511338 0.937493
vt 0.497380 0.982499
vt 0.483868 0.936600
vt 0.511338 0.937493
vt 0.497380 0.982499
vt 0.497826 0.927511
vt 0.483868 0.936600
vt 0.497380 0.982499
vt 0.511338 0.937493
vt 0.511338 0.937493
vt 0.497380 0.982499
vt 0.483868 0.936600
vt 0.483868 0.936600
vt 0.497380 0.982499
vt 0.497826 0.927511
vt 0.483868 0.936600
vt 0.497380 0.982499
vt 0.511338 0.937493
vt 0.483868 0.936600
vt 0.497380 0.982499
vt 0.497826 0.927511
vt 0.511338 0.937493
vt 0.497380 0.982499
vt 0.497826 0.927511
vt 0.511338 0.937493
vt 0.497380 0.982499
vt 0.483868 0.936600
vt 0.483868 0.936600
vt 0.497380 0.982499
vt 0.511338 0.937493
vt 0.483868 0.936600
vt 0.497380 0.982499
vt 0.497826 0.927511
vt 0.497826 0.927511
vt 0.497380 0.982499
vt 0.511338 0.937493
vt 0.511338 0.937493
vt 0.497380 0.982499
vt 0.483868 0.936600
vt 0.483868 0.936600
vt 0.497380 0.982499
vt 0.511338 0.937493
vt 0.497826 0.927511
vt 0.497380 0.982499
vt 0.483868 0.936600
vt 0.511338 0.937493
vt 0.497380 0.982499
vt 0.483868 0.936600
vt 0.483868 0.936600
vt 0.497380 0.982499
vt 0.511338 0.937493
vt 0.511338 0.937493
vt 0.497380 0.982499
vt 0.497826 0.927511
vt 0.483868 0.936600
vt 0.497380 0.982499
vt 0.511338 0.937493
vt 0.497826 0.927511
vt 0.497380 0.982499
vt 0.483868 0.936600
vt 0.483868 0.936600
vt 0.497380 0.982499
vt 0.497826 0.927511
vt 0.497826 0.927511
vt 0.497380 0.982499
vt 0.511338 0.937493
vt 0.497826 0.927511
vt 0.497380 0.982499
vt 0.511338 0.937493
vt 0.511338 0.937493
vt 0.497380 0.982499
vt 0.497826 0.927511
vt 0.497826 0.927511
vt 0.497380 0.982499
vt 0.483868 0.936600
vt 0.497826 0.927511
vt 0.497380 0.982499
vt 0.511338 0.937493
vt 0.483868 0.936600
vt 0.497380 0.982499
vt 0.497826 0.927511
vt 0.497826 0.927511
vt 0.497380 0.982499
vt 0.511338 0.937493
vt 0.497826 0.927511
vt 0.497380 0.982499
vt 0.483868 0.936600
vt 0.511338 0.937493
vt 0.497380 0.982499
vt 0.497826 0.927511
vt 0.497826 0.927511
vt 0.497380 0.982499
vt 0.483868 0.936600
vt 0.497826 0.927511
vt 0.497380 0.982499
vt 0.511338 0.937493
vt 0.483868 0.936600
vt 0.497380 0.982499
vt 0.497826 0.927511
vt 0.497826 0.927511
vt 0.497380 0.982499
vt 0.483868 0.936600
vt 0.497826 0.927511
vt 0.497380 0.982499
vt 0.511338 0.937493
vt 0.511338 0.937493
vt 0.497380 0.982499
vt 0.497826 0.927511
vt 0.497826 0.927511
vt 0.497380 0.982499
vt 0.483868 0.936600
vt 0.497826 0.927511
vt 0.497380 0.982499
vt 0.483868 0.936600
vt 0.483868 0.936600
vt 0.497380 0.982499
vt 0.497826 0.927511
vt 0.497826 0.927511
vt 0.497380 0.982499
vt 0.511338 0.937493
vt 0.511338 0.937493
vt 0.497380 0.982499
vt 0.497826 0.927511
vt 0.497826 0.927511
vt 0.497380 0.982499
vt 0.511338 0.937493
vt 0.497826 0.927511
vt 0.497380 0.982499
vt 0.511338 0.937493
vt 0.205387 0.219257
vt 0.308820 0.169638
vt 0.308820 0.215588
vt 0.244127 0.266719
vt 0.308820 0.215588
vt 0.309063 0.265594
vt 0.947305 0.630707
vt 0.816595 0.500183
vt 0.824702 0.459739
vt 0.604174 0.308954
vt 0.579485 0.376461
vt 0.575444 0.324941
vt 0.309063 0.265594
vt 0.212809 0.310956
vt 0.244294 0.288934
vt 0.953118 0.667051
vt 0.988952 0.711048
vt 0.973209 0.715967
vt 0.541503 0.491105
vt 0.478791 0.544720
vt 0.477763 0.511366
vt 0.615237 0.533196
vt 0.615683 0.508119
vt 0.657077 0.479319
vt 0.561882 0.541357
vt 0.610406 0.602846
vt 0.600306 0.612470
vt 0.580670 0.473169
vt 0.579485 0.376461
vt 0.675432 0.357757
vt 0.675432 0.357757
vt 0.704041 0.493628
vt 0.681407 0.464880
vt 0.615683 0.508119
vt 0.605774 0.484288
vt 0.657077 0.479319
vt 0.620506 0.593222
vt 0.589244 0.532910
vt 0.615237 0.533196
vt 0.816595 0.500183
vt 0.704041 0.493628
vt 0.734546 0.394844
vt 0.680874 0.266116
vt 0.675432 0.357757
vt 0.663427 0.281732
vt 0.988952 0.711048
vt 0.953118 0.667051
vt 0.966110 0.667927
vt 0.722480 0.267366
vt 0.701409 0.299774
vt 0.702543 0.234543
vt 0.701409 0.299774
vt 0.734546 0.394844
vt 0.705051 0.362582
vt 0.722480 0.267366
vt 0.750376 0.144228
vt 0.757884 0.165824
vt 0.824702 0.459739
vt 0.734546 0.394844
vt 0.754755 0.357209
vt 0.722480 0.267366
vt 0.766071 0.187419
vt 0.743038 0.305189
vt 0.910684 0.671016
vt 0.953118 0.667051
vt 0.973209 0.715967
vt 0.610406 0.602846
vt 0.622361 0.620312
vt 0.600306 0.612470
vt 0.778599 0.135337
vt 0.771246 0.144066
vt 0.769044 0.132454
vt 0.799912 0.583408
vt 0.930722 0.634094
vt 0.910684 0.671016
vt 0.589244 0.532910
vt 0.547014 0.510978
vt 0.581550 0.497032
vt 0.766071 0.187419
vt 0.771246 0.144066
vt 0.774127 0.155679
vt 0.734546 0.394844
vt 0.704041 0.493628
vt 0.705051 0.362582
vt 0.769044 0.132454
vt 0.757884 0.165824
vt 0.750376 0.144228
vt 0.379625 0.992961
vt 0.367485 0.964398
vt 0.380356 0.986341
vt 0.085385 0.284219
vt 0.050700 0.342960
vt 0.050401 0.287282
vt 0.061576 0.716403
vt 0.113970 0.567515
vt 0.075003 0.581186
vt 0.956298 0.648616
vt 0.953118 0.667051
vt 0.947305 0.630707
vt 0.013323 0.879190
vt 0.061576 0.716403
vt 0.026319 0.726956
vt 0.371111 0.581668
vt 0.374346 0.587066
vt 0.353360 0.628936
vt 0.353360 0.628936
vt 0.297615 0.595238
vt 0.371111 0.581668
vt 0.277882 0.684503
vt 0.322267 0.851699
vt 0.319579 0.852695
vt 0.322267 0.851699
vt 0.301916 0.661562
vt 0.332491 0.834874
vt 0.603581 0.708889
vt 0.603161 0.696471
vt 0.609368 0.717079
vt 0.609368 0.717079
vt 0.603443 0.723225
vt 0.603581 0.708889
vt 0.722480 0.267366
vt 0.743038 0.305189
vt 0.701409 0.299774
vt 0.960581 0.623793
vt 0.956298 0.648616
vt 0.947305 0.630707
vt 0.920335 0.695961
vt 0.973850 0.760656
vt 0.904912 0.737200
vt 0.837926 0.796296
vt 0.860294 0.664609
vt 0.843805 0.802736
vt 0.843805 0.802736
vt 0.860294 0.664609
vt 0.904912 0.737200
vt 0.371980 0.350529
vt 0.418364 0.300992
vt 0.420849 0.356413
vt 0.984742 0.895692
vt 0.966900 0.893971
vt 0.962829 0.889851
vt 0.962829 0.889851
vt 0.985708 0.890043
vt 0.984742 0.895692
vt 0.028813 0.924663
vt 0.055016 0.995732
vt 0.061168 0.948238
vt 0.629591 0.616004
vt 0.624128 0.560821
vt 0.629531 0.564133
vt 0.421715 0.169100
vt 0.371423 0.215588
vt 0.371424 0.169638
vt 0.573733 0.276658
vt 0.532844 0.279090
vt 0.540867 0.225005
vt 0.604174 0.308954
vt 0.573733 0.276658
vt 0.605565 0.281335
vt 0.581550 0.497032
vt 0.580670 0.473169
vt 0.605774 0.484288
vt 0.877246 0.893669
vt 0.918425 0.857568
vt 0.897133 0.891941
vt 0.897133 0.891941
vt 0.926434 0.911129
vt 0.928679 0.995507
vt 0.136089 0.408546
vt 0.136265 0.360445
vt 0.209311 0.347936
vt 0.148981 0.617803
vt 0.169078 0.694685
vt 0.141383 0.721406
vt 0.938597 0.997133
vt 0.935791 0.913084
vt 0.962829 0.889851
vt 0.476960 0.225704
vt 0.532844 0.279090
vt 0.477265 0.276030
vt 0.870393 0.873825
vt 0.918425 0.857568
vt 0.875034 0.887997
vt 0.006152 0.396017
vt 0.035250 0.391300
vt 0.054193 0.416497
vt 0.654368 0.777549
vt 0.619583 0.777840
vt 0.660365 0.599860
vt 0.938597 0.997133
vt 0.962829 0.889851
vt 0.966900 0.893971
vt 0.075003 0.581186
vt 0.026319 0.726956
vt 0.061576 0.716403
vt 0.870393 0.873825
vt 0.875034 0.887997
vt 0.868438 0.904447
vt 0.727879 0.579892
vt 0.660365 0.599860
vt 0.715582 0.563452
vt 0.935791 0.913084
vt 0.939540 0.860990
vt 0.962829 0.889851
vt 0.877246 0.893669
vt 0.868438 0.904447
vt 0.875034 0.887997
vt 0.303616 0.536163
vt 0.371111 0.581668
vt 0.297615 0.595238
vt 0.192338 0.973731
vt 0.171357 0.936824
vt 0.169078 0.694685
vt 0.004742 0.932220
vt 0.017374 0.995414
vt 0.028813 0.924663
vt 0.904912 0.737200
vt 0.973850 0.760656
vt 0.888308 0.778428
vt 0.004742 0.932220
vt 0.038405 0.873794
vt 0.013323 0.879190
vt 0.827715 0.800818
vt 0.784640 0.778932
vt 0.826986 0.724635
vt 0.486320 0.646251
vt 0.509826 0.611398
vt 0.510109 0.682698
vt 0.367237 0.721034
vt 0.397321 0.691113
vt 0.398985 0.720591
vt 0.456132 0.603919
vt 0.397321 0.691113
vt 0.397231 0.648221
vt 0.193149 0.682638
vt 0.192338 0.973731
vt 0.169078 0.694685
vt 0.991046 0.875939
vt 0.992645 0.906428
vt 0.985708 0.890043
vt 0.701409 0.299774
vt 0.705051 0.362582
vt 0.675432 0.357757
vt 0.991046 0.875939
vt 0.946000 0.800449
vt 0.951825 0.781641
vt 0.812412 0.664273
vt 0.826986 0.724635
vt 0.763227 0.695620
vt 0.085453 0.169081
vt 0.043200 0.213516
vt 0.043201 0.168649
vt 0.619583 0.777840
vt 0.654368 0.777549
vt 0.603527 0.966843
vt 0.513119 0.729970
vt 0.571242 0.691921
vt 0.571245 0.722788
vt 0.681407 0.464880
vt 0.580670 0.473169
vt 0.675432 0.357757
vt 0.660365 0.599860
vt 0.727879 0.579892
vt 0.654368 0.777549
vt 0.262618 0.611056
vt 0.301916 0.661562
vt 0.280571 0.678949
vt 0.136089 0.408546
vt 0.136089 0.469472
vt 0.085318 0.426084
vt 0.939540 0.860990
vt 0.946000 0.800449
vt 0.962829 0.889851
vt 0.984742 0.895692
vt 0.985708 0.890043
vt 0.992645 0.906428
vt 0.319579 0.852695
vt 0.322267 0.851699
vt 0.362900 0.974707
vt 0.543150 0.371692
vt 0.575444 0.324941
vt 0.579485 0.376461
vt 0.193149 0.682638
vt 0.169078 0.694685
vt 0.162030 0.597776
vt 0.528424 0.754176
vt 0.524527 0.779769
vt 0.526120 0.785860
vt 0.763227 0.695620
vt 0.774775 0.736097
vt 0.713854 0.746722
vt 0.258847 0.619108
vt 0.280571 0.678949
vt 0.277882 0.684503
vt 0.209524 0.562775
vt 0.262618 0.611056
vt 0.258847 0.619108
vt 0.513119 0.729970
vt 0.493428 0.752260
vt 0.510109 0.682698
vt 0.038405 0.873794
vt 0.081710 0.851055
vt 0.061576 0.716403
vt 0.447661 0.190020
vt 0.477265 0.276030
vt 0.447427 0.244665
vt 0.421715 0.169100
vt 0.447427 0.244665
vt 0.419439 0.218374
vt 0.085317 0.319190
vt 0.054637 0.362732
vt 0.050700 0.342960
vt 0.812412 0.664273
vt 0.815606 0.649172
vt 0.820985 0.658060
vt 0.136089 0.408546
vt 0.085318 0.426084
vt 0.085318 0.386726
vt 0.820985 0.658060
vt 0.826986 0.724635
vt 0.812412 0.664273
vt 0.763227 0.695620
vt 0.826986 0.724635
vt 0.774775 0.736097
vt 0.774775 0.736097
vt 0.826986 0.724635
vt 0.784640 0.778932
vt 0.713854 0.746722
vt 0.774775 0.736097
vt 0.720036 0.759726
vt 0.367237 0.721034
vt 0.361372 0.714806
vt 0.367458 0.693926
vt 0.702530 0.775214
vt 0.713854 0.746722
vt 0.720036 0.759726
vt 0.723795 0.773234
vt 0.720036 0.759726
vt 0.784640 0.778932
vt 0.822137 0.853292
vt 0.784640 0.778932
vt 0.827715 0.800818
vt 0.526713 0.784611
vt 0.535393 0.759049
vt 0.517114 0.759319
vt 0.723795 0.773234
vt 0.702530 0.775214
vt 0.720036 0.759726
vt 0.581550 0.497032
vt 0.615683 0.508119
vt 0.589244 0.532910
vt 0.848651 0.853657
vt 0.843805 0.802736
vt 0.862507 0.840109
vt 0.843805 0.802736
vt 0.904912 0.737200
vt 0.888308 0.778428
vt 0.547014 0.510978
vt 0.543469 0.530941
vt 0.478791 0.544720
vt 0.456132 0.603919
vt 0.479521 0.692514
vt 0.457469 0.682830
vt 0.537278 0.754176
vt 0.528424 0.754176
vt 0.526120 0.785860
vt 0.486320 0.646251
vt 0.510109 0.682698
vt 0.493428 0.752260
vt 0.774775 0.736097
vt 0.784640 0.778932
vt 0.720036 0.759726
vt 0.543149 0.332033
vt 0.539567 0.305303
vt 0.575444 0.324941
vt 0.862507 0.840109
vt 0.843805 0.802736
vt 0.888308 0.778428
vt 0.517114 0.759319
vt 0.537278 0.754176
vt 0.515294 0.754176
vt 0.054193 0.388234
vt 0.054193 0.416497
vt 0.035250 0.391300
vt 0.424854 0.562669
vt 0.477763 0.511366
vt 0.478791 0.544720
vt 0.860294 0.664609
vt 0.920335 0.695961
vt 0.904912 0.737200
vt 0.888308 0.778428
vt 0.973850 0.760656
vt 0.968531 0.773587
vt 0.657475 0.567164
vt 0.715582 0.563452
vt 0.660365 0.599860
vt 0.478614 0.317859
vt 0.420849 0.356413
vt 0.418364 0.300992
vt 0.854684 0.655173
vt 0.860294 0.664609
vt 0.837926 0.796296
vt 0.169078 0.694685
vt 0.171357 0.936824
vt 0.141383 0.721406
vt 0.968531 0.773587
vt 0.973850 0.760656
vt 0.994476 0.775568
vt 0.994476 0.775568
vt 0.973850 0.760656
vt 0.980628 0.747071
vt 0.380356 0.986341
vt 0.367485 0.964398
vt 0.371914 0.955085
vt 0.629531 0.564133
vt 0.657475 0.567164
vt 0.629591 0.616004
vt 0.214753 0.525166
vt 0.135922 0.508768
vt 0.136089 0.469472
vt 0.946000 0.800449
vt 0.985708 0.890043
vt 0.962829 0.889851
vt 0.960581 0.623793
vt 0.966110 0.667927
vt 0.956298 0.648616
vt 0.212636 0.168875
vt 0.136101 0.226900
vt 0.136101 0.166502
vt 0.477763 0.511366
vt 0.420849 0.356413
vt 0.477764 0.363893
vt 0.956298 0.648616
vt 0.966110 0.667927
vt 0.953118 0.667051
vt 0.136089 0.469472
vt 0.085318 0.457057
vt 0.085318 0.426084
vt 0.136101 0.166502
vt 0.085452 0.218118
vt 0.085453 0.169081
vt 0.136089 0.469472
vt 0.136089 0.408546
vt 0.214753 0.525166
vt 0.983429 0.248540
vt 0.938214 0.251007
vt 0.960017 0.138114
vt 0.371914 0.955085
vt 0.332491 0.834874
vt 0.353396 0.801686
vt 0.902473 0.127187
vt 0.938214 0.251007
vt 0.902473 0.248826
vt 0.075003 0.581186
vt 0.112074 0.550030
vt 0.073746 0.543655
vt 0.362900 0.974707
vt 0.379625 0.992961
vt 0.374051 0.992370
vt 0.061168 0.948238
vt 0.084462 0.894316
vt 0.028813 0.924663
vt 0.050401 0.287282
vt 0.022596 0.212299
vt 0.043200 0.213516
vt 0.309225 0.347697
vt 0.371757 0.265697
vt 0.371980 0.350529
vt 0.043201 0.168649
vt 0.022596 0.212299
vt 0.016046 0.170493
vt 0.477265 0.276030
vt 0.532844 0.279090
vt 0.539567 0.305303
vt 0.547014 0.510978
vt 0.478791 0.544720
vt 0.541503 0.491105
vt 0.571242 0.691921
vt 0.603161 0.696471
vt 0.603581 0.708889
vt 0.081710 0.851055
vt 0.096048 0.732178
vt 0.061576 0.716403
vt 0.371111 0.533955
vt 0.303616 0.536163
vt 0.371980 0.350529
vt 0.902473 0.248826
vt 0.961924 0.353078
vt 0.902473 0.358917
vt 0.424854 0.562669
vt 0.371111 0.533955
vt 0.423797 0.525712
vt 0.353396 0.801686
vt 0.301916 0.661562
vt 0.353360 0.628936
vt 0.029998 0.552154
vt 0.075003 0.581186
vt 0.073746 0.543655
vt 0.309063 0.265594
vt 0.371423 0.215588
vt 0.371757 0.265697
vt 0.571245 0.722788
vt 0.603581 0.708889
vt 0.603443 0.723225
vt 0.214753 0.525166
vt 0.136089 0.408546
vt 0.214415 0.514178
vt 0.580670 0.473169
vt 0.547014 0.510978
vt 0.541503 0.491105
vt 0.660365 0.599860
vt 0.629591 0.616004
vt 0.657475 0.567164
vt 0.362900 0.974707
vt 0.332491 0.834874
vt 0.367485 0.964398
vt 0.604174 0.308954
vt 0.663427 0.281732
vt 0.675432 0.357757
vt 0.085318 0.353943
vt 0.054193 0.388234
vt 0.054637 0.362732
vt 0.510109 0.682698
vt 0.571989 0.657943
vt 0.571242 0.691921
vt 0.308820 0.215588
vt 0.371424 0.169638
vt 0.371423 0.215588
vt 0.543469 0.530941
vt 0.547014 0.510978
vt 0.561882 0.541357
vt 0.543150 0.371692
vt 0.580670 0.473169
vt 0.541503 0.491105
vt 0.477763 0.511366
vt 0.543150 0.371692
vt 0.541503 0.491105
vt 0.244294 0.288934
vt 0.244127 0.266719
vt 0.309063 0.265594
vt 0.136378 0.309211
vt 0.209311 0.347936
vt 0.136265 0.360445
vt 0.136265 0.360445
vt 0.085317 0.319190
vt 0.136378 0.309211
vt 0.136378 0.309211
vt 0.085385 0.284219
vt 0.136095 0.279468
vt 0.136089 0.408546
vt 0.085318 0.353943
vt 0.136265 0.360445
vt 0.985708 0.890043
vt 0.946000 0.800449
vt 0.991046 0.875939
vt 0.615237 0.533196
vt 0.589244 0.532910
vt 0.615683 0.508119
vt 0.309225 0.347697
vt 0.214415 0.514178
vt 0.209311 0.347936
vt 0.418364 0.300992
vt 0.371757 0.265697
vt 0.419292 0.256818
vt 0.371757 0.265697
vt 0.419439 0.218374
vt 0.419292 0.256818
vt 0.371111 0.581668
vt 0.424854 0.562669
vt 0.374346 0.587066
vt 0.084462 0.894316
vt 0.038405 0.873794
vt 0.028813 0.924663
vt 0.367458 0.693926
vt 0.397321 0.691113
vt 0.367237 0.721034
vt 0.085318 0.386726
vt 0.054193 0.416497
vt 0.054193 0.388234
vt 0.371980 0.350529
vt 0.420849 0.356413
vt 0.371111 0.533955
vt 0.397231 0.648221
vt 0.397321 0.691113
vt 0.367458 0.693926
vt 0.136095 0.279468
vt 0.212809 0.310956
vt 0.136378 0.309211
vt 0.456275 0.727867
vt 0.397321 0.691113
vt 0.457469 0.682830
vt 0.419292 0.256818
vt 0.419439 0.218374
vt 0.447427 0.244665
vt 0.475230 0.764241
vt 0.456275 0.727867
vt 0.479521 0.692514
vt 0.456275 0.727867
vt 0.457469 0.682830
vt 0.479521 0.692514
vt 0.054637 0.362732
vt 0.035250 0.391300
vt 0.035250 0.379538
vt 0.833213 0.793731
vt 0.827715 0.800818
vt 0.826986 0.724635
vt 0.610406 0.602846
vt 0.620506 0.593222
vt 0.622361 0.620312
vt 0.004790 0.420715
vt 0.054193 0.416497
vt 0.054193 0.439688
vt 0.926434 0.911129
vt 0.897133 0.891941
vt 0.918425 0.857568
vt 0.214753 0.525166
vt 0.303616 0.536163
vt 0.262618 0.611056
vt 0.727878 0.563579
vt 0.727879 0.579892
vt 0.715582 0.563452
vt 0.477764 0.363893
vt 0.543149 0.332033
vt 0.543150 0.371692
vt 0.478614 0.317859
vt 0.539567 0.305303
vt 0.543149 0.332033
vt 0.680874 0.266116
vt 0.702543 0.234543
vt 0.701409 0.299774
vt 0.930722 0.634094
vt 0.947305 0.630707
vt 0.953118 0.667051
vt 0.774127 0.155679
vt 0.771246 0.144066
vt 0.778599 0.135337
vt 0.696425 0.936792
vt 0.655040 0.970511
vt 0.698460 0.759441
vt 0.481199 0.575070
vt 0.479521 0.692514
vt 0.456132 0.603919
vt 0.085318 0.426084
vt 0.054193 0.439688
vt 0.054193 0.416497
vt 0.961924 0.353078
vt 0.938214 0.251007
vt 0.983429 0.248540
vt 0.043200 0.213516
vt 0.085385 0.284219
vt 0.050401 0.287282
vt 0.085452 0.218118
vt 0.136095 0.279468
vt 0.085385 0.284219
vt 0.136101 0.226900
vt 0.179354 0.266422
vt 0.136095 0.279468
vt 0.205387 0.219257
vt 0.244127 0.266719
vt 0.179354 0.266422
vt 0.035250 0.391300
vt 0.011663 0.382551
vt 0.035250 0.379538
vt 0.099902 0.853532
vt 0.096048 0.732178
vt 0.081710 0.851055
vt 0.654368 0.777549
vt 0.698460 0.759441
vt 0.655040 0.970511
vt 0.698460 0.759441
vt 0.654368 0.777549
vt 0.727879 0.579892
vt 0.629591 0.616004
vt 0.660365 0.599860
vt 0.619583 0.777840
vt 0.655040 0.970511
vt 0.603527 0.966843
vt 0.654368 0.777549
vt 0.980628 0.747071
vt 0.973850 0.760656
vt 0.920335 0.695961
vt 0.162030 0.597776
vt 0.169078 0.694685
vt 0.148981 0.617803
vt 0.754755 0.357209
vt 0.701409 0.299774
vt 0.743038 0.305189
vt 0.303616 0.536163
vt 0.214415 0.514178
vt 0.309225 0.347697
vt 0.297615 0.595238
vt 0.262618 0.611056
vt 0.303616 0.536163
vt 0.309225 0.347697
vt 0.371980 0.350529
vt 0.303616 0.536163
vt 0.371757 0.265697
vt 0.418364 0.300992
vt 0.371980 0.350529
vt 0.423797 0.525712
vt 0.371111 0.533955
vt 0.420849 0.356413
vt 0.212809 0.310956
vt 0.209311 0.347936
vt 0.136378 0.309211
vt 0.212636 0.168875
vt 0.308820 0.169638
vt 0.205387 0.219257
vt 0.205387 0.219257
vt 0.308820 0.215588
vt 0.244127 0.266719
vt 0.930722 0.634094
vt 0.816595 0.500183
vt 0.947305 0.630707
vt 0.675432 0.357757
vt 0.579485 0.376461
vt 0.604174 0.308954
vt 0.309225 0.347697
vt 0.209311 0.347936
vt 0.309063 0.265594
vt 0.209311 0.347936
vt 0.212809 0.310956
vt 0.309063 0.265594
vt 0.589244 0.532910
vt 0.610406 0.602846
vt 0.561882 0.541357
vt 0.705051 0.362582
vt 0.704041 0.493628
vt 0.675432 0.357757
vt 0.610406 0.602846
vt 0.589244 0.532910
vt 0.620506 0.593222
vt 0.799912 0.583408
vt 0.704041 0.493628
vt 0.816595 0.500183
vt 0.701409 0.299774
vt 0.675432 0.357757
vt 0.680874 0.266116
vt 0.754755 0.357209
vt 0.734546 0.394844
vt 0.701409 0.299774
vt 0.702543 0.234543
vt 0.750376 0.144228
vt 0.722480 0.267366
vt 0.816595 0.500183
vt 0.734546 0.394844
vt 0.824702 0.459739
vt 0.757884 0.165824
vt 0.766071 0.187419
vt 0.722480 0.267366
vt 0.930722 0.634094
vt 0.953118 0.667051
vt 0.910684 0.671016
vt 0.816595 0.500183
vt 0.930722 0.634094
vt 0.799912 0.583408
vt 0.561882 0.541357
vt 0.547014 0.510978
vt 0.589244 0.532910
vt 0.757884 0.165824
vt 0.771246 0.144066
vt 0.766071 0.187419
vt 0.771246 0.144066
vt 0.757884 0.165824
vt 0.769044 0.132454
vt 0.085317 0.319190
vt 0.050700 0.342960
vt 0.085385 0.284219
vt 0.096048 0.732178
vt 0.113970 0.567515
vt 0.061576 0.716403
vt 0.038405 0.873794
vt 0.061576 0.716403
vt 0.013323 0.879190
vt 0.301916 0.661562
vt 0.297615 0.595238
vt 0.353360 0.628936
vt 0.280571 0.678949
vt 0.322267 0.851699
vt 0.277882 0.684503
vt 0.280571 0.678949
vt 0.301916 0.661562
vt 0.322267 0.851699
vt 0.017374 0.995414
vt 0.055016 0.995732
vt 0.028813 0.924663
vt 0.419439 0.218374
vt 0.371423 0.215588
vt 0.421715 0.169100
vt 0.875034 0.887997
vt 0.918425 0.857568
vt 0.877246 0.893669
vt 0.540867 0.225005
vt 0.532844 0.279090
vt 0.476960 0.225704
vt 0.912267 0.785369
vt 0.918425 0.857568
vt 0.870393 0.873825
vt 0.034419 0.596602
vt 0.026319 0.726956
vt 0.075003 0.581186
vt 0.371111 0.533955
vt 0.371111 0.581668
vt 0.303616 0.536163
vt 0.002388 0.995414
vt 0.017374 0.995414
vt 0.004742 0.932220
vt 0.028813 0.924663
vt 0.038405 0.873794
vt 0.004742 0.932220
vt 0.486501 0.579707
vt 0.509826 0.611398
vt 0.486320 0.646251
vt 0.457469 0.682830
vt 0.397321 0.691113
vt 0.456132 0.603919
vt 0.085452 0.218118
vt 0.043200 0.213516
vt 0.085453 0.169081
vt 0.510109 0.682698
vt 0.571242 0.691921
vt 0.513119 0.729970
vt 0.605774 0.484288
vt 0.580670 0.473169
vt 0.681407 0.464880
vt 0.297615 0.595238
vt 0.301916 0.661562
vt 0.262618 0.611056
vt 0.543149 0.332033
vt 0.575444 0.324941
vt 0.543150 0.371692
vt 0.515294 0.754176
vt 0.524527 0.779769
vt 0.528424 0.754176
vt 0.262618 0.611056
vt 0.280571 0.678949
vt 0.258847 0.619108
vt 0.214753 0.525166
vt 0.262618 0.611056
vt 0.209524 0.562775
vt 0.493908 0.765868
vt 0.493428 0.752260
vt 0.513119 0.729970
vt 0.476960 0.225704
vt 0.477265 0.276030
vt 0.447661 0.190020
vt 0.447661 0.190020
vt 0.447427 0.244665
vt 0.421715 0.169100
vt 0.085318 0.353943
vt 0.054637 0.362732
vt 0.085317 0.319190
vt 0.810766 0.839747
vt 0.784640 0.778932
vt 0.822137 0.853292
vt 0.605774 0.484288
vt 0.615683 0.508119
vt 0.581550 0.497032
vt 0.535393 0.759049
vt 0.537278 0.754176
vt 0.517114 0.759319
vt 0.423797 0.525712
vt 0.477763 0.511366
vt 0.424854 0.562669
vt 0.477764 0.363893
vt 0.420849 0.356413
vt 0.478614 0.317859
vt 0.209524 0.562775
vt 0.135922 0.508768
vt 0.214753 0.525166
vt 0.205387 0.219257
vt 0.136101 0.226900
vt 0.212636 0.168875
vt 0.423797 0.525712
vt 0.420849 0.356413
vt 0.477763 0.511366
vt 0.135922 0.508768
vt 0.085318 0.457057
vt 0.136089 0.469472
vt 0.136101 0.226900
vt 0.085452 0.218118
vt 0.136101 0.166502
vt 0.367485 0.964398
vt 0.332491 0.834874
vt 0.371914 0.955085
vt 0.960017 0.138114
vt 0.938214 0.251007
vt 0.902473 0.127187
vt 0.113970 0.567515
vt 0.112074 0.550030
vt 0.075003 0.581186
vt 0.367485 0.964398
vt 0.379625 0.992961
vt 0.362900 0.974707
vt 0.309063 0.265594
vt 0.371757 0.265697
vt 0.309225 0.347697
vt 0.043200 0.213516
vt 0.022596 0.212299
vt 0.043201 0.168649
vt 0.571989 0.657943
vt 0.603161 0.696471
vt 0.571242 0.691921
vt 0.938214 0.251007
vt 0.961924 0.353078
vt 0.902473 0.248826
vt 0.371111 0.581668
vt 0.371111 0.533955
vt 0.424854 0.562669
vt 0.332491 0.834874
vt 0.301916 0.661562
vt 0.353396 0.801686
vt 0.034419 0.596602
vt 0.075003 0.581186
vt 0.029998 0.552154
vt 0.308820 0.215588
vt 0.371423 0.215588
vt 0.309063 0.265594
vt 0.571242 0.691921
vt 0.603581 0.708889
vt 0.571245 0.722788
vt 0.209311 0.347936
vt 0.214415 0.514178
vt 0.136089 0.408546
vt 0.581550 0.497032
vt 0.547014 0.510978
vt 0.580670 0.473169
vt 0.322267 0.851699
vt 0.332491 0.834874
vt 0.362900 0.974707
vt 0.605565 0.281335
vt 0.663427 0.281732
vt 0.604174 0.308954
vt 0.085318 0.386726
vt 0.054193 0.388234
vt 0.085318 0.353943
vt 0.509826 0.611398
vt 0.571989 0.657943
vt 0.510109 0.682698
vt 0.308820 0.169638
vt 0.371424 0.169638
vt 0.308820 0.215588
vt 0.579485 0.376461
vt 0.580670 0.473169
vt 0.543150 0.371692
vt 0.477764 0.363893
vt 0.543150 0.371692
vt 0.477763 0.511366
vt 0.085318 0.353943
vt 0.085317 0.319190
vt 0.136265 0.360445
vt 0.085317 0.319190
vt 0.085385 0.284219
vt 0.136378 0.309211
vt 0.085318 0.386726
vt 0.085318 0.353943
vt 0.136089 0.408546
vt 0.371423 0.215588
vt 0.419439 0.218374
vt 0.371757 0.265697
vt 0.081710 0.851055
vt 0.038405 0.873794
vt 0.084462 0.894316
vt 0.085318 0.426084
vt 0.054193 0.416497
vt 0.085318 0.386726
vt 0.179354 0.266422
vt 0.212809 0.310956
vt 0.136095 0.279468
vt 0.398985 0.720591
vt 0.397321 0.691113
vt 0.456275 0.727867
vt 0.054193 0.388234
vt 0.035250 0.391300
vt 0.054637 0.362732
vt 0.006152 0.396017
vt 0.054193 0.416497
vt 0.004790 0.420715
vt 0.478614 0.317859
vt 0.543149 0.332033
vt 0.477764 0.363893
vt 0.477265 0.276030
vt 0.539567 0.305303
vt 0.478614 0.317859
vt 0.085318 0.457057
vt 0.054193 0.439688
vt 0.085318 0.426084
vt 0.085452 0.218118
vt 0.085385 0.284219
vt 0.043200 0.213516
vt 0.136101 0.226900
vt 0.136095 0.279468
vt 0.085452 0.218118
vt 0.205387 0.219257
vt 0.179354 0.266422
vt 0.136101 0.226900
vt 0.006152 0.396017
vt 0.011663 0.382551
vt 0.035250 0.391300
vt 0.214753 0.525166
vt 0.214415 0.514178
vt 0.303616 0.536163
vt 0.308820 0.215588
vt 0.308820 0.169638
vt 0.205387 0.219257
vt 0.309063 0.265594
vt 0.308820 0.215588
vt 0.244127 0.266719
vt 0.824702 0.459739
vt 0.816595 0.500183
vt 0.947305 0.630707
vt 0.575444 0.324941
vt 0.579485 0.376461
vt 0.604174 0.308954
vt 0.244294 0.288934
vt 0.212809 0.310956
vt 0.309063 0.265594
vt 0.973209 0.715967
vt 0.988952 0.711048
vt 0.953118 0.667051
vt 0.477763 0.511366
vt 0.478791 0.544720
vt 0.541503 0.491105
vt 0.657077 0.479319
vt 0.615683 0.508119
vt 0.615237 0.533196
vt 0.600306 0.612470
vt 0.610406 0.602846
vt 0.561882 0.541357
vt 0.675432 0.357757
vt 0.579485 0.376461
vt 0.580670 0.473169
vt 0.681407 0.464880
vt 0.704041 0.493628
vt 0.675432 0.357757
vt 0.657077 0.479319
vt 0.605774 0.484288
vt 0.615683 0.508119
vt 0.615237 0.533196
vt 0.589244 0.532910
vt 0.620506 0.593222
vt 0.734546 0.394844
vt 0.704041 0.493628
vt 0.816595 0.500183
vt 0.663427 0.281732
vt 0.675432 0.357757
vt 0.680874 0.266116
vt 0.966110 0.667927
vt 0.953118 0.667051
vt 0.988952 0.711048
vt 0.702543 0.234543
vt 0.701409 0.299774
vt 0.722480 0.267366
vt 0.705051 0.362582
vt 0.734546 0.394844
vt 0.701409 0.299774
vt 0.757884 0.165824
vt 0.750376 0.144228
vt 0.722480 0.267366
vt 0.754755 0.357209
vt 0.734546 0.394844
vt 0.824702 0.459739
vt 0.743038 0.305189
vt 0.766071 0.187419
vt 0.722480 0.267366
vt 0.973209 0.715967
vt 0.953118 0.667051
vt 0.910684 0.671016
vt 0.600306 0.612470
vt 0.622361 0.620312
vt 0.610406 0.602846
vt 0.769044 0.132454
vt 0.771246 0.144066
vt 0.778599 0.135337
vt 0.910684 0.671016
vt 0.930722 0.634094
vt 0.799912 0.583408
vt 0.581550 0.497032
vt 0.547014 0.510978
vt 0.589244 0.532910
vt 0.774127 0.155679
vt 0.771246 0.144066
vt 0.766071 0.187419
vt 0.705051 0.362582
vt 0.704041 0.493628
vt 0.734546 0.394844
vt 0.750376 0.144228
vt 0.757884 0.165824
vt 0.769044 0.132454
vt 0.380356 0.986341
vt 0.367485 0.964398
vt 0.379625 0.992961
vt 0.050401 0.287282
vt 0.050700 0.342960
vt 0.085385 0.284219
vt 0.075003 0.581186
vt 0.113970 0.567515
vt 0.061576 0.716403
vt 0.947305 0.630707
vt 0.953118 0.667051
vt 0.956298 0.648616
vt 0.026319 0.726956
vt 0.061576 0.716403
vt 0.013323 0.879190
vt 0.353360 0.628936
vt 0.374346 0.587066
vt 0.371111 0.581668
vt 0.371111 0.581668
vt 0.297615 0.595238
vt 0.353360 0.628936
vt 0.319579 0.852695
vt 0.322267 0.851699
vt 0.277882 0.684503
vt 0.332491 0.834874
vt 0.301916 0.661562
vt 0.322267 0.851699
vt 0.609368 0.717079
vt 0.603161 0.696471
vt 0.603581 0.708889
vt 0.603581 0.708889
vt 0.603443 0.723225
vt 0.609368 0.717079
vt 0.701409 0.299774
vt 0.743038 0.305189
vt 0.722480 0.267366
vt 0.947305 0.630707
vt 0.956298 0.648616
vt 0.960581 0.623793
vt 0.904912 0.737200
vt 0.973850 0.760656
vt 0.920335 0.695961
vt 0.843805 0.802736
vt 0.860294 0.664609
vt 0.837926 0.796296
vt 0.904912 0.737200
vt 0.860294 0.664609
vt 0.843805 0.802736
vt 0.420849 0.356413
vt 0.418364 0.300992
vt 0.371980 0.350529
vt 0.962829 0.889851
vt 0.966900 0.893971
vt 0.984742 0.895692
vt 0.984742 0.895692
vt 0.985708 0.890043
vt 0.962829 0.889851
vt 0.061168 0.948238
vt 0.055016 0.995732
vt 0.028813 0.924663
vt 0.629531 0.564133
vt 0.624128 0.560821
vt 0.629591 0.616004
vt 0.371424 0.169638
vt 0.371423 0.215588
vt 0.421715 0.169100
vt 0.540867 0.225005
vt 0.532844 0.279090
vt 0.573733 0.276658
vt 0.605565 0.281335
vt 0.573733 0.276658
vt 0.604174 0.308954
vt 0.605774 0.484288
vt 0.580670 0.473169
vt 0.581550 0.497032
vt 0.897133 0.891941
vt 0.918425 0.857568
vt 0.877246 0.893669
vt 0.928679 0.995507
vt 0.926434 0.911129
vt 0.897133 0.891941
vt 0.209311 0.347936
vt 0.136265 0.360445
vt 0.136089 0.408546
vt 0.141383 0.721406
vt 0.169078 0.694685
vt 0.148981 0.617803
vt 0.962829 0.889851
vt 0.935791 0.913084
vt 0.938597 0.997133
vt 0.477265 0.276030
vt 0.532844 0.279090
vt 0.476960 0.225704
vt 0.875034 0.887997
vt 0.918425 0.857568
vt 0.870393 0.873825
vt 0.054193 0.416497
vt 0.035250 0.391300
vt 0.006152 0.396017
vt 0.660365 0.599860
vt 0.619583 0.777840
vt 0.654368 0.777549
vt 0.966900 0.893971
vt 0.962829 0.889851
vt 0.938597 0.997133
vt 0.061576 0.716403
vt 0.026319 0.726956
vt 0.075003 0.581186
vt 0.868438 0.904447
vt 0.875034 0.887997
vt 0.870393 0.873825
vt 0.715582 0.563452
vt 0.660365 0.599860
vt 0.727879 0.579892
vt 0.962829 0.889851
vt 0.939540 0.860990
vt 0.935791 0.913084
vt 0.875034 0.887997
vt 0.868438 0.904447
vt 0.877246 0.893669
vt 0.297615 0.595238
vt 0.371111 0.581668
vt 0.303616 0.536163
vt 0.169078 0.694685
vt 0.171357 0.936824
vt 0.192338 0.973731
vt 0.028813 0.924663
vt 0.017374 0.995414
vt 0.004742 0.932220
vt 0.888308 0.778428
vt 0.973850 0.760656
vt 0.904912 0.737200
vt 0.013323 0.879190
vt 0.038405 0.873794
vt 0.004742 0.932220
vt 0.826986 0.724635
vt 0.784640 0.778932
vt 0.827715 0.800818
vt 0.510109 0.682698
vt 0.509826 0.611398
vt 0.486320 0.646251
vt 0.398985 0.720591
vt 0.397321 0.691113
vt 0.367237 0.721034
vt 0.397231 0.648221
vt 0.397321 0.691113
vt 0.456132 0.603919
vt 0.169078 0.694685
vt 0.192338 0.973731
vt 0.193149 0.682638
vt 0.985708 0.890043
vt 0.992645 0.906428
vt 0.991046 0.875939
vt 0.675432 0.357757
vt 0.705051 0.362582
vt 0.701409 0.299774
vt 0.951825 0.781641
vt 0.946000 0.800449
vt 0.991046 0.875939
vt 0.763227 0.695620
vt 0.826986 0.724635
vt 0.812412 0.664273
vt 0.043201 0.168649
vt 0.043200 0.213516
vt 0.085453 0.169081
vt 0.603527 0.966843
vt 0.654368 0.777549
vt 0.619583 0.777840
vt 0.571245 0.722788
vt 0.571242 0.691921
vt 0.513119 0.729970
vt 0.675432 0.357757
vt 0.580670 0.473169
vt 0.681407 0.464880
vt 0.654368 0.777549
vt 0.727879 0.579892
vt 0.660365 0.599860
vt 0.280571 0.678949
vt 0.301916 0.661562
vt 0.262618 0.611056
vt 0.085318 0.426084
vt 0.136089 0.469472
vt 0.136089 0.408546
vt 0.962829 0.889851
vt 0.946000 0.800449
vt 0.939540 0.860990
vt 0.992645 0.906428
vt 0.985708 0.890043
vt 0.984742 0.895692
vt 0.362900 0.974707
vt 0.322267 0.851699
vt 0.319579 0.852695
vt 0.579485 0.376461
vt 0.575444 0.324941
vt 0.543150 0.371692
vt 0.162030 0.597776
vt 0.169078 0.694685
vt 0.193149 0.682638
vt 0.526120 0.785860
vt 0.524527 0.779769
vt 0.528424 0.754176
vt 0.713854 0.746722
vt 0.774775 0.736097
vt 0.763227 0.695620
vt 0.277882 0.684503
vt 0.280571 0.678949
vt 0.258847 0.619108
vt 0.258847 0.619108
vt 0.262618 0.611056
vt 0.209524 0.562775
vt 0.510109 0.682698
vt 0.493428 0.752260
vt 0.513119 0.729970
vt 0.061576 0.716403
vt 0.081710 0.851055
vt 0.038405 0.873794
vt 0.447427 0.244665
vt 0.477265 0.276030
vt 0.447661 0.190020
vt 0.419439 0.218374
vt 0.447427 0.244665
vt 0.421715 0.169100
vt 0.050700 0.342960
vt 0.054637 0.362732
vt 0.085317 0.319190
vt 0.820985 0.658060
vt 0.815606 0.649172
vt 0.812412 0.664273
vt 0.085318 0.386726
vt 0.085318 0.426084
vt 0.136089 0.408546
vt 0.812412 0.664273
vt 0.826986 0.724635
vt 0.820985 0.658060
vt 0.774775 0.736097
vt 0.826986 0.724635
vt 0.763227 0.695620
vt 0.784640 0.778932
vt 0.826986 0.724635
vt 0.774775 0.736097
vt 0.720036 0.759726
vt 0.774775 0.736097
vt 0.713854 0.746722
vt 0.367458 0.693926
vt 0.361372 0.714806
vt 0.367237 0.721034
vt 0.720036 0.759726
vt 0.713854 0.746722
vt 0.702530 0.775214
vt 0.784640 0.778932
vt 0.720036 0.759726
vt 0.723795 0.773234
vt 0.827715 0.800818
vt 0.784640 0.778932
vt 0.822137 0.853292
vt 0.517114 0.759319
vt 0.535393 0.759049
vt 0.526713 0.784611
vt 0.720036 0.759726
vt 0.702530 0.775214
vt 0.723795 0.773234
vt 0.589244 0.532910
vt 0.615683 0.508119
vt 0.581550 0.497032
vt 0.862507 0.840109
vt 0.843805 0.802736
vt 0.848651 0.853657
vt 0.888308 0.778428
vt 0.904912 0.737200
vt 0.843805 0.802736
vt 0.478791 0.544720
vt 0.543469 0.530941
vt 0.547014 0.510978
vt 0.457469 0.682830
vt 0.479521 0.692514
vt 0.456132 0.603919
vt 0.526120 0.785860
vt 0.528424 0.754176
vt 0.537278 0.754176
vt 0.493428 0.752260
vt 0.510109 0.682698
vt 0.486320 0.646251
vt 0.720036 0.759726
vt 0.784640 0.778932
vt 0.774775 0.736097
vt 0.575444 0.324941
vt 0.539567 0.305303
vt 0.543149 0.332033
vt 0.888308 0.778428
vt 0.843805 0.802736
vt 0.862507 0.840109
vt 0.515294 0.754176
vt 0.537278 0.754176
vt 0.517114 0.759319
vt 0.035250 0.391300
vt 0.054193 0.416497
vt 0.054193 0.388234
vt 0.478791 0.544720
vt 0.477763 0.511366
vt 0.424854 0.562669
vt 0.904912 0.737200
vt 0.920335 0.695961
vt 0.860294 0.664609
vt 0.968531 0.773587
vt 0.973850 0.760656
vt 0.888308 0.778428
vt 0.660365 0.599860
vt 0.715582 0.563452
vt 0.657475 0.567164
vt 0.418364 0.300992
vt 0.420849 0.356413
vt 0.478614 0.317859
vt 0.837926 0.796296
vt 0.860294 0.664609
vt 0.854684 0.655173
vt 0.141383 0.721406
vt 0.171357 0.936824
vt 0.169078 0.694685
vt 0.994476 0.775568
vt 0.973850 0.760656
vt 0.968531 0.773587
vt 0.980628 0.747071
vt 0.973850 0.760656
vt 0.994476 0.775568
vt 0.371914 0.955085
vt 0.367485 0.964398
vt 0.380356 0.986341
vt 0.629591 0.616004
vt 0.657475 0.567164
vt 0.629531 0.564133
vt 0.136089 0.469472
vt 0.135922 0.508768
vt 0.214753 0.525166
vt 0.962829 0.889851
vt 0.985708 0.890043
vt 0.946000 0.800449
vt 0.956298 0.648616
vt 0.966110 0.667927
vt 0.960581 0.623793
vt 0.136101 0.166502
vt 0.136101 0.226900
vt 0.212636 0.168875
vt 0.477764 0.363893
vt 0.420849 0.356413
vt 0.477763 0.511366
vt 0.953118 0.667051
vt 0.966110 0.667927
vt 0.956298 0.648616
vt 0.085318 0.426084
vt 0.085318 0.457057
vt 0.136089 0.469472
vt 0.085453 0.169081
vt 0.085452 0.218118
vt 0.136101 0.166502
vt 0.214753 0.525166
vt 0.136089 0.408546
vt 0.136089 0.469472
vt 0.960017 0.138114
vt 0.938214 0.251007
vt 0.983429 0.248540
vt 0.353396 0.801686
vt 0.332491 0.834874
vt 0.371914 0.955085
vt 0.902473 0.248826
vt 0.938214 0.251007
vt 0.902473 0.127187
vt 0.073746 0.543655
vt 0.112074 0.550030
vt 0.075003 0.581186
vt 0.374051 0.992370
vt 0.379625 0.992961
vt 0.362900 0.974707
vt 0.028813 0.924663
vt 0.084462 0.894316
vt 0.061168 0.948238
vt 0.043200 0.213516
vt 0.022596 0.212299
vt 0.050401 0.287282
vt 0.371980 0.350529
vt 0.371757 0.265697
vt 0.309225 0.347697
vt 0.016046 0.170493
vt 0.022596 0.212299
vt 0.043201 0.168649
vt 0.539567 0.305303
vt 0.532844 0.279090
vt 0.477265 0.276030
vt 0.541503 0.491105
vt 0.478791 0.544720
vt 0.547014 0.510978
vt 0.603581 0.708889
vt 0.603161 0.696471
vt 0.571242 0.691921
vt 0.061576 0.716403
vt 0.096048 0.732178
vt 0.081710 0.851055
vt 0.371980 0.350529
vt 0.303616 0.536163
vt 0.371111 0.533955
vt 0.902473 0.358917
vt 0.961924 0.353078
vt 0.902473 0.248826
vt 0.423797 0.525712
vt 0.371111 0.533955
vt 0.424854 0.562669
vt 0.353360 0.628936
vt 0.301916 0.661562
vt 0.353396 0.801686
vt 0.073746 0.543655
vt 0.075003 0.581186
vt 0.029998 0.552154
vt 0.371757 0.265697
vt 0.371423 0.215588
vt 0.309063 0.265594
vt 0.603443 0.723225
vt 0.603581 0.708889
vt 0.571245 0.722788
vt 0.214415 0.514178
vt 0.136089 0.408546
vt 0.214753 0.525166
vt 0.541503 0.491105
vt 0.547014 0.510978
vt 0.580670 0.473169
vt 0.657475 0.567164
vt 0.629591 0.616004
vt 0.660365 0.599860
vt 0.367485 0.964398
vt 0.332491 0.834874
vt 0.362900 0.974707
vt 0.675432 0.357757
vt 0.663427 0.281732
vt 0.604174 0.308954
vt 0.054637 0.362732
vt 0.054193 0.388234
vt 0.085318 0.353943
vt 0.571242 0.691921
vt 0.571989 0.657943
vt 0.510109 0.682698
vt 0.371423 0.215588
vt 0.371424 0.169638
vt 0.308820 0.215588
vt 0.561882 0.541357
vt 0.547014 0.510978
vt 0.543469 0.530941
vt 0.541503 0.491105
vt 0.580670 0.473169
vt 0.543150 0.371692
vt 0.541503 0.491105
vt 0.543150 0.371692
vt 0.477763 0.511366
vt 0.309063 0.265594
vt 0.244127 0.266719
vt 0.244294 0.288934
vt 0.136265 0.360445
vt 0.209311 0.347936
vt 0.136378 0.309211
vt 0.136378 0.309211
vt 0.085317 0.319190
vt 0.136265 0.360445
vt 0.136095 0.279468
vt 0.085385 0.284219
vt 0.136378 0.309211
vt 0.136265 0.360445
vt 0.085318 0.353943
vt 0.136089 0.408546
vt 0.991046 0.875939
vt 0.946000 0.800449
vt 0.985708 0.890043
vt 0.615683 0.508119
vt 0.589244 0.532910
vt 0.615237 0.533196
vt 0.209311 0.347936
vt 0.214415 0.514178
vt 0.309225 0.347697
vt 0.419292 0.256818
vt 0.371757 0.265697
vt 0.418364 0.300992
vt 0.419292 0.256818
vt 0.419439 0.218374
vt 0.371757 0.265697
vt 0.374346 0.587066
vt 0.424854 0.562669
vt 0.371111 0.581668
vt 0.028813 0.924663
vt 0.038405 0.873794
vt 0.084462 0.894316
vt 0.367237 0.721034
vt 0.397321 0.691113
vt 0.367458 0.693926
vt 0.054193 0.388234
vt 0.054193 0.416497
vt 0.085318 0.386726
vt 0.371111 0.533955
vt 0.420849 0.356413
vt 0.371980 0.350529
vt 0.367458 0.693926
vt 0.397321 0.691113
vt 0.397231 0.648221
vt 0.136378 0.309211
vt 0.212809 0.310956
vt 0.136095 0.279468
vt 0.457469 0.682830
vt 0.397321 0.691113
vt 0.456275 0.727867
vt 0.447427 0.244665
vt 0.419439 0.218374
vt 0.419292 0.256818
vt 0.479521 0.692514
vt 0.456275 0.727867
vt 0.475230 0.764241
vt 0.479521 0.692514
vt 0.457469 0.682830
vt 0.456275 0.727867
vt 0.035250 0.379538
vt 0.035250 0.391300
vt 0.054637 0.362732
vt 0.826986 0.724635
vt 0.827715 0.800818
vt 0.833213 0.793731
vt 0.622361 0.620312
vt 0.620506 0.593222
vt 0.610406 0.602846
vt 0.054193 0.439688
vt 0.054193 0.416497
vt 0.004790 0.420715
vt 0.918425 0.857568
vt 0.897133 0.891941
vt 0.926434 0.911129
vt 0.262618 0.611056
vt 0.303616 0.536163
vt 0.214753 0.525166
vt 0.715582 0.563452
vt 0.727879 0.579892
vt 0.727878 0.563579
vt 0.543150 0.371692
vt 0.543149 0.332033
vt 0.477764 0.363893
vt 0.543149 0.332033
vt 0.539567 0.305303
vt 0.478614 0.317859
vt 0.701409 0.299774
vt 0.702543 0.234543
vt 0.680874 0.266116
vt 0.953118 0.667051
vt 0.947305 0.630707
vt 0.930722 0.634094
vt 0.778599 0.135337
vt 0.771246 0.144066
vt 0.774127 0.155679
vt 0.698460 0.759441
vt 0.655040 0.970511
vt 0.696425 0.936792
vt 0.456132 0.603919
vt 0.479521 0.692514
vt 0.481199 0.575070
vt 0.054193 0.416497
vt 0.054193 0.439688
vt 0.085318 0.426084
vt 0.983429 0.248540
vt 0.938214 0.251007
vt 0.961924 0.353078
vt 0.050401 0.287282
vt 0.085385 0.284219
vt 0.043200 0.213516
vt 0.085385 0.284219
vt 0.136095 0.279468
vt 0.085452 0.218118
vt 0.136095 0.279468
vt 0.179354 0.266422
vt 0.136101 0.226900
vt 0.179354 0.266422
vt 0.244127 0.266719
vt 0.205387 0.219257
vt 0.035250 0.379538
vt 0.011663 0.382551
vt 0.035250 0.391300
vt 0.081710 0.851055
vt 0.096048 0.732178
vt 0.099902 0.853532
vt 0.655040 0.970511
vt 0.698460 0.759441
vt 0.654368 0.777549
vt 0.727879 0.579892
vt 0.654368 0.777549
vt 0.698460 0.759441
vt 0.619583 0.777840
vt 0.660365 0.599860
vt 0.629591 0.616004
vt 0.654368 0.777549
vt 0.603527 0.966843
vt 0.655040 0.970511
vt 0.920335 0.695961
vt 0.973850 0.760656
vt 0.980628 0.747071
vt 0.148981 0.617803
vt 0.169078 0.694685
vt 0.162030 0.597776
vt 0.743038 0.305189
vt 0.701409 0.299774
vt 0.754755 0.357209
vt 0.309225 0.347697
vt 0.214415 0.514178
vt 0.303616 0.536163
vt 0.303616 0.536163
vt 0.262618 0.611056
vt 0.297615 0.595238
vt 0.303616 0.536163
vt 0.371980 0.350529
vt 0.309225 0.347697
vt 0.371980 0.350529
vt 0.418364 0.300992
vt 0.371757 0.265697
vt 0.420849 0.356413
vt 0.371111 0.533955
vt 0.423797 0.525712
vt 0.136378 0.309211
vt 0.209311 0.347936
vt 0.212809 0.310956
vt 0.205387 0.219257
vt 0.308820 0.169638
vt 0.212636 0.168875
vt 0.244127 0.266719
vt 0.308820 0.215588
vt 0.205387 0.219257
vt 0.947305 0.630707
vt 0.816595 0.500183
vt 0.930722 0.634094
vt 0.604174 0.308954
vt 0.579485 0.376461
vt 0.675432 0.357757
vt 0.309063 0.265594
vt 0.209311 0.347936
vt 0.309225 0.347697
vt 0.309063 0.265594
vt 0.212809 0.310956
vt 0.209311 0.347936
vt 0.561882 0.541357
vt 0.610406 0.602846
vt 0.589244 0.532910
vt 0.675432 0.357757
vt 0.704041 0.493628
vt 0.705051 0.362582
vt 0.620506 0.593222
vt 0.589244 0.532910
vt 0.610406 0.602846
vt 0.816595 0.500183
vt 0.704041 0.493628
vt 0.799912 0.583408
vt 0.680874 0.266116
vt 0.675432 0.357757
vt 0.701409 0.299774
vt 0.701409 0.299774
vt 0.734546 0.394844
vt 0.754755 0.357209
vt 0.722480 0.267366
vt 0.750376 0.144228
vt 0.702543 0.234543
vt 0.824702 0.459739
vt 0.734546 0.394844
vt 0.816595 0.500183
vt 0.722480 0.267366
vt 0.766071 0.187419
vt 0.757884 0.165824
vt 0.910684 0.671016
vt 0.953118 0.667051
vt 0.930722 0.634094
vt 0.799912 0.583408
vt 0.930722 0.634094
vt 0.816595 0.500183
vt 0.589244 0.532910
vt 0.547014 0.510978
vt 0.561882 0.541357
vt 0.766071 0.187419
vt 0.771246 0.144066
vt 0.757884 0.165824
vt 0.769044 0.132454
vt 0.757884 0.165824
vt 0.771246 0.144066
vt 0.085385 0.284219
vt 0.050700 0.342960
vt 0.085317 0.319190
vt 0.061576 0.716403
vt 0.113970 0.567515
vt 0.096048 0.732178
vt 0.013323 0.879190
vt 0.061576 0.716403
vt 0.038405 0.873794
vt 0.353360 0.628936
vt 0.297615 0.595238
vt 0.301916 0.661562
vt 0.277882 0.684503
vt 0.322267 0.851699
vt 0.280571 0.678949
vt 0.322267 0.851699
vt 0.301916 0.661562
vt 0.280571 0.678949
vt 0.028813 0.924663
vt 0.055016 0.995732
vt 0.017374 0.995414
vt 0.421715 0.169100
vt 0.371423 0.215588
vt 0.419439 0.218374
vt 0.877246 0.893669
vt 0.918425 0.857568
vt 0.875034 0.887997
vt 0.476960 0.225704
vt 0.532844 0.279090
vt 0.540867 0.225005
vt 0.870393 0.873825
vt 0.918425 0.857568
vt 0.912267 0.785369
vt 0.075003 0.581186
vt 0.026319 0.726956
vt 0.034419 0.596602
vt 0.303616 0.536163
vt 0.371111 0.581668
vt 0.371111 0.533955
vt 0.004742 0.932220
vt 0.017374 0.995414
vt 0.002388 0.995414
vt 0.004742 0.932220
vt 0.038405 0.873794
vt 0.028813 0.924663
vt 0.486320 0.646251
vt 0.509826 0.611398
vt 0.486501 0.579707
vt 0.456132 0.603919
vt 0.397321 0.691113
vt 0.457469 0.682830
vt 0.085453 0.169081
vt 0.043200 0.213516
vt 0.085452 0.218118
vt 0.513119 0.729970
vt 0.571242 0.691921
vt 0.510109 0.682698
vt 0.681407 0.464880
vt 0.580670 0.473169
vt 0.605774 0.484288
vt 0.262618 0.611056
vt 0.301916 0.661562
vt 0.297615 0.595238
vt 0.543150 0.371692
vt 0.575444 0.324941
vt 0.543149 0.332033
vt 0.528424 0.754176
vt 0.524527 0.779769
vt 0.515294 0.754176
vt 0.258847 0.619108
vt 0.280571 0.678949
vt 0.262618 0.611056
vt 0.209524 0.562775
vt 0.262618 0.611056
vt 0.214753 0.525166
vt 0.513119 0.729970
vt 0.493428 0.752260
vt 0.493908 0.765868
vt 0.447661 0.190020
vt 0.477265 0.276030
vt 0.476960 0.225704
vt 0.421715 0.169100
vt 0.447427 0.244665
vt 0.447661 0.190020
vt 0.085317 0.319190
vt 0.054637 0.362732
vt 0.085318 0.353943
vt 0.822137 0.853292
vt 0.784640 0.778932
vt 0.810766 0.839747
vt 0.581550 0.497032
vt 0.615683 0.508119
vt 0.605774 0.484288
vt 0.517114 0.759319
vt 0.537278 0.754176
vt 0.535393 0.759049
vt 0.424854 0.562669
vt 0.477763 0.511366
vt 0.423797 0.525712
vt 0.478614 0.317859
vt 0.420849 0.356413
vt 0.477764 0.363893
vt 0.214753 0.525166
vt 0.135922 0.508768
vt 0.209524 0.562775
vt 0.212636 0.168875
vt 0.136101 0.226900
vt 0.205387 0.219257
vt 0.477763 0.511366
vt 0.420849 0.356413
vt 0.423797 0.525712
vt 0.136089 0.469472
vt 0.085318 0.457057
vt 0.135922 0.508768
vt 0.136101 0.166502
vt 0.085452 0.218118
vt 0.136101 0.226900
vt 0.371914 0.955085
vt 0.332491 0.834874
vt 0.367485 0.964398
vt 0.902473 0.127187
vt 0.938214 0.251007
vt 0.960017 0.138114
vt 0.075003 0.581186
vt 0.112074 0.550030
vt 0.113970 0.567515
vt 0.362900 0.974707
vt 0.379625 0.992961
vt 0.367485 0.964398
vt 0.309225 0.347697
vt 0.371757 0.265697
vt 0.309063 0.265594
vt 0.043201 0.168649
vt 0.022596 0.212299
vt 0.043200 0.213516
vt 0.571242 0.691921
vt 0.603161 0.696471
vt 0.571989 0.657943
vt 0.902473 0.248826
vt 0.961924 0.353078
vt 0.938214 0.251007
vt 0.424854 0.562669
vt 0.371111 0.533955
vt 0.371111 0.581668
vt 0.353396 0.801686
vt 0.301916 0.661562
vt 0.332491 0.834874
vt 0.029998 0.552154
vt 0.075003 0.581186
vt 0.034419 0.596602
vt 0.309063 0.265594
vt 0.371423 0.215588
vt 0.308820 0.215588
vt 0.571245 0.722788
vt 0.603581 0.708889
vt 0.571242 0.691921
vt 0.136089 0.408546
vt 0.214415 0.514178
vt 0.209311 0.347936
vt 0.580670 0.473169
vt 0.547014 0.510978
vt 0.581550 0.497032
vt 0.362900 0.974707
vt 0.332491 0.834874
vt 0.322267 0.851699
vt 0.604174 0.308954
vt 0.663427 0.281732
vt 0.605565 0.281335
vt 0.085318 0.353943
vt 0.054193 0.388234
vt 0.085318 0.386726
vt 0.510109 0.682698
vt 0.571989 0.657943
vt 0.509826 0.611398
vt 0.308820 0.215588
vt 0.371424 0.169638
vt 0.308820 0.169638
vt 0.543150 0.371692
vt 0.580670 0.473169
vt 0.579485 0.376461
vt 0.477763 0.511366
vt 0.543150 0.371692
vt 0.477764 0.363893
vt 0.136265 0.360445
vt 0.085317 0.319190
vt 0.085318 0.353943
vt 0.136378 0.309211
vt 0.085385 0.284219
vt 0.085317 0.319190
vt 0.136089 0.408546
vt 0.085318 0.353943
vt 0.085318 0.386726
vt 0.371757 0.265697
vt 0.419439 0.218374
vt 0.371423 0.215588
vt 0.084462 0.894316
vt 0.038405 0.873794
vt 0.081710 0.851055
vt 0.085318 0.386726
vt 0.054193 0.416497
vt 0.085318 0.426084
vt 0.136095 0.279468
vt 0.212809 0.310956
vt 0.179354 0.266422
vt 0.456275 0.727867
vt 0.397321 0.691113
vt 0.398985 0.720591
vt 0.054637 0.362732
vt 0.035250 0.391300
vt 0.054193 0.388234
vt 0.004790 0.420715
vt 0.054193 0.416497
vt 0.006152 0.396017
vt 0.477764 0.363893
vt 0.543149 0.332033
vt 0.478614 0.317859
vt 0.478614 0.317859
vt 0.539567 0.305303
vt 0.477265 0.276030
vt 0.085318 0.426084
vt 0.054193 0.439688
vt 0.085318 0.457057
vt 0.043200 0.213516
vt 0.085385 0.284219
vt 0.085452 0.218118
vt 0.085452 0.218118
vt 0.136095 0.279468
vt 0.136101 0.226900
vt 0.136101 0.226900
vt 0.179354 0.266422
vt 0.205387 0.219257
vt 0.035250 0.391300
vt 0.011663 0.382551
vt 0.006152 0.396017
vt 0.303616 0.536163
vt 0.214415 0.514178
vt 0.214753 0.525166
vt 0.580758 0.953702
vt 0.562019 0.980458
vt 0.562019 0.940963
vt 0.588520 0.960527
vt 0.562019 0.998365
vt 0.562019 0.980458
vt 0.580758 0.953702
vt 0.562019 0.998365
vt 0.535518 0.960527
vt 0.543280 0.953702
vt 0.562019 0.980458
vt 0.562019 0.980458
vt 0.543280 0.953702
vt 0.562019 0.940963
vt 0.573600 0.910411
vt 0.580758 0.953702
vt 0.562019 0.940963
vt 0.578398 0.899303
vt 0.588520 0.960527
vt 0.580758 0.953702
vt 0.573600 0.910411
vt 0.535518 0.960527
vt 0.545640 0.899303
vt 0.550438 0.910411
vt 0.543280 0.953702
vt 0.543280 0.953702
vt 0.550438 0.910411
vt 0.562019 0.940963
vt 0.550438 0.910411
vt 0.573600 0.910411
vt 0.562019 0.940963
vt 0.545640 0.899303
vt 0.578398 0.899303
vt 0.573600 0.910411
vt 0.550438 0.910411
vt 0.562019 0.940963
vt 0.562019 0.980458
vt 0.580758 0.953702
vt 0.580758 0.953702
vt 0.562019 0.980458
vt 0.562019 0.998365
vt 0.588520 0.960527
vt 0.562019 0.980458
vt 0.543280 0.953702
vt 0.535518 0.960527
vt 0.562019 0.998365
vt 0.562019 0.940963
vt 0.543280 0.953702
vt 0.562019 0.980458
vt 0.562019 0.940963
vt 0.580758 0.953702
vt 0.573600 0.910411
vt 0.573600 0.910411
vt 0.580758 0.953702
vt 0.588520 0.960527
vt 0.578398 0.899303
vt 0.543280 0.953702
vt 0.550438 0.910411
vt 0.545640 0.899303
vt 0.535518 0.960527
vt 0.562019 0.940963
vt 0.550438 0.910411
vt 0.543280 0.953702
vt 0.562019 0.940963
vt 0.573600 0.910411
vt 0.550438 0.910411
vt 0.550438 0.910411
vt 0.573600 0.910411
vt 0.578398 0.899303
vt 0.545640 0.899303
f 1/1/1 2/2/2 3/3/3
f 4/4/4 5/5/5 6/6/6
f 7/7/7 8/8/8 9/9/9
f 10/10/10 11/11/11 12/12/12
f 13/13/13 14/14/14 15/15/15
f 16/16/16 17/17/17 18/18/18
f 19/19/19 20/20/20 21/21/21
f 22/22/22 23/23/23 24/24/24
f 25/25/25 26/26/26 27/27/27
f 28/28/28 29/29/29 30/30/30
f 31/31/31 32/32/32 33/33/33
f 34/34/34 35/35/35 36/36/36
f 37/37/37 38/38/38 39/39/39
f 40/40/40 41/41/41 42/42/42
f 43/43/43 44/44/44 45/45/45
f 46/46/46 47/47/47 48/48/48
f 49/49/49 50/50/50 51/51/51
f 52/52/52 53/53/53 54/54/54
f 55/55/55 56/56/56 57/57/57
f 58/58/58 59/59/59 60/60/60
f 61/61/61 62/62/62 63/63/63
f 64/64/64 65/65/65 66/66/66
f 67/67/67 68/68/68 69/69/69
f 70/70/70 71/71/71 72/72/72
f 73/73/73 74/74/74 75/75/75
f 76/76/76 77/77/77 78/78/78
f 79/79/79 80/80/80 81/81/81
f 82/82/82 83/83/83 84/84/84
f 85/85/85 86/86/86 87/87/87
f 88/88/88 89/89/89 90/90/90
f 91/91/91 92/92/92 93/93/93
f 94/94/94 95/95/95 96/96/96
f 97/97/97 98/98/98 99/99/99
f 100/100/100 101/101/101 102/102/102
f 103/103/103 104/104/104 105/105/105
f 106/106/106 107/107/107 108/108/108
f 109/109/109 110/110/110 111/111/111
f 112/112/112 113/113/113 114/114/114
f 115/115/115 116/116/116 117/117/117
f 118/118/118 119/119/119 120/120/120
f 121/121/121 122/122/122 123/123/123
f 124/124/124 125/125/125 126/126/126
f 127/127/127 128/128/128 129/129/129
f 130/130/130 131/131/131 132/132/132
f 133/133/133 134/134/134 135/135/135
f 136/136/136 137/137/137 138/138/138
f 139/139/139 140/140/140 141/141/141
f 142/142/142 143/143/143 144/144/144
f 145/145/145 146/146/146 147/147/147
f 148/148/148 149/149/149 150/150/150
f 151/151/151 152/152/152 153/153/153
f 154/154/154 155/155/155 156/156/156
f 157/157/157 158/158/158 159/159/159
f 160/160/160 161/161/161 162/162/162
f 163/163/163 164/164/164 165/165/165
f 166/166/166 167/167/167 168/168/168
f 169/169/169 170/170/170 171/171/171
f 172/172/172 173/173/173 174/174/174
f 175/175/175 176/176/176 177/177/177
f 178/178/178 179/179/179 180/180/180
f 181/181/181 182/182/182 183/183/183
f 184/184/184 185/185/185 186/186/186
f 187/187/187 188/188/188 189/189/189
f 190/190/190 191/191/191 192/192/192
f 193/193/193 194/194/194 195/195/195
f 196/196/196 197/197/197 198/198/198
f 199/199/199 200/200/200 201/201/201
f 202/202/202 203/203/203 204/204/204
f 205/205/205 206/206/206 207/207/207
f 208/208/208 209/209/209 210/210/210
f 211/211/211 212/212/212 213/213/213
f 214/214/214 215/215/215 216/216/216
f 217/217/217 218/218/218 219/219/219
f 220/220/220 221/221/221 222/222/222
f 223/223/223 224/224/224 225/225/225
f 226/226/226 227/227/227 228/228/228
f 229/229/229 230/230/230 231/231/231
f 232/232/232 233/233/233 234/234/234
f 235/235/235 236/236/236 237/237/237
f 238/238/238 239/239/239 240/240/240
f 241/241/241 242/242/242 243/243/243
f 244/244/244 245/245/245 246/246/246
f 247/247/247 248/248/248 249/249/249
f 250/250/250 251/251/251 252/252/252
f 253/253/253 254/254/254 255/255/255
f 256/256/256 257/257/257 258/258/258
f 259/259/259 260/260/260 261/261/261
f 262/262/262 263/263/263 264/264/264
f 265/265/265 266/266/266 267/267/267
f 268/268/268 269/269/269 270/270/270
f 271/271/271 272/272/272 273/273/273
f 274/274/274 275/275/275 276/276/276
f 277/277/277 278/278/278 279/279/279
f 280/280/280 281/281/281 282/282/282
f 283/283/283 284/284/284 285/285/285
f 286/286/286 287/287/287 288/288/288
f 289/289/289 290/290/290 291/291/291
f 292/292/292 293/293/293 294/294/294
f 295/295/295 296/296/296 297/297/297
f 298/298/298 299/299/299 300/300/300
f 301/301/301 302/302/302 303/303/303
f 304/304/304 305/305/305 306/306/306
f 307/307/307 308/308/308 309/309/309
f 310/310/310 311/311/311 312/312/312
f 313/313/313 314/314/314 315/315/315
f 316/316/316 317/317/317 318/318/318
f 319/319/319 320/320/320 321/321/321
f 322/322/322 323/323/323 324/324/324
f 325/325/325 326/326/326 327/327/327
f 328/328/328 329/329/329 330/330/330
f 331/331/331 332/332/332 333/333/333
f 334/334/334 335/335/335 336/336/336
f 337/337/337 338/338/338 339/339/339
f 340/340/340 341/341/341 342/342/342
f 343/343/343 344/344/344 345/345/345
f 346/346/346 347/347/347 348/348/348
f 349/349/349 350/350/350 351/351/351
f 352/352/352 353/353/353 354/354/354
f 355/355/355 356/356/356 357/357/357
f 358/358/358 359/359/359 360/360/360
f 361/361/361 362/362/362 363/363/363
f 364/364/364 365/365/365 366/366/366
f 367/367/367 368/368/368 369/369/369
f 370/370/370 371/371/371 372/372/372
f 373/373/373 374/374/374 375/375/375
f 376/376/376 377/377/377 378/378/378
f 379/379/379 380/380/380 381/381/381
f 382/382/382 383/383/383 384/384/384
f 385/385/385 386/386/386 387/387/387
f 388/388/388 389/389/389 390/390/390
f 391/391/391 392/392/392 393/393/393
f 394/394/394 395/395/395 396/396/396
f 397/397/397 398/398/398 399/399/399
f 400/400/400 401/401/401 402/402/402
f 403/403/403 404/404/404 405/405/405
f 406/406/406 407/407/407 408/408/408
f 409/409/409 410/410/410 411/411/411
f 412/412/412 413/413/413 414/414/414
f 415/415/415 416/416/416 417/417/417
f 418/418/418 419/419/419 420/420/420
f 421/421/421 422/422/422 423/423/423
f 424/424/424 425/425/425 426/426/426
f 427/427/427 428/428/428 429/429/429
f 430/430/430 431/431/431 432/432/432
f 433/433/433 434/434/434 435/435/435
f 436/436/436 437/437/437 438/438/438
f 439/439/439 440/440/440 441/441/441
f 442/442/442 443/443/443 444/444/444
f 445/445/445 446/446/446 447/447/447
f 448/448/448 449/449/449 450/450/450
f 451/451/451 452/452/452 453/453/453
f 454/454/454 455/455/455 456/456/456
f 457/457/457 458/458/458 459/459/459
f 460/460/460 461/461/461 462/462/462
f 463/463/463 464/464/464 465/465/465
f 466/466/466 467/467/467 468/468/468
f 469/469/469 470/470/470 471/471/471
f 472/472/472 473/473/473 474/474/474
f 475/475/475 476/476/476 477/477/477
f 478/478/478 479/479/479 480/480/480
f 481/481/481 482/482/482 483/483/483
f 484/484/484 485/485/485 486/486/486
f 487/487/487 488/488/488 489/489/489
f 490/490/490 491/491/491 492/492/492
f 493/493/493 494/494/494 495/495/495
f 496/496/496 497/497/497 498/498/498
f 499/499/499 500/500/500 501/501/501
f 502/502/502 503/503/503 504/504/504
f 505/505/505 506/506/506 507/507/507
f 508/508/508 509/509/509 510/510/510
f 511/511/511 512/512/512 513/513/513
f 514/514/514 515/515/515 516/516/516
f 517/517/517 518/518/518 519/519/519
f 520/520/520 521/521/521 522/522/522
f 523/523/523 524/524/524 525/525/525
f 526/526/526 527/527/527 528/528/528
f 529/529/529 530/530/530 531/531/531
f 532/532/532 533/533/533 534/534/534
f 535/535/535 536/536/536 537/537/537
f 538/538/538 539/539/539 540/540/540
f 541/541/541 542/542/542 543/543/543
f 544/544/544 545/545/545 546/546/546
f 547/547/547 548/548/548 549/549/549
f 550/550/550 551/551/551 552/552/552
f 553/553/553 554/554/554 555/555/555
f 556/556/556 557/557/557 558/558/558
f 559/559/559 560/560/560 561/561/561
f 562/562/562 563/563/563 564/564/564
f 565/565/565 566/566/566 567/567/567
f 568/568/568 569/569/569 570/570/570
f 571/571/571 572/572/572 573/573/573
f 574/574/574 575/575/575 576/576/576
f 577/577/577 578/578/578 579/579/579
f 580/580/580 581/581/581 582/582/582
f 583/583/583 584/584/584 585/585/585
f 586/586/586 587/587/587 588/588/588
f 589/589/589 590/590/590 591/591/591
f 592/592/592 593/593/593 594/594/594
f 595/595/595 596/596/596 597/597/597
f 598/598/598 599/599/599 600/600/600
f 601/601/601 602/602/602 603/603/603
f 604/604/604 605/605/605 606/606/606
f 607/607/607 608/608/608 609/609/609
f 610/610/610 611/611/611 612/612/612
f 613/613/613 614/614/614 615/615/615
f 616/616/616 617/617/617 618/618/618
f 619/619/619 620/620/620 621/621/621
f 622/622/622 623/623/623 624/624/624
f 625/625/625 626/626/626 627/627/627
f 628/628/628 629/629/629 630/630/630
f 631/631/631 632/632/632 633/633/633
f 634/634/634 635/635/635 636/636/636
f 637/637/637 638/638/638 639/639/639
f 640/640/640 641/641/641 642/642/642
f 643/643/643 644/644/644 645/645/645
f 646/646/646 647/647/647 648/648/648
f 649/649/649 650/650/650 651/651/651
f 652/652/652 653/653/653 654/654/654
f 655/655/655 656/656/656 657/657/657
f 658/658/658 659/659/659 660/660/660
f 661/661/661 662/662/662 663/663/663
f 664/664/664 665/665/665 666/666/666
f 667/667/667 668/668/668 669/669/669
f 670/670/670 671/671/671 672/672/672
f 673/673/673 674/674/674 675/675/675
f 676/676/676 677/677/677 678/678/678
f 679/679/679 680/680/680 681/681/681
f 682/682/682 683/683/683 684/684/684
f 685/685/685 686/686/686 687/687/687
f 688/688/688 689/689/689 690/690/690
f 691/691/691 692/692/692 693/693/693
f 694/694/694 695/695/695 696/696/696
f 697/697/697 698/698/698 699/699/699
f 700/700/700 701/701/701 702/702/702
f 703/703/703 704/704/704 705/705/705
f 706/706/706 707/707/707 708/708/708
f 709/709/709 710/710/710 711/711/711
f 712/712/712 713/713/713 714/714/714
f 715/715/715 716/716/716 717/717/717
f 718/718/718 719/719/719 720/720/720
f 721/721/721 722/722/722 723/723/723
f 724/724/724 725/725/725 726/726/726
f 727/727/727 728/728/728 729/729/729
f 730/730/730 731/731/731 732/732/732
f 733/733/733 734/734/734 735/735/735
f 736/736/736 737/737/737 738/738/738
f 739/739/739 740/740/740 741/741/741
f 742/742/742 743/743/743 744/744/744
f 745/745/745 746/746/746 747/747/747
f 748/748/748 749/749/749 750/750/750
f 751/751/751 752/752/752 753/753/753
f 754/754/754 755/755/755 756/756/756
f 757/757/757 758/758/758 759/759/759
f 760/760/760 761/761/761 762/762/762
f 763/763/763 764/764/764 765/765/765
f 766/766/766 767/767/767 768/768/768
f 769/769/769 770/770/770 771/771/771
f 772/772/772 773/773/773 774/774/774
f 775/775/775 776/776/776 777/777/777
f 778/778/778 779/779/779 780/780/780
f 781/781/781 782/782/782 783/783/783
f 784/784/784 785/785/785 786/786/786
f 787/787/787 788/788/788 789/789/789
f 790/790/790 791/791/791 792/792/792
f 793/793/793 794/794/794 795/795/795
f 796/796/796 797/797/797 798/798/798
f 799/799/799 800/800/800 801/801/801
f 802/802/802 803/803/803 804/804/804
f 805/805/805 806/806/806 807/807/807
f 808/808/808 809/809/809 810/810/810
f 811/811/811 812/812/812 813/813/813
f 814/814/814 815/815/815 816/816/816
f 817/817/817 818/818/818 819/819/819
f 820/820/820 821/821/821 822/822/822
f 823/823/823 824/824/824 825/825/825
f 826/826/826 827/827/827 828/828/828
f 829/829/829 830/830/830 831/831/831
f 832/832/832 833/833/833 834/834/834
f 835/835/835 836/836/836 837/837/837
f 838/838/838 839/839/839 840/840/840
f 841/841/841 842/842/842 843/843/843
f 844/844/844 845/845/845 846/846/846
f 847/847/847 848/848/848 849/849/849
f 850/850/850 851/851/851 852/852/852
f 853/853/853 854/854/854 855/855/855
f 856/856/856 857/857/857 858/858/858
f 859/859/859 860/860/860 861/861/861
f 862/862/862 863/863/863 864/864/864
f 865/865/865 866/866/866 867/867/867
f 868/868/868 869/869/869 870/870/870
f 871/871/871 872/872/872 873/873/873
f 874/874/874 875/875/875 876/876/876
f 877/877/877 878/878/878 879/879/879
f 880/880/880 881/881/881 882/882/882
f 883/883/883 884/884/884 885/885/885
f 886/886/886 887/887/887 888/888/888
f 889/889/889 890/890/890 891/891/891
f 892/892/892 893/893/893 894/894/894
f 895/895/895 896/896/896 897/897/897
f 898/898/898 899/899/899 900/900/900
f 901/901/901 902/902/902 903/903/903
f 904/904/904 905/905/905 906/906/906
f 907/907/907 908/908/908 909/909/909
f 910/910/910 911/911/911 912/912/912
f 913/913/913 914/914/914 915/915/915
f 916/916/916 917/917/917 918/918/918
f 919/919/919 920/920/920 921/921/921
f 922/922/922 923/923/923 924/924/924
f 925/925/925 926/926/926 927/927/927
f 928/928/928 929/929/929 930/930/930
f 931/931/931 932/932/932 933/933/933
f 934/934/934 935/935/935 936/936/936
f 937/937/937 938/938/938 939/939/939
f 940/940/940 941/941/941 942/942/942
f 943/943/943 944/944/944 945/945/945
f 946/946/946 947/947/947 948/948/948
f 949/949/949 950/950/950 951/951/951
f 952/952/952 953/953/953 954/954/954
f 955/955/955 956/956/956 957/957/957
f 958/958/958 959/959/959 960/960/960
f 961/961/961 962/962/962 963/963/963
f 964/964/964 965/965/965 966/966/966
f 967/967/967 968/968/968 969/969/969
f 970/970/970 971/971/971 972/972/972
f 973/973/973 974/974/974 975/975/975
f 976/976/976 977/977/977 978/978/978
f 979/979/979 980/980/980 981/981/981
f 982/982/982 983/983/983 984/984/984
f 985/985/985 986/986/986 987/987/987
f 988/988/988 989/989/989 990/990/990
f 991/991/991 992/992/992 993/993/993
f 994/994/994 995/995/995 996/996/996
f 997/997/997 998/998/998 999/999/999
f 1000/1000/1000 1001/1001/1001 1002/1002/1002
f 1003/1003/1003 1004/1004/1004 1005/1005/1005
f 1006/1006/1006 1007/1007/1007 1008/1008/1008
f 1009/1009/1009 1010/1010/1010 1011/1011/1011
f 1012/1012/1012 1013/1013/1013 1014/1014/1014
f 1015/1015/1015 1016/1016/1016 1017/1017/1017
f 1018/1018/1018 1019/1019/1019 1020/1020/1020
f 1021/1021/1021 1022/1022/1022 1023/1023/1023
f 1024/1024/1024 1025/1025/1025 1026/1026/1026
f 1027/1027/1027 1028/1028/1028 1029/1029/1029
f 1030/1030/1030 1031/1031/1031 1032/1032/1032
f 1033/1033/1033 1034/1034/1034 1035/1035/1035
f 1036/1036/1036 1037/1037/1037 1038/1038/1038
f 1039/1039/1039 1040/1040/1040 1041/1041/1041
f 1042/1042/1042 1043/1043/1043 1044/1044/1044
f 1045/1045/1045 1046/1046/1046 1047/1047/1047
f 1048/1048/1048 1049/1049/1049 1050/1050/1050
f 1051/1051/1051 1052/1052/1052 1053/1053/1053
f 1054/1054/1054 1055/1055/1055 1056/1056/1056
f 1057/1057/1057 1058/1058/1058 1059/1059/1059
f 1060/1060/1060 1061/1061/1061 1062/1062/1062
f 1063/1063/1063 1064/1064/1064 1065/1065/1065
f 1066/1066/1066 1067/1067/1067 1068/1068/1068
f 1069/1069/1069 1070/1070/1070 1071/1071/1071
f 1072/1072/1072 1073/1073/1073 1074/1074/1074
f 1075/1075/1075 1076/1076/1076 1077/1077/1077
f 1078/1078/1078 1079/1079/1079 1080/1080/1080
f 1081/1081/1081 1082/1082/1082 1083/1083/1083
f 1084/1084/1084 1085/1085/1085 1086/1086/1086
f 1087/1087/1087 1088/1088/1088 1089/1089/1089
f 1090/1090/1090 1091/1091/1091 1092/1092/1092
f 1093/1093/1093 1094/1094/1094 1095/1095/1095
f 1096/1096/1096 1097/1097/1097 1098/1098/1098
f 1099/1099/1099 1100/1100/1100 1101/1101/1101
f 1102/1102/1102 1103/1103/1103 1104/1104/1104
f 1105/1105/1105 1106/1106/1106 1107/1107/1107
f 1108/1108/1108 1109/1109/1109 1110/1110/1110
f 1111/1111/1111 1112/1112/1112 1113/1113/1113
f 1114/1114/1114 1115/1115/1115 1116/1116/1116
f 1117/1117/1117 1118/1118/1118 1119/1119/1119
f 1120/1120/1120 1121/1121/1121 1122/1122/1122
f 1123/1123/1123 1124/1124/1124 1125/1125/1125
f 1126/1126/1126 1127/1127/1127 1128/1128/1128
f 1129/1129/1129 1130/1130/1130 1131/1131/1131
f 1132/1132/1132 1133/1133/1133 1134/1134/1134
f 1135/1135/1135 1136/1136/1136 1137/1137/1137
f 1138/1138/1138 1139/1139/1139 1140/1140/1140
f 1141/1141/1141 1142/1142/1142 1143/1143/1143
f 1144/1144/1144 1145/1145/1145 1146/1146/1146
f 1147/1147/1147 1148/1148/1148 1149/1149/1149
f 1150/1150/1150 1151/1151/1151 1152/1152/1152
f 1153/1153/1153 1154/1154/1154 1155/1155/1155
f 1156/1156/1156 1157/1157/1157 1158/1158/1158
f 1159/1159/1159 1160/1160/1160 1161/1161/1161
f 1162/1162/1162 1163/1163/1163 1164/1164/1164
f 1165/1165/1165 1166/1166/1166 1167/1167/1167
f 1168/1168/1168 1169/1169/1169 1170/1170/1170
f 1171/1171/1171 1172/1172/1172 1173/1173/1173
f 1174/1174/1174 1175/1175/1175 1176/1176/1176
f 1177/1177/1177 1178/1178/1178 1179/1179/1179
f 1180/1180/1180 1181/1181/1181 1182/1182/1182
f 1183/1183/1183 1184/1184/1184 1185/1185/1185
f 1186/1186/1186 1187/1187/1187 1188/1188/1188
f 1189/1189/1189 1190/1190/1190 1191/1191/1191
f 1192/1192/1192 1193/1193/1193 1194/1194/1194
f 1195/1195/1195 1196/1196/1196 1197/1197/1197
f 1198/1198/1198 1199/1199/1199 1200/1200/1200
f 1201/1201/1201 1202/1202/1202 1203/1203/1203
f 1204/1204/1204 1205/1205/1205 1206/1206/1206
f 1207/1207/1207 1208/1208/1208 1209/1209/1209
f 1210/1210/1210 1211/1211/1211 1212/1212/1212
f 1213/1213/1213 1214/1214/1214 1215/1215/1215
f 1216/1216/1216 1217/1217/1217 1218/1218/1218
f 1219/1219/1219 1220/1220/1220 1221/1221/1221
f 1222/1222/1222 1223/1223/1223 1224/1224/1224
f 1225/1225/1225 1226/1226/1226 1227/1227/1227
f 1228/1228/1228 1229/1229/1229 1230/1230/1230
f 1231/1231/1231 1232/1232/1232 1233/1233/1233
f 1234/1234/1234 1235/1235/1235 1236/1236/1236
f 1237/1237/1237 1238/1238/1238 1239/1239/1239
f 1240/1240/1240 1241/1241/1241 1242/1242/1242
f 1243/1243/1243 1244/1244/1244 1245/1245/1245
f 1246/1246/1246 1247/1247/1247 1248/1248/1248
f 1249/1249/1249 1250/1250/1250 1251/1251/1251
f 1252/1252/1252 1253/1253/1253 1254/1254/1254
f 1255/1255/1255 1256/1256/1256 1257/1257/1257
f 1258/1258/1258 1259/1259/1259 1260/1260/1260
f 1261/1261/1261 1262/1262/1262 1263/1263/1263
f 1264/1264/1264 1265/1265/1265 1266/1266/1266
f 1267/1267/1267 1268/1268/1268 1269/1269/1269
f 1270/1270/1270 1271/1271/1271 1272/1272/1272
f 1273/1273/1273 1274/1274/1274 1275/1275/1275
f 1276/1276/1276 1277/1277/1277 1278/1278/1278
f 1279/1279/1279 1280/1280/1280 1281/1281/1281
f 1282/1282/1282 1283/1283/1283 1284/1284/1284
f 1285/1285/1285 1286/1286/1286 1287/1287/1287
f 1288/1288/1288 1289/1289/1289 1290/1290/1290
f 1291/1291/1291 1292/1292/1292 1293/1293/1293
f 1294/1294/1294 1295/1295/1295 1296/1296/1296
f 1297/1297/1297 1298/1298/1298 1299/1299/1299
f 1300/1300/1300 1301/1301/1301 1302/1302/1302
f 1303/1303/1303 1304/1304/1304 1305/1305/1305
f 1306/1306/1306 1307/1307/1307 1308/1308/1308
f 1309/1309/1309 1310/1310/1310 1311/1311/1311
f 1312/1312/1312 1313/1313/1313 1314/1314/1314
f 1315/1315/1315 1316/1316/1316 1317/1317/1317
f 1318/1318/1318 1319/1319/1319 1320/1320/1320
f 1321/1321/1321 1322/1322/1322 1323/1323/1323
f 1324/1324/1324 1325/1325/1325 1326/1326/1326
f 1327/1327/1327 1328/1328/1328 1329/1329/1329
f 1330/1330/1330 1331/1331/1331 1332/1332/1332
f 1333/1333/1333 1334/1334/1334 1335/1335/1335
f 1336/1336/1336 1337/1337/1337 1338/1338/1338
f 1339/1339/1339 1340/1340/1340 1341/1341/1341
f 1342/1342/1342 1343/1343/1343 1344/1344/1344
f 1345/1345/1345 1346/1346/1346 1347/1347/1347
f 1348/1348/1348 1349/1349/1349 1350/1350/1350
f 1351/1351/1351 1352/1352/1352 1353/1353/1353
f 1354/1354/1354 1355/1355/1355 1356/1356/1356
f 1357/1357/1357 1358/1358/1358 1359/1359/1359
f 1360/1360/1360 1361/1361/1361 1362/1362/1362
f 1363/1363/1363 1364/1364/1364 1365/1365/1365
f 1366/1366/1366 1367/1367/1367 1368/1368/1368
f 1369/1369/1369 1370/1370/1370 1371/1371/1371
f 1372/1372/1372 1373/1373/1373 1374/1374/1374
f 1375/1375/1375 1376/1376/1376 1377/1377/1377
f 1378/1378/1378 1379/1379/1379 1380/1380/1380
f 1381/1381/1381 1382/1382/1382 1383/1383/1383
f 1384/1384/1384 1385/1385/1385 1386/1386/1386
f 1387/1387/1387 1388/1388/1388 1389/1389/1389
f 1390/1390/1390 1391/1391/1391 1392/1392/1392
f 1393/1393/1393 1394/1394/1394 1395/1395/1395
f 1396/1396/1396 1397/1397/1397 1398/1398/1398
f 1399/1399/1399 1400/1400/1400 1401/1401/1401
f 1402/1402/1402 1403/1403/1403 1404/1404/1404
f 1405/1405/1405 1406/1406/1406 1407/1407/1407
f 1408/1408/1408 1409/1409/1409 1410/1410/1410
f 1411/1411/1411 1412/1412/1412 1413/1413/1413
f 1414/1414/1414 1415/1415/1415 1416/1416/1416
f 1417/1417/1417 1418/1418/1418 1419/1419/1419
f 1420/1420/1420 1421/1421/1421 1422/1422/1422
f 1423/1423/1423 1424/1424/1424 1425/1425/1425
f 1426/1426/1426 1427/1427/1427 1428/1428/1428
f 1429/1429/1429 1430/1430/1430 1431/1431/1431
f 1432/1432/1432 1433/1433/1433 1434/1434/1434
f 1435/1435/1435 1436/1436/1436 1437/1437/1437
f 1438/1438/1438 1439/1439/1439 1440/1440/1440
f 1441/1441/1441 1442/1442/1442 1443/1443/1443
f 1444/1444/1444 1445/1445/1445 1446/1446/1446
f 1447/1447/1447 1448/1448/1448 1449/1449/1449
f 1450/1450/1450 1451/1451/1451 1452/1452/1452
f 1453/1453/1453 1454/1454/1454 1455/1455/1455
f 1456/1456/1456 1457/1457/1457 1458/1458/1458
f 1459/1459/1459 1460/1460/1460 1461/1461/1461
f 1462/1462/1462 1463/1463/1463 1464/1464/1464
f 1465/1465/1465 1466/1466/1466 1467/1467/1467
f 1468/1468/1468 1469/1469/1469 1470/1470/1470
f 1471/1471/1471 1472/1472/1472 1473/1473/1473
f 1474/1474/1474 1475/1475/1475 1476/1476/1476
f 1477/1477/1477 1478/1478/1478 1479/1479/1479
f 1480/1480/1480 1481/1481/1481 1482/1482/1482
f 1483/1483/1483 1484/1484/1484 1485/1485/1485
f 1486/1486/1486 1487/1487/1487 1488/1488/1488
f 1489/1489/1489 1490/1490/1490 1491/1491/1491
f 1492/1492/1492 1493/1493/1493 1494/1494/1494
f 1495/1495/1495 1496/1496/1496 1497/1497/1497
f 1498/1498/1498 1499/1499/1499 1500/1500/1500
f 1501/1501/1501 1502/1502/1502 1503/1503/1503
f 1504/1504/1504 1505/1505/1505 1506/1506/1506
f 1507/1507/1507 1508/1508/1508 1509/1509/1509
f 1510/1510/1510 1511/1511/1511 1512/1512/1512
f 1513/1513/1513 1514/1514/1514 1515/1515/1515
f 1516/1516/1516 1517/1517/1517 1518/1518/1518
f 1519/1519/1519 1520/1520/1520 1521/1521/1521
f 1522/1522/1522 1523/1523/1523 1524/1524/1524
f 1525/1525/1525 1526/1526/1526 1527/1527/1527
f 1528/1528/1528 1529/1529/1529 1530/1530/1530
f 1531/1531/1531 1532/1532/1532 1533/1533/1533
f 1534/1534/1534 1535/1535/1535 1536/1536/1536
f 1537/1537/1537 1538/1538/1538 1539/1539/1539
f 1540/1540/1540 1541/1541/1541 1542/1542/1542
f 1543/1543/1543 1544/1544/1544 1545/1545/1545
f 1546/1546/1546 1547/1547/1547 1548/1548/1548
f 1549/1549/1549 1550/1550/1550 1551/1551/1551
f 1552/1552/1552 1553/1553/1553 1554/1554/1554
f 1555/1555/1555 1556/1556/1556 1557/1557/1557
f 1558/1558/1558 1559/1559/1559 1560/1560/1560
f 1561/1561/1561 1562/1562/1562 1563/1563/1563
f 1564/1564/1564 1565/1565/1565 1566/1566/1566
f 1567/1567/1567 1568/1568/1568 1569/1569/1569
f 1570/1570/1570 1571/1571/1571 1572/1572/1572
f 1573/1573/1573 1574/1574/1574 1575/1575/1575
f 1576/1576/1576 1577/1577/1577 1578/1578/1578
f 1579/1579/1579 1580/1580/1580 1581/1581/1581
f 1582/1582/1582 1583/1583/1583 1584/1584/1584
f 1585/1585/1585 1586/1586/1586 1587/1587/1587
f 1588/1588/1588 1589/1589/1589 1590/1590/1590
f 1591/1591/1591 1592/1592/1592 1593/1593/1593
f 1594/1594/1594 1595/1595/1595 1596/1596/1596
f 1597/1597/1597 1598/1598/1598 1599/1599/1599
f 1600/1600/1600 1601/1601/1601 1602/1602/1602
f 1603/1603/1603 1604/1604/1604 1605/1605/1605
f 1606/1606/1606 1607/1607/1607 1608/1608/1608
f 1609/1609/1609 1610/1610/1610 1611/1611/1611
f 1612/1612/1612 1613/1613/1613 1614/1614/1614
f 1615/1615/1615 1616/1616/1616 1617/1617/1617
f 1618/1618/1618 1619/1619/1619 1620/1620/1620
f 1621/1621/1621 1622/1622/1622 1623/1623/1623
f 1624/1624/1624 1625/1625/1625 1626/1626/1626
f 1627/1627/1627 1628/1628/1628 1629/1629/1629
f 1630/1630/1630 1631/1631/1631 1632/1632/1632
f 1633/1633/1633 1634/1634/1634 1635/1635/1635
f 1636/1636/1636 1637/1637/1637 1638/1638/1638
f 1639/1639/1639 1640/1640/1640 1641/1641/1641
f 1642/1642/1642 1643/1643/1643 1644/1644/1644
f 1645/1645/1645 1646/1646/1646 1647/1647/1647
f 1648/1648/1648 1649/1649/1649 1650/1650/1650
f 1651/1651/1651 1652/1652/1652 1653/1653/1653
f 1654/1654/1654 1655/1655/1655 1656/1656/1656
f 1657/1657/1657 1658/1658/1658 1659/1659/1659
f 1660/1660/1660 1661/1661/1661 1662/1662/1662
f 1663/1663/1663 1664/1664/1664 1665/1665/1665
f 1666/1666/1666 1667/1667/1667 1668/1668/1668
f 1669/1669/1669 1670/1670/1670 1671/1671/1671
f 1672/1672/1672 1673/1673/1673 1674/1674/1674
f 1675/1675/1675 1676/1676/1676 1677/1677/1677
f 1678/1678/1678 1679/1679/1679 1680/1680/1680
f 1681/1681/1681 1682/1682/1682 1683/1683/1683
f 1684/1684/1684 1685/1685/1685 1686/1686/1686
f 1687/1687/1687 1688/1688/1688 1689/1689/1689
f 1690/1690/1690 1691/1691/1691 1692/1692/1692
f 1693/1693/1693 1694/1694/1694 1695/1695/1695
f 1696/1696/1696 1697/1697/1697 1698/1698/1698
f 1699/1699/1699 1700/1700/1700 1701/1701/1701
f 1702/1702/1702 1703/1703/1703 1704/1704/1704
f 1705/1705/1705 1706/1706/1706 1707/1707/1707
f 1708/1708/1708 1709/1709/1709 1710/1710/1710
f 1711/1711/1711 1712/1712/1712 1713/1713/1713
f 1714/1714/1714 1715/1715/1715 1716/1716/1716
f 1717/1717/1717 1718/1718/1718 1719/1719/1719
f 1720/1720/1720 1721/1721/1721 1722/1722/1722
f 1723/1723/1723 1724/1724/1724 1725/1725/1725
f 1726/1726/1726 1727/1727/1727 1728/1728/1728
f 1729/1729/1729 1730/1730/1730 1731/1731/1731
f 1732/1732/1732 1733/1733/1733 1734/1734/1734
f 1735/1735/1735 1736/1736/1736 1737/1737/1737
f 1738/1738/1738 1739/1739/1739 1740/1740/1740
f 1741/1741/1741 1742/1742/1742 1743/1743/1743
f 1744/1744/1744 1745/1745/1745 1746/1746/1746
f 1747/1747/1747 1748/1748/1748 1749/1749/1749
f 1750/1750/1750 1751/1751/1751 1752/1752/1752
f 1753/1753/1753 1754/1754/1754 1755/1755/1755
f 1756/1756/1756 1757/1757/1757 1758/1758/1758
f 1759/1759/1759 1760/1760/1760 1761/1761/1761
f 1762/1762/1762 1763/1763/1763 1764/1764/1764
f 1765/1765/1765 1766/1766/1766 1767/1767/1767
f 1768/1768/1768 1769/1769/1769 1770/1770/1770
f 1771/1771/1771 1772/1772/1772 1773/1773/1773
f 1774/1774/1774 1775/1775/1775 1776/1776/1776
f 1777/1777/1777 1778/1778/1778 1779/1779/1779
f 1780/1780/1780 1781/1781/1781 1782/1782/1782
f 1783/1783/1783 1784/1784/1784 1785/1785/1785
f 1786/1786/1786 1787/1787/1787 1788/1788/1788
f 1789/1789/1789 1790/1790/1790 1791/1791/1791
f 1792/1792/1792 1793/1793/1793 1794/1794/1794
f 1795/1795/1795 1796/1796/1796 1797/1797/1797
f 1798/1798/1798 1799/1799/1799 1800/1800/1800
f 1801/1801/1801 1802/1802/1802 1803/1803/1803
f 1804/1804/1804 1805/1805/1805 1806/1806/1806
f 1807/1807/1807 1808/1808/1808 1809/1809/1809
f 1810/1810/1810 1811/1811/1811 1812/1812/1812
f 1813/1813/1813 1814/1814/1814 1815/1815/1815
f 1816/1816/1816 1817/1817/1817 1818/1818/1818
f 1819/1819/1819 1820/1820/1820 1821/1821/1821
f 1822/1822/1822 1823/1823/1823 1824/1824/1824
f 1825/1825/1825 1826/1826/1826 1827/1827/1827
f 1828/1828/1828 1829/1829/1829 1830/1830/1830
f 1831/1831/1831 1832/1832/1832 1833/1833/1833
f 1834/1834/1834 1835/1835/1835 1836/1836/1836
f 1837/1837/1837 1838/1838/1838 1839/1839/1839
f 1840/1840/1840 1841/1841/1841 1842/1842/1842
f 1843/1843/1843 1844/1844/1844 1845/1845/1845
f 1846/1846/1846 1847/1847/1847 1848/1848/1848
f 1849/1849/1849 1850/1850/1850 1851/1851/1851
f 1852/1852/1852 1853/1853/1853 1854/1854/1854
f 1855/1855/1855 1856/1856/1856 1857/1857/1857
f 1858/1858/1858 1859/1859/1859 1860/1860/1860
f 1861/1861/1861 1862/1862/1862 1863/1863/1863
f 1864/1864/1864 1865/1865/1865 1866/1866/1866
f 1867/1867/1867 1868/1868/1868 1869/1869/1869
f 1870/1870/1870 1871/1871/1871 1872/1872/1872
f 1873/1873/1873 1874/1874/1874 1875/1875/1875
f 1876/1876/1876 1877/1877/1877 1878/1878/1878
f 1879/1879/1879 1880/1880/1880 1881/1881/1881
f 1882/1882/1882 1883/1883/1883 1884/1884/1884
f 1885/1885/1885 1886/1886/1886 1887/1887/1887
f 1888/1888/1888 1889/1889/1889 1890/1890/1890
f 1891/1891/1891 1892/1892/1892 1893/1893/1893
f 1894/1894/1894 1895/1895/1895 1896/1896/1896
f 1897/1897/1897 1898/1898/1898 1899/1899/1899
f 1900/1900/1900 1901/1901/1901 1902/1902/1902
f 1903/1903/1903 1904/1904/1904 1905/1905/1905
f 1906/1906/1906 1907/1907/1907 1908/1908/1908
f 1909/1909/1909 1910/1910/1910 1911/1911/1911
f 1912/1912/1912 1913/1913/1913 1914/1914/1914
f 1915/1915/1915 1916/1916/1916 1917/1917/1917
f 1918/1918/1918 1919/1919/1919 1920/1920/1920
f 1921/1921/1921 1922/1922/1922 1923/1923/1923
f 1924/1924/1924 1925/1925/1925 1926/1926/1926
f 1927/1927/1927 1928/1928/1928 1929/1929/1929
f 1930/1930/1930 1931/1931/1931 1932/1932/1932
f 1933/1933/1933 1934/1934/1934 1935/1935/1935
f 1936/1936/1936 1937/1937/1937 1938/1938/1938
f 1939/1939/1939 1940/1940/1940 1941/1941/1941
f 1942/1942/1942 1943/1943/1943 1944/1944/1944
f 1945/1945/1945 1946/1946/1946 1947/1947/1947
f 1948/1948/1948 1949/1949/1949 1950/1950/1950
f 1951/1951/1951 1952/1952/1952 1953/1953/1953
f 1954/1954/1954 1955/1955/1955 1956/1956/1956
f 1957/1957/1957 1958/1958/1958 1959/1959/1959
f 1960/1960/1960 1961/1961/1961 1962/1962/1962
f 1963/1963/1963 1964/1964/1964 1965/1965/1965
f 1966/1966/1966 1967/1967/1967 1968/1968/1968
f 1969/1969/1969 1970/1970/1970 1971/1971/1971
f 1972/1972/1972 1973/1973/1973 1974/1974/1974
f 1975/1975/1975 1976/1976/1976 1977/1977/1977
f 1978/1978/1978 1979/1979/1979 1980/1980/1980
f 1981/1981/1981 1982/1982/1982 1983/1983/1983
f 1984/1984/1984 1985/1985/1985 1986/1986/1986
f 1987/1987/1987 1988/1988/1988 1989/1989/1989
f 1990/1990/1990 1991/1991/1991 1992/1992/1992
f 1993/1993/1993 1994/1994/1994 1995/1995/1995
f 1996/1996/1996 1997/1997/1997 1998/1998/1998
f 1999/1999/1999 2000/2000/2000 2001/2001/2001
f 2002/2002/2002 2003/2003/2003 2004/2004/2004
f 2005/2005/2005 2006/2006/2006 2007/2007/2007
f 2008/2008/2008 2009/2009/2009 2010/2010/2010
f 2011/2011/2011 2012/2012/2012 2013/2013/2013
f 2014/2014/2014 2015/2015/2015 2016/2016/2016
f 2017/2017/2017 2018/2018/2018 2019/2019/2019
f 2020/2020/2020 2021/2021/2021 2022/2022/2022
f 2023/2023/2023 2024/2024/2024 2025/2025/2025
f 2026/2026/2026 2027/2027/2027 2028/2028/2028
f 2029/2029/2029 2030/2030/2030 2031/2031/2031
f 2032/2032/2032 2033/2033/2033 2034/2034/2034
f 2035/2035/2035 2036/2036/2036 2037/2037/2037
f 2038/2038/2038 2039/2039/2039 2040/2040/2040
f 2041/2041/2041 2042/2042/2042 2043/2043/2043
f 2044/2044/2044 2045/2045/2045 2046/2046/2046
f 2047/2047/2047 2048/2048/2048 2049/2049/2049
f 2050/2050/2050 2051/2051/2051 2052/2052/2052
f 2053/2053/2053 2054/2054/2054 2055/2055/2055
f 2056/2056/2056 2057/2057/2057 2058/2058/2058
f 2059/2059/2059 2060/2060/2060 2061/2061/2061
f 2062/2062/2062 2063/2063/2063 2064/2064/2064
f 2065/2065/2065 2066/2066/2066 2067/2067/2067
f 2068/2068/2068 2069/2069/2069 2070/2070/2070
f 2071/2071/2071 2072/2072/2072 2073/2073/2073
f 2074/2074/2074 2075/2075/2075 2076/2076/2076
f 2077/2077/2077 2078/2078/2078 2079/2079/2079
f 2080/2080/2080 2081/2081/2081 2082/2082/2082
f 2083/2083/2083 2084/2084/2084 2085/2085/2085
f 2086/2086/2086 2087/2087/2087 2088/2088/2088
f 2089/2089/2089 2090/2090/2090 2091/2091/2091
f 2092/2092/2092 2093/2093/2093 2094/2094/2094
f 2095/2095/2095 2096/2096/2096 2097/2097/2097
f 2098/2098/2098 2099/2099/2099 2100/2100/2100
f 2101/2101/2101 2102/2102/2102 2103/2103/2103
f 2104/2104/2104 2105/2105/2105 2106/2106/2106
f 2107/2107/2107 2108/2108/2108 2109/2109/2109
f 2110/2110/2110 2111/2111/2111 2112/2112/2112
f 2113/2113/2113 2114/2114/2114 2115/2115/2115
f 2116/2116/2116 2117/2117/2117 2118/2118/2118
f 2119/2119/2119 2120/2120/2120 2121/2121/2121
f 2122/2122/2122 2123/2123/2123 2124/2124/2124
f 2125/2125/2125 2126/2126/2126 2127/2127/2127
f 2128/2128/2128 2129/2129/2129 2130/2130/2130
f 2131/2131/2131 2132/2132/2132 2133/2133/2133
f 2134/2134/2134 2135/2135/2135 2136/2136/2136
f 2137/2137/2137 2138/2138/2138 2139/2139/2139
f 2140/2140/2140 2141/2141/2141 2142/2142/2142
f 2143/2143/2143 2144/2144/2144 2145/2145/2145
f 2146/2146/2146 2147/2147/2147 2148/2148/2148
f 2149/2149/2149 2150/2150/2150 2151/2151/2151
f 2152/2152/2152 2153/2153/2153 2154/2154/2154
f 2155/2155/2155 2156/2156/2156 2157/2157/2157
f 2158/2158/2158 2159/2159/2159 2160/2160/2160
f 2161/2161/2161 2162/2162/2162 2163/2163/2163
f 2164/2164/2164 2165/2165/2165 2166/2166/2166
f 2167/2167/2167 2168/2168/2168 2169/2169/2169
f 2170/2170/2170 2171/2171/2171 2172/2172/2172
f 2173/2173/2173 2174/2174/2174 2175/2175/2175
f 2176/2176/2176 2177/2177/2177 2178/2178/2178
f 2179/2179/2179 2180/2180/2180 2181/2181/2181
f 2182/2182/2182 2183/2183/2183 2184/2184/2184
f 2185/2185/2185 2186/2186/2186 2187/2187/2187
f 2188/2188/2188 2189/2189/2189 2190/2190/2190
f 2191/2191/2191 2192/2192/2192 2193/2193/2193
f 2194/2194/2194 2195/2195/2195 2196/2196/2196
f 2197/2197/2197 2198/2198/2198 2199/2199/2199
f 2200/2200/2200 2201/2201/2201 2202/2202/2202
f 2203/2203/2203 2204/2204/2204 2205/2205/2205
f 2206/2206/2206 2207/2207/2207 2208/2208/2208
f 2209/2209/2209 2210/2210/2210 2211/2211/2211
f 2212/2212/2212 2213/2213/2213 2214/2214/2214
f 2215/2215/2215 2216/2216/2216 2217/2217/2217
f 2218/2218/2218 2219/2219/2219 2220/2220/2220
f 2221/2221/2221 2222/2222/2222 2223/2223/2223
f 2224/2224/2224 2225/2225/2225 2226/2226/2226
f 2227/2227/2227 2228/2228/2228 2229/2229/2229
f 2230/2230/2230 2231/2231/2231 2232/2232/2232
f 2233/2233/2233 2234/2234/2234 2235/2235/2235
f 2236/2236/2236 2237/2237/2237 2238/2238/2238
f 2239/2239/2239 2240/2240/2240 2241/2241/2241
f 2242/2242/2242 2243/2243/2243 2244/2244/2244
f 2245/2245/2245 2246/2246/2246 2247/2247/2247
f 2248/2248/2248 2249/2249/2249 2250/2250/2250
f 2251/2251/2251 2252/2252/2252 2253/2253/2253
f 2254/2254/2254 2255/2255/2255 2256/2256/2256
f 2257/2257/2257 2258/2258/2258 2259/2259/2259
f 2260/2260/2260 2261/2261/2261 2262/2262/2262
f 2263/2263/2263 2264/2264/2264 2265/2265/2265
f 2266/2266/2266 2267/2267/2267 2268/2268/2268
f 2269/2269/2269 2270/2270/2270 2271/2271/2271
f 2272/2272/2272 2273/2273/2273 2274/2274/2274
f 2275/2275/2275 2276/2276/2276 2277/2277/2277
f 2278/2278/2278 2279/2279/2279 2280/2280/2280
f 2281/2281/2281 2282/2282/2282 2283/2283/2283
f 2284/2284/2284 2285/2285/2285 2286/2286/2286
f 2287/2287/2287 2288/2288/2288 2289/2289/2289
f 2290/2290/2290 2291/2291/2291 2292/2292/2292
f 2293/2293/2293 2294/2294/2294 2295/2295/2295
f 2296/2296/2296 2297/2297/2297 2298/2298/2298
f 2299/2299/2299 2300/2300/2300 2301/2301/2301
f 2302/2302/2302 2303/2303/2303 2304/2304/2304
f 2305/2305/2305 2306/2306/2306 2307/2307/2307
f 2308/2308/2308 2309/2309/2309 2310/2310/2310
f 2311/2311/2311 2312/2312/2312 2313/2313/2313
f 2314/2314/2314 2315/2315/2315 2316/2316/2316
f 2317/2317/2317 2318/2318/2318 2319/2319/2319
f 2320/2320/2320 2321/2321/2321 2322/2322/2322
f 2323/2323/2323 2324/2324/2324 2325/2325/2325
f 2326/2326/2326 2327/2327/2327 2328/2328/2328
f 2329/2329/2329 2330/2330/2330 2331/2331/2331
f 2332/2332/2332 2333/2333/2333 2334/2334/2334
f 2335/2335/2335 2336/2336/2336 2337/2337/2337
f 2338/2338/2338 2339/2339/2339 2340/2340/2340
f 2341/2341/2341 2342/2342/2342 2343/2343/2343
f 2344/2344/2344 2345/2345/2345 2346/2346/2346
f 2347/2347/2347 2348/2348/2348 2349/2349/2349
f 2350/2350/2350 2351/2351/2351 2352/2352/2352
f 2353/2353/2353 2354/2354/2354 2355/2355/2355
f 2356/2356/2356 2357/2357/2357 2358/2358/2358
f 2359/2359/2359 2360/2360/2360 2361/2361/2361
f 2362/2362/2362 2363/2363/2363 2364/2364/2364
f 2365/2365/2365 2366/2366/2366 2367/2367/2367
f 2368/2368/2368 2369/2369/2369 2370/2370/2370
f 2371/2371/2371 2372/2372/2372 2373/2373/2373
f 2374/2374/2374 2375/2375/2375 2376/2376/2376
f 2377/2377/2377 2378/2378/2378 2379/2379/2379
f 2380/2380/2380 2381/2381/2381 2382/2382/2382
f 2383/2383/2383 2384/2384/2384 2385/2385/2385
f 2386/2386/2386 2387/2387/2387 2388/2388/2388
f 2386/2386/2386 2388/2388/2388 2389/2389/2389
f 2390/2390/2390 2391/2391/2391 2392/2392/2392
f 2390/2390/2390 2392/2392/2392 2393/2393/2393
f 2394/2394/2394 2395/2395/2395 2396/2396/2396
f 2397/2397/2397 2398/2398/2398 2399/2399/2399
f 2400/2400/2400 2401/2401/2401 2402/2402/2402
f 2400/2400/2400 2402/2402/2402 2403/2403/2403
f 2404/2404/2404 2405/2405/2405 2406/2406/2406
f 2404/2404/2404 2406/2406/2406 2407/2407/2407
f 2408/2408/2408 2409/2409/2409 2410/2410/2410
f 2411/2411/2411 2412/2412/2412 2413/2413/2413
f 2414/2414/2414 2415/2415/2415 2416/2416/2416
f 2414/2414/2414 2416/2416/2416 2417/2417/2417
f 2418/2418/2418 2419/2419/2419 2420/2420/2420
f 2421/2421/2421 2422/2422/2422 2423/2423/2423
f 2421/2421/2421 2423/2423/2423 2424/2424/2424
f 2425/2425/2425 2426/2426/2426 2427/2427/2427
f 2425/2425/2425 2427/2427/2427 2428/2428/2428
f 2429/2429/2429 2430/2430/2430 2431/2431/2431
f 2432/2432/2432 2433/2433/2433 2434/2434/2434
f 2435/2435/2435 2436/2436/2436 2437/2437/2437
f 2435/2435/2435 2437/2437/2437 2438/2438/2438
f 2439/2439/2439 2440/2440/2440 2441/2441/2441
f 2439/2439/2439 2441/2441/2441 2442/2442/2442
f 2443/2443/2443 2444/2444/2444 2445/2445/2445
f 2446/2446/2446 2447/2447/2447 2448/2448/2448
f 2449/2449/2449 2450/2450/2450 2451/2451/2451
f 2449/2449/2449 2451/2451/2451 2452/2452/2452